<?xml version="1.0" encoding="UTF-8" standalone="no"?>
<!DOCTYPE log SYSTEM "logger.dtd">
<log>
<record>
  <date>2025-07-10T08:23:32.042308400Z</date>
  <millis>1752135812042</millis>
  <nanos>308400</nanos>
  <sequence>0</sequence>
  <level>START</level>
  <class>com.kms.katalon.core.logging.XmlKeywordLogger</class>
  <method>startSuite</method>
  <thread>1</thread>
  <message>Start Test Suite : Test Suites/Indicator/Indicator reporting days</message>
  <nestedLevel>0</nestedLevel>
  <escapedJava>false</escapedJava>
  <property name="rerunTestFailImmediately">true</property>
  <property name="retryCount">3</property>
  <property name="name">Indicator reporting days</property>
  <property name="description"></property>
  <property name="id">Test Suites/Indicator/Indicator reporting days</property>
</record>
<record>
  <date>2025-07-10T08:23:32.087999100Z</date>
  <millis>1752135812087</millis>
  <nanos>999100</nanos>
  <sequence>1</sequence>
  <level>RUN_DATA</level>
  <class>com.kms.katalon.core.logging.XmlKeywordLogger</class>
  <method>logMessage</method>
  <thread>1</thread>
  <message>userFullName = Santhosh Nidamanuri</message>
  <nestedLevel>0</nestedLevel>
  <escapedJava>false</escapedJava>
  <property name="userFullName">Santhosh Nidamanuri</property>
</record>
<record>
  <date>2025-07-10T08:23:32.087999100Z</date>
  <millis>1752135812087</millis>
  <nanos>999100</nanos>
  <sequence>2</sequence>
  <level>RUN_DATA</level>
  <class>com.kms.katalon.core.logging.XmlKeywordLogger</class>
  <method>logMessage</method>
  <thread>1</thread>
  <message>projectName = RegressionSuite</message>
  <nestedLevel>0</nestedLevel>
  <escapedJava>false</escapedJava>
  <property name="projectName">RegressionSuite</property>
</record>
<record>
  <date>2025-07-10T08:23:32.087999100Z</date>
  <millis>1752135812087</millis>
  <nanos>999100</nanos>
  <sequence>3</sequence>
  <level>RUN_DATA</level>
  <class>com.kms.katalon.core.logging.XmlKeywordLogger</class>
  <method>logMessage</method>
  <thread>1</thread>
  <message>hostName = santh - Santhosh</message>
  <nestedLevel>0</nestedLevel>
  <escapedJava>false</escapedJava>
  <property name="hostName">santh - Santhosh</property>
</record>
<record>
  <date>2025-07-10T08:23:32.087999100Z</date>
  <millis>1752135812087</millis>
  <nanos>999100</nanos>
  <sequence>4</sequence>
  <level>RUN_DATA</level>
  <class>com.kms.katalon.core.logging.XmlKeywordLogger</class>
  <method>logMessage</method>
  <thread>1</thread>
  <message>os = Windows 11 64bit</message>
  <nestedLevel>0</nestedLevel>
  <escapedJava>false</escapedJava>
  <property name="os">Windows 11 64bit</property>
</record>
<record>
  <date>2025-07-10T08:23:32.087999100Z</date>
  <millis>1752135812087</millis>
  <nanos>999100</nanos>
  <sequence>5</sequence>
  <level>RUN_DATA</level>
  <class>com.kms.katalon.core.logging.XmlKeywordLogger</class>
  <method>logMessage</method>
  <thread>1</thread>
  <message>hostAddress = 192.168.29.136</message>
  <nestedLevel>0</nestedLevel>
  <escapedJava>false</escapedJava>
  <property name="hostAddress">192.168.29.136</property>
</record>
<record>
  <date>2025-07-10T08:23:32.091195Z</date>
  <millis>1752135812091</millis>
  <nanos>195000</nanos>
  <sequence>6</sequence>
  <level>RUN_DATA</level>
  <class>com.kms.katalon.core.logging.XmlKeywordLogger</class>
  <method>logMessage</method>
  <thread>1</thread>
  <message>katalonVersion = 10.2.3.0</message>
  <nestedLevel>0</nestedLevel>
  <escapedJava>false</escapedJava>
  <property name="katalonVersion">10.2.3.0</property>
</record>
<record>
  <date>2025-07-10T08:23:32.857774400Z</date>
  <millis>1752135812857</millis>
  <nanos>774400</nanos>
  <sequence>7</sequence>
  <level>START</level>
  <class>com.kms.katalon.core.logging.XmlKeywordLogger</class>
  <method>startTest</method>
  <thread>1</thread>
  <message>Start Test Case : Test Cases/Indicator Current Date-1, 1 response interval and 1 reporting days</message>
  <nestedLevel>1</nestedLevel>
  <escapedJava>false</escapedJava>
  <property name="remainingRetryCount">3</property>
  <property name="name">Test Cases/Indicator Current Date-1, 1 response interval and 1 reporting days</property>
  <property name="description"></property>
  <property name="iteration"></property>
  <property name="id">Test Cases/Indicator Current Date-1, 1 response interval and 1 reporting days</property>
  <property name="source">C:\Users\santh\git\RegressionSuite\Test Cases\Indicator Current Date-1, 1 response interval and 1 reporting days.tc</property>
  <property name="tag"></property>
  <property name="isOptional">false</property>
  <property name="currentRetryCount">0</property>
</record>
<record>
  <date>2025-07-10T08:23:33.462357300Z</date>
  <millis>1752135813462</millis>
  <nanos>357300</nanos>
  <sequence>9</sequence>
  <level>START</level>
  <class>com.kms.katalon.core.logging.XmlKeywordLogger</class>
  <method>startKeyword</method>
  <thread>1</thread>
  <message>Start action : openBrowser(&amp;quot;&amp;quot;)</message>
  <nestedLevel>1</nestedLevel>
  <escapedJava>false</escapedJava>
  <property name="startLine">25</property>
  <property name="stepIndex">1</property>
</record>
<record>
  <date>2025-07-10T08:23:33.760021Z</date>
  <millis>1752135813760</millis>
  <nanos>21000</nanos>
  <sequence>11</sequence>
  <level>INFO</level>
  <class>com.kms.katalon.core.logging.XmlKeywordLogger</class>
  <method>logMessage</method>
  <thread>1</thread>
  <message>Starting &amp;apos;Chrome&amp;apos; driver</message>
  <nestedLevel>1</nestedLevel>
  <escapedJava>false</escapedJava>
</record>
<record>
  <date>2025-07-10T08:23:33.855000500Z</date>
  <millis>1752135813855</millis>
  <nanos>500</nanos>
  <sequence>12</sequence>
  <level>INFO</level>
  <class>com.kms.katalon.core.logging.XmlKeywordLogger</class>
  <method>logMessage</method>
  <thread>1</thread>
  <message>Action delay is set to 0 milliseconds</message>
  <nestedLevel>1</nestedLevel>
  <escapedJava>false</escapedJava>
</record>
<record>
  <date>2025-07-10T08:23:36.784963200Z</date>
  <millis>1752135816784</millis>
  <nanos>963200</nanos>
  <sequence>14</sequence>
  <level>RUN_DATA</level>
  <class>com.kms.katalon.core.logging.XmlKeywordLogger</class>
  <method>logMessage</method>
  <thread>1</thread>
  <message>sessionId = c2af66593d81a54acdb7fc340addb4fd</message>
  <nestedLevel>1</nestedLevel>
  <escapedJava>false</escapedJava>
  <property name="sessionId">c2af66593d81a54acdb7fc340addb4fd</property>
</record>
<record>
  <date>2025-07-10T08:23:36.787358600Z</date>
  <millis>1752135816787</millis>
  <nanos>358600</nanos>
  <sequence>15</sequence>
  <level>RUN_DATA</level>
  <class>com.kms.katalon.core.logging.XmlKeywordLogger</class>
  <method>logMessage</method>
  <thread>1</thread>
  <message>browser = Chrome 137.0.7151.120</message>
  <nestedLevel>1</nestedLevel>
  <escapedJava>false</escapedJava>
  <property name="browser">Chrome 137.0.7151.120</property>
</record>
<record>
  <date>2025-07-10T08:23:36.787358600Z</date>
  <millis>1752135816787</millis>
  <nanos>358600</nanos>
  <sequence>16</sequence>
  <level>RUN_DATA</level>
  <class>com.kms.katalon.core.logging.XmlKeywordLogger</class>
  <method>logMessage</method>
  <thread>1</thread>
  <message>platform = Windows 11</message>
  <nestedLevel>1</nestedLevel>
  <escapedJava>false</escapedJava>
  <property name="platform">Windows 11</property>
</record>
<record>
  <date>2025-07-10T08:23:36.787358600Z</date>
  <millis>1752135816787</millis>
  <nanos>358600</nanos>
  <sequence>17</sequence>
  <level>RUN_DATA</level>
  <class>com.kms.katalon.core.logging.XmlKeywordLogger</class>
  <method>logMessage</method>
  <thread>1</thread>
  <message>seleniumVersion = 4.28.1</message>
  <nestedLevel>1</nestedLevel>
  <escapedJava>false</escapedJava>
  <property name="seleniumVersion">4.28.1</property>
</record>
<record>
  <date>2025-07-10T08:23:36.799475600Z</date>
  <millis>1752135816799</millis>
  <nanos>475600</nanos>
  <sequence>18</sequence>
  <level>RUN_DATA</level>
  <class>com.kms.katalon.core.logging.XmlKeywordLogger</class>
  <method>logMessage</method>
  <thread>1</thread>
  <message>proxyInformation = ProxyInformation { proxyOption=NO_PROXY, proxyServerType=HTTP, username=, password=********, proxyServerAddress=, proxyServerPort=0, executionList=&amp;quot;&amp;quot;, isApplyToDesiredCapabilities=true }</message>
  <nestedLevel>1</nestedLevel>
  <escapedJava>false</escapedJava>
  <property name="proxyInformation">ProxyInformation { proxyOption=NO_PROXY, proxyServerType=HTTP, username=, password=********, proxyServerAddress=, proxyServerPort=0, executionList=&quot;&quot;, isApplyToDesiredCapabilities=true }</property>
</record>
<record>
  <date>2025-07-10T08:23:36.867267200Z</date>
  <millis>1752135816867</millis>
  <nanos>267200</nanos>
  <sequence>19</sequence>
  <level>PASSED</level>
  <class>com.kms.katalon.core.logging.XmlKeywordLogger</class>
  <method>logMessage</method>
  <thread>1</thread>
  <message>Browser is opened with url: &amp;apos;&amp;apos;</message>
  <nestedLevel>1</nestedLevel>
  <escapedJava>false</escapedJava>
  <property name="testops-method-name">com.kms.katalon.core.webui.keyword.builtin.OpenBrowserKeyword.openBrowser</property>
  <property name="testops-execution-stacktrace"></property>
</record>
<record>
  <date>2025-07-10T08:23:36.867267200Z</date>
  <millis>1752135816867</millis>
  <nanos>267200</nanos>
  <sequence>20</sequence>
  <level>END</level>
  <class>com.kms.katalon.core.logging.XmlKeywordLogger</class>
  <method>endKeyword</method>
  <thread>1</thread>
  <message>End action : openBrowser(&amp;quot;&amp;quot;)</message>
  <nestedLevel>1</nestedLevel>
  <escapedJava>false</escapedJava>
</record>
<record>
  <date>2025-07-10T08:23:36.870657500Z</date>
  <millis>1752135816870</millis>
  <nanos>657500</nanos>
  <sequence>21</sequence>
  <level>START</level>
  <class>com.kms.katalon.core.logging.XmlKeywordLogger</class>
  <method>startKeyword</method>
  <thread>1</thread>
  <message>Start action : navigateToUrl(&amp;quot;https://bug-nation.cgrfoundation-staging.com/accounts/login&amp;quot;)</message>
  <nestedLevel>1</nestedLevel>
  <escapedJava>false</escapedJava>
  <property name="startLine">27</property>
  <property name="stepIndex">2</property>
</record>
<record>
  <date>2025-07-10T08:23:40.233036100Z</date>
  <millis>1752135820233</millis>
  <nanos>36100</nanos>
  <sequence>24</sequence>
  <level>PASSED</level>
  <class>com.kms.katalon.core.logging.XmlKeywordLogger</class>
  <method>logMessage</method>
  <thread>1</thread>
  <message>Navigate to &amp;apos;https://bug-nation.cgrfoundation-staging.com/accounts/login&amp;apos; successfully</message>
  <nestedLevel>1</nestedLevel>
  <escapedJava>false</escapedJava>
  <property name="testops-method-name">com.kms.katalon.core.webui.keyword.builtin.NavigateToUrlKeyword.navigateToUrl</property>
  <property name="testops-execution-stacktrace"></property>
</record>
<record>
  <date>2025-07-10T08:23:40.237338800Z</date>
  <millis>1752135820237</millis>
  <nanos>338800</nanos>
  <sequence>25</sequence>
  <level>END</level>
  <class>com.kms.katalon.core.logging.XmlKeywordLogger</class>
  <method>endKeyword</method>
  <thread>1</thread>
  <message>End action : navigateToUrl(&amp;quot;https://bug-nation.cgrfoundation-staging.com/accounts/login&amp;quot;)</message>
  <nestedLevel>1</nestedLevel>
  <escapedJava>false</escapedJava>
</record>
<record>
  <date>2025-07-10T08:23:40.238373500Z</date>
  <millis>1752135820238</millis>
  <nanos>373500</nanos>
  <sequence>26</sequence>
  <level>START</level>
  <class>com.kms.katalon.core.logging.XmlKeywordLogger</class>
  <method>startKeyword</method>
  <thread>1</thread>
  <message>Start action : maximizeWindow()</message>
  <nestedLevel>1</nestedLevel>
  <escapedJava>false</escapedJava>
  <property name="startLine">29</property>
  <property name="stepIndex">3</property>
</record>
<record>
  <date>2025-07-10T08:23:40.419582100Z</date>
  <millis>1752135820419</millis>
  <nanos>582100</nanos>
  <sequence>28</sequence>
  <level>PASSED</level>
  <class>com.kms.katalon.core.logging.XmlKeywordLogger</class>
  <method>logMessage</method>
  <thread>1</thread>
  <message>Current window maximized</message>
  <nestedLevel>1</nestedLevel>
  <escapedJava>false</escapedJava>
  <property name="testops-method-name">com.kms.katalon.core.webui.keyword.builtin.MaximizeWindowKeyword.maximizeWindow</property>
  <property name="testops-execution-stacktrace"></property>
</record>
<record>
  <date>2025-07-10T08:23:40.423818400Z</date>
  <millis>1752135820423</millis>
  <nanos>818400</nanos>
  <sequence>29</sequence>
  <level>END</level>
  <class>com.kms.katalon.core.logging.XmlKeywordLogger</class>
  <method>endKeyword</method>
  <thread>1</thread>
  <message>End action : maximizeWindow()</message>
  <nestedLevel>1</nestedLevel>
  <escapedJava>false</escapedJava>
</record>
<record>
  <date>2025-07-10T08:23:40.423818400Z</date>
  <millis>1752135820423</millis>
  <nanos>818400</nanos>
  <sequence>30</sequence>
  <level>START</level>
  <class>com.kms.katalon.core.logging.XmlKeywordLogger</class>
  <method>startKeyword</method>
  <thread>1</thread>
  <message>Start action : setText(findTestObject(&amp;quot;Object Repository/Page_CGR Foundation/input_Email address_accountemail&amp;quot;), &amp;quot;santhosh.nidamanuri@corpgovrisk.com&amp;quot;)</message>
  <nestedLevel>1</nestedLevel>
  <escapedJava>false</escapedJava>
  <property name="startLine">31</property>
  <property name="stepIndex">4</property>
</record>
<record>
  <date>2025-07-10T08:23:41.383557300Z</date>
  <millis>1752135821383</millis>
  <nanos>557300</nanos>
  <sequence>46</sequence>
  <level>PASSED</level>
  <class>com.kms.katalon.core.logging.XmlKeywordLogger</class>
  <method>logMessage</method>
  <thread>1</thread>
  <message>Text &amp;apos;santhosh.nidamanuri@corpgovrisk.com&amp;apos; is set on object &amp;apos;Object Repository/Page_CGR Foundation/input_Email address_accountemail&amp;apos;</message>
  <nestedLevel>1</nestedLevel>
  <escapedJava>false</escapedJava>
  <property name="testops-method-name">com.kms.katalon.core.webui.keyword.builtin.SetTextKeyword.setText</property>
  <property name="testops-execution-stacktrace"></property>
</record>
<record>
  <date>2025-07-10T08:23:41.383557300Z</date>
  <millis>1752135821383</millis>
  <nanos>557300</nanos>
  <sequence>47</sequence>
  <level>END</level>
  <class>com.kms.katalon.core.logging.XmlKeywordLogger</class>
  <method>endKeyword</method>
  <thread>1</thread>
  <message>End action : setText(findTestObject(&amp;quot;Object Repository/Page_CGR Foundation/input_Email address_accountemail&amp;quot;), &amp;quot;santhosh.nidamanuri@corpgovrisk.com&amp;quot;)</message>
  <nestedLevel>1</nestedLevel>
  <escapedJava>false</escapedJava>
</record>
<record>
  <date>2025-07-10T08:23:41.387155600Z</date>
  <millis>1752135821387</millis>
  <nanos>155600</nanos>
  <sequence>48</sequence>
  <level>START</level>
  <class>com.kms.katalon.core.logging.XmlKeywordLogger</class>
  <method>startKeyword</method>
  <thread>1</thread>
  <message>Start action : setEncryptedText(findTestObject(&amp;quot;Object Repository/Page_CGR Foundation/input_Password_accountpassword&amp;quot;), &amp;quot;g9InqrzvBVyAQwkGaiz+Ig==&amp;quot;)</message>
  <nestedLevel>1</nestedLevel>
  <escapedJava>false</escapedJava>
  <property name="startLine">33</property>
  <property name="stepIndex">5</property>
</record>
<record>
  <date>2025-07-10T08:23:41.761299500Z</date>
  <millis>1752135821761</millis>
  <nanos>299500</nanos>
  <sequence>59</sequence>
  <level>PASSED</level>
  <class>com.kms.katalon.core.logging.XmlKeywordLogger</class>
  <method>logMessage</method>
  <thread>1</thread>
  <message>Text ****** has been set on object &amp;apos;Object Repository/Page_CGR Foundation/input_Password_accountpassword&amp;apos;</message>
  <nestedLevel>1</nestedLevel>
  <escapedJava>false</escapedJava>
  <property name="testops-method-name">com.kms.katalon.core.webui.keyword.builtin.SetEncryptedTextKeyword.setEncryptedText</property>
  <property name="testops-execution-stacktrace"></property>
</record>
<record>
  <date>2025-07-10T08:23:41.761299500Z</date>
  <millis>1752135821761</millis>
  <nanos>299500</nanos>
  <sequence>60</sequence>
  <level>END</level>
  <class>com.kms.katalon.core.logging.XmlKeywordLogger</class>
  <method>endKeyword</method>
  <thread>1</thread>
  <message>End action : setEncryptedText(findTestObject(&amp;quot;Object Repository/Page_CGR Foundation/input_Password_accountpassword&amp;quot;), &amp;quot;g9InqrzvBVyAQwkGaiz+Ig==&amp;quot;)</message>
  <nestedLevel>1</nestedLevel>
  <escapedJava>false</escapedJava>
</record>
<record>
  <date>2025-07-10T08:23:41.761299500Z</date>
  <millis>1752135821761</millis>
  <nanos>299500</nanos>
  <sequence>61</sequence>
  <level>START</level>
  <class>com.kms.katalon.core.logging.XmlKeywordLogger</class>
  <method>startKeyword</method>
  <thread>1</thread>
  <message>Start action : click(findTestObject(&amp;quot;Object Repository/Page_CGR Foundation/input_Remember me_commit&amp;quot;))</message>
  <nestedLevel>1</nestedLevel>
  <escapedJava>false</escapedJava>
  <property name="startLine">35</property>
  <property name="stepIndex">6</property>
</record>
<record>
  <date>2025-07-10T08:23:45.870861600Z</date>
  <millis>1752135825870</millis>
  <nanos>861600</nanos>
  <sequence>71</sequence>
  <level>PASSED</level>
  <class>com.kms.katalon.core.logging.XmlKeywordLogger</class>
  <method>logMessage</method>
  <thread>1</thread>
  <message>Object: &amp;apos;Object Repository/Page_CGR Foundation/input_Remember me_commit&amp;apos; is clicked on</message>
  <nestedLevel>1</nestedLevel>
  <escapedJava>false</escapedJava>
  <property name="testops-method-name">com.kms.katalon.core.webui.keyword.builtin.ClickKeyword.click</property>
  <property name="testops-execution-stacktrace"></property>
</record>
<record>
  <date>2025-07-10T08:23:45.874680800Z</date>
  <millis>1752135825874</millis>
  <nanos>680800</nanos>
  <sequence>72</sequence>
  <level>END</level>
  <class>com.kms.katalon.core.logging.XmlKeywordLogger</class>
  <method>endKeyword</method>
  <thread>1</thread>
  <message>End action : click(findTestObject(&amp;quot;Object Repository/Page_CGR Foundation/input_Remember me_commit&amp;quot;))</message>
  <nestedLevel>1</nestedLevel>
  <escapedJava>false</escapedJava>
</record>
<record>
  <date>2025-07-10T08:23:45.877716400Z</date>
  <millis>1752135825877</millis>
  <nanos>716400</nanos>
  <sequence>73</sequence>
  <level>START</level>
  <class>com.kms.katalon.core.logging.XmlKeywordLogger</class>
  <method>startKeyword</method>
  <thread>1</thread>
  <message>Start action : navigateToUrl(&amp;quot;https://bug-nation.cgrfoundation-staging.com/indicators/110&amp;quot;)</message>
  <nestedLevel>1</nestedLevel>
  <escapedJava>false</escapedJava>
  <property name="startLine">37</property>
  <property name="stepIndex">7</property>
</record>
<record>
  <date>2025-07-10T08:23:47.554533200Z</date>
  <millis>1752135827554</millis>
  <nanos>533200</nanos>
  <sequence>76</sequence>
  <level>PASSED</level>
  <class>com.kms.katalon.core.logging.XmlKeywordLogger</class>
  <method>logMessage</method>
  <thread>1</thread>
  <message>Navigate to &amp;apos;https://bug-nation.cgrfoundation-staging.com/indicators/110&amp;apos; successfully</message>
  <nestedLevel>1</nestedLevel>
  <escapedJava>false</escapedJava>
  <property name="testops-method-name">com.kms.katalon.core.webui.keyword.builtin.NavigateToUrlKeyword.navigateToUrl</property>
  <property name="testops-execution-stacktrace"></property>
</record>
<record>
  <date>2025-07-10T08:23:47.555343900Z</date>
  <millis>1752135827555</millis>
  <nanos>343900</nanos>
  <sequence>77</sequence>
  <level>END</level>
  <class>com.kms.katalon.core.logging.XmlKeywordLogger</class>
  <method>endKeyword</method>
  <thread>1</thread>
  <message>End action : navigateToUrl(&amp;quot;https://bug-nation.cgrfoundation-staging.com/indicators/110&amp;quot;)</message>
  <nestedLevel>1</nestedLevel>
  <escapedJava>false</escapedJava>
</record>
<record>
  <date>2025-07-10T08:23:47.555343900Z</date>
  <millis>1752135827555</millis>
  <nanos>343900</nanos>
  <sequence>78</sequence>
  <level>START</level>
  <class>com.kms.katalon.core.logging.XmlKeywordLogger</class>
  <method>startKeyword</method>
  <thread>1</thread>
  <message>Start action : click(findTestObject(&amp;quot;Object Repository/Page_Indicators - CGR Foundation (6)/button_Edit&amp;quot;))</message>
  <nestedLevel>1</nestedLevel>
  <escapedJava>false</escapedJava>
  <property name="startLine">39</property>
  <property name="stepIndex">8</property>
</record>
<record>
  <date>2025-07-10T08:23:49.905596100Z</date>
  <millis>1752135829905</millis>
  <nanos>596100</nanos>
  <sequence>88</sequence>
  <level>PASSED</level>
  <class>com.kms.katalon.core.logging.XmlKeywordLogger</class>
  <method>logMessage</method>
  <thread>1</thread>
  <message>Object: &amp;apos;Object Repository/Page_Indicators - CGR Foundation (6)/button_Edit&amp;apos; is clicked on</message>
  <nestedLevel>1</nestedLevel>
  <escapedJava>false</escapedJava>
  <property name="testops-method-name">com.kms.katalon.core.webui.keyword.builtin.ClickKeyword.click</property>
  <property name="testops-execution-stacktrace"></property>
</record>
<record>
  <date>2025-07-10T08:23:49.905596100Z</date>
  <millis>1752135829905</millis>
  <nanos>596100</nanos>
  <sequence>89</sequence>
  <level>END</level>
  <class>com.kms.katalon.core.logging.XmlKeywordLogger</class>
  <method>endKeyword</method>
  <thread>1</thread>
  <message>End action : click(findTestObject(&amp;quot;Object Repository/Page_Indicators - CGR Foundation (6)/button_Edit&amp;quot;))</message>
  <nestedLevel>1</nestedLevel>
  <escapedJava>false</escapedJava>
</record>
<record>
  <date>2025-07-10T08:23:49.905596100Z</date>
  <millis>1752135829905</millis>
  <nanos>596100</nanos>
  <sequence>90</sequence>
  <level>START</level>
  <class>com.kms.katalon.core.logging.XmlKeywordLogger</class>
  <method>startKeyword</method>
  <thread>1</thread>
  <message>Start action : click(findTestObject(&amp;quot;Object Repository/Page_Indicators - CGR Foundation (6)/input_Next Report Date_due_date&amp;quot;))</message>
  <nestedLevel>1</nestedLevel>
  <escapedJava>false</escapedJava>
  <property name="startLine">41</property>
  <property name="stepIndex">9</property>
</record>
<record>
  <date>2025-07-10T08:23:52.140326200Z</date>
  <millis>1752135832140</millis>
  <nanos>326200</nanos>
  <sequence>100</sequence>
  <level>PASSED</level>
  <class>com.kms.katalon.core.logging.XmlKeywordLogger</class>
  <method>logMessage</method>
  <thread>1</thread>
  <message>Object: &amp;apos;Object Repository/Page_Indicators - CGR Foundation (6)/input_Next Report Date_due_date&amp;apos; is clicked on</message>
  <nestedLevel>1</nestedLevel>
  <escapedJava>false</escapedJava>
  <property name="testops-method-name">com.kms.katalon.core.webui.keyword.builtin.ClickKeyword.click</property>
  <property name="testops-execution-stacktrace"></property>
</record>
<record>
  <date>2025-07-10T08:23:52.151399Z</date>
  <millis>1752135832151</millis>
  <nanos>399000</nanos>
  <sequence>101</sequence>
  <level>END</level>
  <class>com.kms.katalon.core.logging.XmlKeywordLogger</class>
  <method>endKeyword</method>
  <thread>1</thread>
  <message>End action : click(findTestObject(&amp;quot;Object Repository/Page_Indicators - CGR Foundation (6)/input_Next Report Date_due_date&amp;quot;))</message>
  <nestedLevel>1</nestedLevel>
  <escapedJava>false</escapedJava>
</record>
<record>
  <date>2025-07-10T08:23:52.151399Z</date>
  <millis>1752135832151</millis>
  <nanos>399000</nanos>
  <sequence>102</sequence>
  <level>START</level>
  <class>com.kms.katalon.core.logging.XmlKeywordLogger</class>
  <method>startKeyword</method>
  <thread>1</thread>
  <message>Start action : setText(findTestObject(&amp;quot;Object Repository/Page_Indicators - CGR Foundation (6)/input_Next Report Date_due_date&amp;quot;), minusDays(1).format(DateTimeFormatter.ofPattern(&amp;quot;dd/MM/yyyy&amp;quot;)))</message>
  <nestedLevel>1</nestedLevel>
  <escapedJava>false</escapedJava>
  <property name="startLine">43</property>
  <property name="stepIndex">10</property>
</record>
<record>
  <date>2025-07-10T08:23:53.051062900Z</date>
  <millis>1752135833051</millis>
  <nanos>62900</nanos>
  <sequence>118</sequence>
  <level>PASSED</level>
  <class>com.kms.katalon.core.logging.XmlKeywordLogger</class>
  <method>logMessage</method>
  <thread>1</thread>
  <message>Text &amp;apos;09/07/2025&amp;apos; is set on object &amp;apos;Object Repository/Page_Indicators - CGR Foundation (6)/input_Next Report Date_due_date&amp;apos;</message>
  <nestedLevel>1</nestedLevel>
  <escapedJava>false</escapedJava>
  <property name="testops-method-name">com.kms.katalon.core.webui.keyword.builtin.SetTextKeyword.setText</property>
  <property name="testops-execution-stacktrace"></property>
</record>
<record>
  <date>2025-07-10T08:23:53.051062900Z</date>
  <millis>1752135833051</millis>
  <nanos>62900</nanos>
  <sequence>119</sequence>
  <level>END</level>
  <class>com.kms.katalon.core.logging.XmlKeywordLogger</class>
  <method>endKeyword</method>
  <thread>1</thread>
  <message>End action : setText(findTestObject(&amp;quot;Object Repository/Page_Indicators - CGR Foundation (6)/input_Next Report Date_due_date&amp;quot;), minusDays(1).format(DateTimeFormatter.ofPattern(&amp;quot;dd/MM/yyyy&amp;quot;)))</message>
  <nestedLevel>1</nestedLevel>
  <escapedJava>false</escapedJava>
</record>
<record>
  <date>2025-07-10T08:23:53.062013900Z</date>
  <millis>1752135833062</millis>
  <nanos>13900</nanos>
  <sequence>120</sequence>
  <level>START</level>
  <class>com.kms.katalon.core.logging.XmlKeywordLogger</class>
  <method>startKeyword</method>
  <thread>1</thread>
  <message>Start action : click(findTestObject(&amp;quot;Object Repository/Page_Indicators - CGR Foundation (6)/button_Save&amp;quot;))</message>
  <nestedLevel>1</nestedLevel>
  <escapedJava>false</escapedJava>
  <property name="startLine">46</property>
  <property name="stepIndex">11</property>
</record>
<record>
  <date>2025-07-10T08:23:54.036680900Z</date>
  <millis>1752135834036</millis>
  <nanos>680900</nanos>
  <sequence>130</sequence>
  <level>PASSED</level>
  <class>com.kms.katalon.core.logging.XmlKeywordLogger</class>
  <method>logMessage</method>
  <thread>1</thread>
  <message>Object: &amp;apos;Object Repository/Page_Indicators - CGR Foundation (6)/button_Save&amp;apos; is clicked on</message>
  <nestedLevel>1</nestedLevel>
  <escapedJava>false</escapedJava>
  <property name="testops-method-name">com.kms.katalon.core.webui.keyword.builtin.ClickKeyword.click</property>
  <property name="testops-execution-stacktrace"></property>
</record>
<record>
  <date>2025-07-10T08:23:54.043907Z</date>
  <millis>1752135834043</millis>
  <nanos>907000</nanos>
  <sequence>131</sequence>
  <level>END</level>
  <class>com.kms.katalon.core.logging.XmlKeywordLogger</class>
  <method>endKeyword</method>
  <thread>1</thread>
  <message>End action : click(findTestObject(&amp;quot;Object Repository/Page_Indicators - CGR Foundation (6)/button_Save&amp;quot;))</message>
  <nestedLevel>1</nestedLevel>
  <escapedJava>false</escapedJava>
</record>
<record>
  <date>2025-07-10T08:23:54.043907Z</date>
  <millis>1752135834043</millis>
  <nanos>907000</nanos>
  <sequence>132</sequence>
  <level>START</level>
  <class>com.kms.katalon.core.logging.XmlKeywordLogger</class>
  <method>startKeyword</method>
  <thread>1</thread>
  <message>Start action : verifyElementText(findTestObject(&amp;quot;Object Repository/Page_Indicators - CGR Foundation (6)/div_08 July, 2025&amp;quot;), minusDays(1).format(DateTimeFormatter.ofPattern(&amp;quot;dd MMMM, yyyy&amp;quot;)))</message>
  <nestedLevel>1</nestedLevel>
  <escapedJava>false</escapedJava>
  <property name="startLine">48</property>
  <property name="stepIndex">12</property>
</record>
<record>
  <date>2025-07-10T08:23:56.882322600Z</date>
  <millis>1752135836882</millis>
  <nanos>322600</nanos>
  <sequence>140</sequence>
  <level>PASSED</level>
  <class>com.kms.katalon.core.logging.XmlKeywordLogger</class>
  <method>logMessage</method>
  <thread>1</thread>
  <message>Actual text and expected text of test object &amp;apos;Object Repository/Page_Indicators - CGR Foundation (6)/div_08 July, 2025&amp;apos; are matched.</message>
  <nestedLevel>1</nestedLevel>
  <escapedJava>false</escapedJava>
  <property name="testops-is-assertion">true</property>
  <property name="testops-method-name">com.kms.katalon.core.webui.keyword.builtin.VerifyElementTextKeyword.verifyElementText</property>
  <property name="testops-execution-stacktrace"></property>
</record>
<record>
  <date>2025-07-10T08:23:56.884165Z</date>
  <millis>1752135836884</millis>
  <nanos>165000</nanos>
  <sequence>141</sequence>
  <level>END</level>
  <class>com.kms.katalon.core.logging.XmlKeywordLogger</class>
  <method>endKeyword</method>
  <thread>1</thread>
  <message>End action : verifyElementText(findTestObject(&amp;quot;Object Repository/Page_Indicators - CGR Foundation (6)/div_08 July, 2025&amp;quot;), minusDays(1).format(DateTimeFormatter.ofPattern(&amp;quot;dd MMMM, yyyy&amp;quot;)))</message>
  <nestedLevel>1</nestedLevel>
  <escapedJava>false</escapedJava>
</record>
<record>
  <date>2025-07-10T08:23:56.884165Z</date>
  <millis>1752135836884</millis>
  <nanos>165000</nanos>
  <sequence>142</sequence>
  <level>START</level>
  <class>com.kms.katalon.core.logging.XmlKeywordLogger</class>
  <method>startKeyword</method>
  <thread>1</thread>
  <message>Start action : navigateToUrl(&amp;quot;https://bug-nation.cgrfoundation-staging.com/admin/jobs&amp;quot;)</message>
  <nestedLevel>1</nestedLevel>
  <escapedJava>false</escapedJava>
  <property name="startLine">51</property>
  <property name="stepIndex">13</property>
</record>
<record>
  <date>2025-07-10T08:23:57.922033Z</date>
  <millis>1752135837922</millis>
  <nanos>33000</nanos>
  <sequence>145</sequence>
  <level>PASSED</level>
  <class>com.kms.katalon.core.logging.XmlKeywordLogger</class>
  <method>logMessage</method>
  <thread>1</thread>
  <message>Navigate to &amp;apos;https://bug-nation.cgrfoundation-staging.com/admin/jobs&amp;apos; successfully</message>
  <nestedLevel>1</nestedLevel>
  <escapedJava>false</escapedJava>
  <property name="testops-method-name">com.kms.katalon.core.webui.keyword.builtin.NavigateToUrlKeyword.navigateToUrl</property>
  <property name="testops-execution-stacktrace"></property>
</record>
<record>
  <date>2025-07-10T08:23:57.922033Z</date>
  <millis>1752135837922</millis>
  <nanos>33000</nanos>
  <sequence>146</sequence>
  <level>END</level>
  <class>com.kms.katalon.core.logging.XmlKeywordLogger</class>
  <method>endKeyword</method>
  <thread>1</thread>
  <message>End action : navigateToUrl(&amp;quot;https://bug-nation.cgrfoundation-staging.com/admin/jobs&amp;quot;)</message>
  <nestedLevel>1</nestedLevel>
  <escapedJava>false</escapedJava>
</record>
<record>
  <date>2025-07-10T08:23:57.930247600Z</date>
  <millis>1752135837930</millis>
  <nanos>247600</nanos>
  <sequence>147</sequence>
  <level>START</level>
  <class>com.kms.katalon.core.logging.XmlKeywordLogger</class>
  <method>startKeyword</method>
  <thread>1</thread>
  <message>Start action : click(findTestObject(&amp;quot;Object Repository/Page_Background Jobs - CGR Foundation (6)/a_Run&amp;quot;))</message>
  <nestedLevel>1</nestedLevel>
  <escapedJava>false</escapedJava>
  <property name="startLine">53</property>
  <property name="stepIndex">14</property>
</record>
<record>
  <date>2025-07-10T08:23:58.883552400Z</date>
  <millis>1752135838883</millis>
  <nanos>552400</nanos>
  <sequence>157</sequence>
  <level>PASSED</level>
  <class>com.kms.katalon.core.logging.XmlKeywordLogger</class>
  <method>logMessage</method>
  <thread>1</thread>
  <message>Object: &amp;apos;Object Repository/Page_Background Jobs - CGR Foundation (6)/a_Run&amp;apos; is clicked on</message>
  <nestedLevel>1</nestedLevel>
  <escapedJava>false</escapedJava>
  <property name="testops-method-name">com.kms.katalon.core.webui.keyword.builtin.ClickKeyword.click</property>
  <property name="testops-execution-stacktrace"></property>
</record>
<record>
  <date>2025-07-10T08:23:58.888735Z</date>
  <millis>1752135838888</millis>
  <nanos>735000</nanos>
  <sequence>158</sequence>
  <level>END</level>
  <class>com.kms.katalon.core.logging.XmlKeywordLogger</class>
  <method>endKeyword</method>
  <thread>1</thread>
  <message>End action : click(findTestObject(&amp;quot;Object Repository/Page_Background Jobs - CGR Foundation (6)/a_Run&amp;quot;))</message>
  <nestedLevel>1</nestedLevel>
  <escapedJava>false</escapedJava>
</record>
<record>
  <date>2025-07-10T08:23:58.888735Z</date>
  <millis>1752135838888</millis>
  <nanos>735000</nanos>
  <sequence>159</sequence>
  <level>START</level>
  <class>com.kms.katalon.core.logging.XmlKeywordLogger</class>
  <method>startKeyword</method>
  <thread>1</thread>
  <message>Start action : navigateToUrl(&amp;quot;https://bug-nation.cgrfoundation-staging.com/indicators/110&amp;quot;)</message>
  <nestedLevel>1</nestedLevel>
  <escapedJava>false</escapedJava>
  <property name="startLine">55</property>
  <property name="stepIndex">15</property>
</record>
<record>
  <date>2025-07-10T08:24:01.544786700Z</date>
  <millis>1752135841544</millis>
  <nanos>786700</nanos>
  <sequence>162</sequence>
  <level>PASSED</level>
  <class>com.kms.katalon.core.logging.XmlKeywordLogger</class>
  <method>logMessage</method>
  <thread>1</thread>
  <message>Navigate to &amp;apos;https://bug-nation.cgrfoundation-staging.com/indicators/110&amp;apos; successfully</message>
  <nestedLevel>1</nestedLevel>
  <escapedJava>false</escapedJava>
  <property name="testops-method-name">com.kms.katalon.core.webui.keyword.builtin.NavigateToUrlKeyword.navigateToUrl</property>
  <property name="testops-execution-stacktrace"></property>
</record>
<record>
  <date>2025-07-10T08:24:01.552358100Z</date>
  <millis>1752135841552</millis>
  <nanos>358100</nanos>
  <sequence>163</sequence>
  <level>END</level>
  <class>com.kms.katalon.core.logging.XmlKeywordLogger</class>
  <method>endKeyword</method>
  <thread>1</thread>
  <message>End action : navigateToUrl(&amp;quot;https://bug-nation.cgrfoundation-staging.com/indicators/110&amp;quot;)</message>
  <nestedLevel>1</nestedLevel>
  <escapedJava>false</escapedJava>
</record>
<record>
  <date>2025-07-10T08:24:01.552358100Z</date>
  <millis>1752135841552</millis>
  <nanos>358100</nanos>
  <sequence>164</sequence>
  <level>START</level>
  <class>com.kms.katalon.core.logging.XmlKeywordLogger</class>
  <method>startKeyword</method>
  <thread>1</thread>
  <message>Start action : verifyElementText(findTestObject(&amp;quot;Object Repository/Page_Indicators - CGR Foundation (6)/div_09 July, 2025&amp;quot;), now().format(DateTimeFormatter.ofPattern(&amp;quot;dd MMMM, yyyy&amp;quot;)))</message>
  <nestedLevel>1</nestedLevel>
  <escapedJava>false</escapedJava>
  <property name="startLine">57</property>
  <property name="stepIndex">16</property>
</record>
<record>
  <date>2025-07-10T08:24:03.611445100Z</date>
  <millis>1752135843611</millis>
  <nanos>445100</nanos>
  <sequence>175</sequence>
  <level>FAILED</level>
  <class>com.kms.katalon.core.logging.XmlKeywordLogger</class>
  <method>logMessage</method>
  <thread>1</thread>
  <message>Actual text &amp;apos;09 July, 2025&amp;apos; and expected text &amp;apos;10 July, 2025&amp;apos; of test object &amp;apos;Object Repository/Page_Indicators - CGR Foundation (6)/div_09 July, 2025&amp;apos; are NOT matched. (Root cause: com.kms.katalon.core.exception.StepFailedException: Actual text &amp;apos;09 July, 2025&amp;apos; and expected text &amp;apos;10 July, 2025&amp;apos; of test object &amp;apos;Object Repository/Page_Indicators - CGR Foundation (6)/div_09 July, 2025&amp;apos; are NOT matched.
	at com.kms.katalon.core.webui.keyword.internal.WebUIKeywordMain.stepFailed(WebUIKeywordMain.groovy:118)
	at com.kms.katalon.core.webui.keyword.builtin.VerifyElementTextKeyword$_verifyElementText_closure1.doCall(VerifyElementTextKeyword.groovy:57)
	at com.kms.katalon.core.webui.keyword.builtin.VerifyElementTextKeyword$_verifyElementText_closure1.call(VerifyElementTextKeyword.groovy)
	at com.kms.katalon.core.webui.keyword.internal.WebUIKeywordMain.runKeyword(WebUIKeywordMain.groovy:35)
	at com.kms.katalon.core.webui.keyword.builtin.VerifyElementTextKeyword.verifyElementText(VerifyElementTextKeyword.groovy:72)
	at com.kms.katalon.core.webui.keyword.builtin.VerifyElementTextKeyword.execute(VerifyElementTextKeyword.groovy:40)
	at com.kms.katalon.core.keyword.internal.KeywordExecutor.executeKeywordForPlatform(KeywordExecutor.groovy:64)
	at com.kms.katalon.core.webui.keyword.WebUiBuiltInKeywords.verifyElementText(WebUiBuiltInKeywords.groovy:4994)
	at Indicator Current Date-1, 1 response interval and 1 reporting days.run(Indicator Current Date-1, 1 response interval and 1 reporting days:58)
	at com.kms.katalon.core.main.ScriptEngine.run(ScriptEngine.java:194)
	at com.kms.katalon.core.main.ScriptEngine.runScriptAsRawText(ScriptEngine.java:119)
	at com.kms.katalon.core.main.TestCaseExecutor.runScript(TestCaseExecutor.java:485)
	at com.kms.katalon.core.main.TestCaseExecutor.doExecute(TestCaseExecutor.java:476)
	at com.kms.katalon.core.main.TestCaseExecutor.processExecutionPhase(TestCaseExecutor.java:455)
	at com.kms.katalon.core.main.TestCaseExecutor.accessMainPhase(TestCaseExecutor.java:447)
	at com.kms.katalon.core.main.TestCaseExecutor.execute(TestCaseExecutor.java:321)
	at com.kms.katalon.core.common.CommonExecutor.accessTestCaseMainPhase(CommonExecutor.java:71)
	at com.kms.katalon.core.main.TestSuiteExecutor.accessTestSuiteMainPhase(TestSuiteExecutor.java:160)
	at com.kms.katalon.core.main.TestSuiteExecutor.execute(TestSuiteExecutor.java:107)
	at com.kms.katalon.core.main.TestCaseMain.startTestSuite(TestCaseMain.java:195)
	at TempTestSuite1752135807090.run(TempTestSuite1752135807090.groovy:35)
	at java.base/jdk.internal.reflect.NativeMethodAccessorImpl.invoke0(Native Method)
	at java.base/jdk.internal.reflect.NativeMethodAccessorImpl.invoke(NativeMethodAccessorImpl.java:77)
	at java.base/jdk.internal.reflect.DelegatingMethodAccessorImpl.invoke(DelegatingMethodAccessorImpl.java:43)
)</message>
  <nestedLevel>1</nestedLevel>
  <escapedJava>false</escapedJava>
  <property name="attachment">1752135843378.png</property>
  <property name="failed.exception.stacktrace">com.kms.katalon.core.exception.StepFailedException: Actual text &apos;09 July, 2025&apos; and expected text &apos;10 July, 2025&apos; of test object &apos;Object Repository/Page_Indicators - CGR Foundation (6)/div_09 July, 2025&apos; are NOT matched.
	at com.kms.katalon.core.webui.keyword.internal.WebUIKeywordMain.stepFailed(WebUIKeywordMain.groovy:118)
	at com.kms.katalon.core.webui.keyword.builtin.VerifyElementTextKeyword$_verifyElementText_closure1.doCall(VerifyElementTextKeyword.groovy:57)
	at com.kms.katalon.core.webui.keyword.builtin.VerifyElementTextKeyword$_verifyElementText_closure1.call(VerifyElementTextKeyword.groovy)
	at com.kms.katalon.core.webui.keyword.internal.WebUIKeywordMain.runKeyword(WebUIKeywordMain.groovy:35)
	at com.kms.katalon.core.webui.keyword.builtin.VerifyElementTextKeyword.verifyElementText(VerifyElementTextKeyword.groovy:72)
	at com.kms.katalon.core.webui.keyword.builtin.VerifyElementTextKeyword.execute(VerifyElementTextKeyword.groovy:40)
	at com.kms.katalon.core.keyword.internal.KeywordExecutor.executeKeywordForPlatform(KeywordExecutor.groovy:64)
	at com.kms.katalon.core.webui.keyword.WebUiBuiltInKeywords.verifyElementText(WebUiBuiltInKeywords.groovy:4994)
	at Indicator Current Date-1, 1 response interval and 1 reporting days.run(Indicator Current Date-1, 1 response interval and 1 reporting days:58)
	at com.kms.katalon.core.main.ScriptEngine.run(ScriptEngine.java:194)
	at com.kms.katalon.core.main.ScriptEngine.runScriptAsRawText(ScriptEngine.java:119)
	at com.kms.katalon.core.main.TestCaseExecutor.runScript(TestCaseExecutor.java:485)
	at com.kms.katalon.core.main.TestCaseExecutor.doExecute(TestCaseExecutor.java:476)
	at com.kms.katalon.core.main.TestCaseExecutor.processExecutionPhase(TestCaseExecutor.java:455)
	at com.kms.katalon.core.main.TestCaseExecutor.accessMainPhase(TestCaseExecutor.java:447)
	at com.kms.katalon.core.main.TestCaseExecutor.execute(TestCaseExecutor.java:321)
	at com.kms.katalon.core.common.CommonExecutor.accessTestCaseMainPhase(CommonExecutor.java:71)
	at com.kms.katalon.core.main.TestSuiteExecutor.accessTestSuiteMainPhase(TestSuiteExecutor.java:160)
	at com.kms.katalon.core.main.TestSuiteExecutor.execute(TestSuiteExecutor.java:107)
	at com.kms.katalon.core.main.TestCaseMain.startTestSuite(TestCaseMain.java:195)
	at TempTestSuite1752135807090.run(TempTestSuite1752135807090.groovy:35)
	at java.base/jdk.internal.reflect.NativeMethodAccessorImpl.invoke0(Native Method)
	at java.base/jdk.internal.reflect.NativeMethodAccessorImpl.invoke(NativeMethodAccessorImpl.java:77)
	at java.base/jdk.internal.reflect.DelegatingMethodAccessorImpl.invoke(DelegatingMethodAccessorImpl.java:43)
</property>
  <property name="failed.exception.class">com.kms.katalon.core.exception.StepFailedException</property>
  <property name="testops-is-assertion">true</property>
  <property name="testops-method-name">com.kms.katalon.core.webui.keyword.builtin.VerifyElementTextKeyword.verifyElementText</property>
  <property name="testops-execution-stacktrace">com.kms.katalon.core.logging.testops.TestOpsLogHelper.handleFailedLogEntry(TestOpsLogHelper.java:112)
com.kms.katalon.core.logging.KeywordLogger.logFailed(KeywordLogger.java:274)
com.kms.katalon.core.keyword.internal.KeywordMain.stepFailed(KeywordMain.groovy:43)
com.kms.katalon.core.webui.keyword.internal.WebUIKeywordMain.stepFailed(WebUIKeywordMain.groovy:118)
com.kms.katalon.core.webui.keyword.builtin.VerifyElementTextKeyword$_verifyElementText_closure1.doCall(VerifyElementTextKeyword.groovy:57)
com.kms.katalon.core.webui.keyword.builtin.VerifyElementTextKeyword$_verifyElementText_closure1.call(VerifyElementTextKeyword.groovy)
com.kms.katalon.core.webui.keyword.internal.WebUIKeywordMain.runKeyword(WebUIKeywordMain.groovy:35)
com.kms.katalon.core.webui.keyword.builtin.VerifyElementTextKeyword.verifyElementText(VerifyElementTextKeyword.groovy:72)
com.kms.katalon.core.webui.keyword.builtin.VerifyElementTextKeyword.execute(VerifyElementTextKeyword.groovy:40)
com.kms.katalon.core.keyword.internal.KeywordExecutor.executeKeywordForPlatform(KeywordExecutor.groovy:64)
com.kms.katalon.core.webui.keyword.WebUiBuiltInKeywords.verifyElementText(WebUiBuiltInKeywords.groovy:4994)
Indicator Current Date-1, 1 response interval and 1 reporting days.run(Indicator Current Date-1, 1 response interval and 1 reporting days:58)
</property>
  <property name="failed.exception.message">Actual text &apos;09 July, 2025&apos; and expected text &apos;10 July, 2025&apos; of test object &apos;Object Repository/Page_Indicators - CGR Foundation (6)/div_09 July, 2025&apos; are NOT matched.</property>
</record>
<record>
  <date>2025-07-10T08:24:03.820056600Z</date>
  <millis>1752135843820</millis>
  <nanos>56600</nanos>
  <sequence>179</sequence>
  <level>FAILED</level>
  <class>com.kms.katalon.core.logging.XmlKeywordLogger</class>
  <method>logMessage</method>
  <thread>1</thread>
  <message>Verify element text of test object &amp;apos;Object Repository/Page_Indicators - CGR Foundation (6)/div_09 July, 2025&amp;apos; FAILED. (Root cause: com.kms.katalon.core.exception.StepFailedException: Verify element text of test object &amp;apos;Object Repository/Page_Indicators - CGR Foundation (6)/div_09 July, 2025&amp;apos; FAILED.
	at com.kms.katalon.core.webui.keyword.internal.WebUIKeywordMain.stepFailed(WebUIKeywordMain.groovy:118)
	at com.kms.katalon.core.webui.keyword.internal.WebUIKeywordMain.runKeyword(WebUIKeywordMain.groovy:43)
	at com.kms.katalon.core.webui.keyword.builtin.VerifyElementTextKeyword.verifyElementText(VerifyElementTextKeyword.groovy:72)
	at com.kms.katalon.core.webui.keyword.builtin.VerifyElementTextKeyword.execute(VerifyElementTextKeyword.groovy:40)
	at com.kms.katalon.core.keyword.internal.KeywordExecutor.executeKeywordForPlatform(KeywordExecutor.groovy:64)
	at com.kms.katalon.core.webui.keyword.WebUiBuiltInKeywords.verifyElementText(WebUiBuiltInKeywords.groovy:4994)
	at Indicator Current Date-1, 1 response interval and 1 reporting days.run(Indicator Current Date-1, 1 response interval and 1 reporting days:58)
	at com.kms.katalon.core.main.ScriptEngine.run(ScriptEngine.java:194)
	at com.kms.katalon.core.main.ScriptEngine.runScriptAsRawText(ScriptEngine.java:119)
	at com.kms.katalon.core.main.TestCaseExecutor.runScript(TestCaseExecutor.java:485)
	at com.kms.katalon.core.main.TestCaseExecutor.doExecute(TestCaseExecutor.java:476)
	at com.kms.katalon.core.main.TestCaseExecutor.processExecutionPhase(TestCaseExecutor.java:455)
	at com.kms.katalon.core.main.TestCaseExecutor.accessMainPhase(TestCaseExecutor.java:447)
	at com.kms.katalon.core.main.TestCaseExecutor.execute(TestCaseExecutor.java:321)
	at com.kms.katalon.core.common.CommonExecutor.accessTestCaseMainPhase(CommonExecutor.java:71)
	at com.kms.katalon.core.main.TestSuiteExecutor.accessTestSuiteMainPhase(TestSuiteExecutor.java:160)
	at com.kms.katalon.core.main.TestSuiteExecutor.execute(TestSuiteExecutor.java:107)
	at com.kms.katalon.core.main.TestCaseMain.startTestSuite(TestCaseMain.java:195)
	at TempTestSuite1752135807090.run(TempTestSuite1752135807090.groovy:35)
	at java.base/jdk.internal.reflect.NativeMethodAccessorImpl.invoke0(Native Method)
	at java.base/jdk.internal.reflect.NativeMethodAccessorImpl.invoke(NativeMethodAccessorImpl.java:77)
	at java.base/jdk.internal.reflect.DelegatingMethodAccessorImpl.invoke(DelegatingMethodAccessorImpl.java:43)
Caused by: com.kms.katalon.core.exception.StepFailedException: Actual text &amp;apos;09 July, 2025&amp;apos; and expected text &amp;apos;10 July, 2025&amp;apos; of test object &amp;apos;Object Repository/Page_Indicators - CGR Foundation (6)/div_09 July, 2025&amp;apos; are NOT matched.
	at com.kms.katalon.core.webui.keyword.internal.WebUIKeywordMain.stepFailed(WebUIKeywordMain.groovy:118)
	at com.kms.katalon.core.webui.keyword.builtin.VerifyElementTextKeyword$_verifyElementText_closure1.doCall(VerifyElementTextKeyword.groovy:57)
	at com.kms.katalon.core.webui.keyword.builtin.VerifyElementTextKeyword$_verifyElementText_closure1.call(VerifyElementTextKeyword.groovy)
	at com.kms.katalon.core.webui.keyword.internal.WebUIKeywordMain.runKeyword(WebUIKeywordMain.groovy:35)
	... 20 more
)</message>
  <nestedLevel>1</nestedLevel>
  <escapedJava>false</escapedJava>
  <property name="failed.exception.class">com.kms.katalon.core.exception.StepFailedException</property>
  <property name="attachment">1752135843626.png</property>
  <property name="failed.exception.stacktrace">com.kms.katalon.core.exception.StepFailedException: Actual text &apos;09 July, 2025&apos; and expected text &apos;10 July, 2025&apos; of test object &apos;Object Repository/Page_Indicators - CGR Foundation (6)/div_09 July, 2025&apos; are NOT matched.
	at com.kms.katalon.core.webui.keyword.internal.WebUIKeywordMain.stepFailed(WebUIKeywordMain.groovy:118)
	at com.kms.katalon.core.webui.keyword.builtin.VerifyElementTextKeyword$_verifyElementText_closure1.doCall(VerifyElementTextKeyword.groovy:57)
	at com.kms.katalon.core.webui.keyword.builtin.VerifyElementTextKeyword$_verifyElementText_closure1.call(VerifyElementTextKeyword.groovy)
	at com.kms.katalon.core.webui.keyword.internal.WebUIKeywordMain.runKeyword(WebUIKeywordMain.groovy:35)
	at com.kms.katalon.core.webui.keyword.builtin.VerifyElementTextKeyword.verifyElementText(VerifyElementTextKeyword.groovy:72)
	at com.kms.katalon.core.webui.keyword.builtin.VerifyElementTextKeyword.execute(VerifyElementTextKeyword.groovy:40)
	at com.kms.katalon.core.keyword.internal.KeywordExecutor.executeKeywordForPlatform(KeywordExecutor.groovy:64)
	at com.kms.katalon.core.webui.keyword.WebUiBuiltInKeywords.verifyElementText(WebUiBuiltInKeywords.groovy:4994)
	at Indicator Current Date-1, 1 response interval and 1 reporting days.run(Indicator Current Date-1, 1 response interval and 1 reporting days:58)
	at com.kms.katalon.core.main.ScriptEngine.run(ScriptEngine.java:194)
	at com.kms.katalon.core.main.ScriptEngine.runScriptAsRawText(ScriptEngine.java:119)
	at com.kms.katalon.core.main.TestCaseExecutor.runScript(TestCaseExecutor.java:485)
	at com.kms.katalon.core.main.TestCaseExecutor.doExecute(TestCaseExecutor.java:476)
	at com.kms.katalon.core.main.TestCaseExecutor.processExecutionPhase(TestCaseExecutor.java:455)
	at com.kms.katalon.core.main.TestCaseExecutor.accessMainPhase(TestCaseExecutor.java:447)
	at com.kms.katalon.core.main.TestCaseExecutor.execute(TestCaseExecutor.java:321)
	at com.kms.katalon.core.common.CommonExecutor.accessTestCaseMainPhase(CommonExecutor.java:71)
	at com.kms.katalon.core.main.TestSuiteExecutor.accessTestSuiteMainPhase(TestSuiteExecutor.java:160)
	at com.kms.katalon.core.main.TestSuiteExecutor.execute(TestSuiteExecutor.java:107)
	at com.kms.katalon.core.main.TestCaseMain.startTestSuite(TestCaseMain.java:195)
	at TempTestSuite1752135807090.run(TempTestSuite1752135807090.groovy:35)
	at java.base/jdk.internal.reflect.NativeMethodAccessorImpl.invoke0(Native Method)
	at java.base/jdk.internal.reflect.NativeMethodAccessorImpl.invoke(NativeMethodAccessorImpl.java:77)
	at java.base/jdk.internal.reflect.DelegatingMethodAccessorImpl.invoke(DelegatingMethodAccessorImpl.java:43)
</property>
  <property name="failed.exception.message">Actual text &apos;09 July, 2025&apos; and expected text &apos;10 July, 2025&apos; of test object &apos;Object Repository/Page_Indicators - CGR Foundation (6)/div_09 July, 2025&apos; are NOT matched.</property>
</record>
<record>
  <date>2025-07-10T08:24:03.820056600Z</date>
  <millis>1752135843820</millis>
  <nanos>56600</nanos>
  <sequence>182</sequence>
  <level>END</level>
  <class>com.kms.katalon.core.logging.XmlKeywordLogger</class>
  <method>endKeyword</method>
  <thread>1</thread>
  <message>End action : verifyElementText(findTestObject(&amp;quot;Object Repository/Page_Indicators - CGR Foundation (6)/div_09 July, 2025&amp;quot;), now().format(DateTimeFormatter.ofPattern(&amp;quot;dd MMMM, yyyy&amp;quot;)))</message>
  <nestedLevel>1</nestedLevel>
  <escapedJava>false</escapedJava>
</record>
<record>
  <date>2025-07-10T08:24:03.827213400Z</date>
  <millis>1752135843827</millis>
  <nanos>213400</nanos>
  <sequence>185</sequence>
  <level>FAILED</level>
  <class>com.kms.katalon.core.logging.XmlKeywordLogger</class>
  <method>logMessage</method>
  <thread>1</thread>
  <message>Test Cases/Indicator Current Date-1, 1 response interval and 1 reporting days FAILED.
Reason:
com.kms.katalon.core.exception.StepFailedException: Verify element text of test object &amp;apos;Object Repository/Page_Indicators - CGR Foundation (6)/div_09 July, 2025&amp;apos; FAILED.
	at com.kms.katalon.core.webui.keyword.internal.WebUIKeywordMain.stepFailed(WebUIKeywordMain.groovy:118)
	at com.kms.katalon.core.webui.keyword.internal.WebUIKeywordMain.runKeyword(WebUIKeywordMain.groovy:43)
	at com.kms.katalon.core.webui.keyword.builtin.VerifyElementTextKeyword.verifyElementText(VerifyElementTextKeyword.groovy:72)
	at com.kms.katalon.core.webui.keyword.builtin.VerifyElementTextKeyword.execute(VerifyElementTextKeyword.groovy:40)
	at com.kms.katalon.core.keyword.internal.KeywordExecutor.executeKeywordForPlatform(KeywordExecutor.groovy:64)
	at com.kms.katalon.core.webui.keyword.WebUiBuiltInKeywords.verifyElementText(WebUiBuiltInKeywords.groovy:4994)
	at Indicator Current Date-1, 1 response interval and 1 reporting days.run(Indicator Current Date-1, 1 response interval and 1 reporting days:58)
	at com.kms.katalon.core.main.ScriptEngine.run(ScriptEngine.java:194)
	at com.kms.katalon.core.main.ScriptEngine.runScriptAsRawText(ScriptEngine.java:119)
	at com.kms.katalon.core.main.TestCaseExecutor.runScript(TestCaseExecutor.java:485)
	at com.kms.katalon.core.main.TestCaseExecutor.doExecute(TestCaseExecutor.java:476)
	at com.kms.katalon.core.main.TestCaseExecutor.processExecutionPhase(TestCaseExecutor.java:455)
	at com.kms.katalon.core.main.TestCaseExecutor.accessMainPhase(TestCaseExecutor.java:447)
	at com.kms.katalon.core.main.TestCaseExecutor.execute(TestCaseExecutor.java:321)
	at com.kms.katalon.core.common.CommonExecutor.accessTestCaseMainPhase(CommonExecutor.java:71)
	at com.kms.katalon.core.main.TestSuiteExecutor.accessTestSuiteMainPhase(TestSuiteExecutor.java:160)
	at com.kms.katalon.core.main.TestSuiteExecutor.execute(TestSuiteExecutor.java:107)
	at com.kms.katalon.core.main.TestCaseMain.startTestSuite(TestCaseMain.java:195)
	at TempTestSuite1752135807090.run(TempTestSuite1752135807090.groovy:35)
	at java.base/jdk.internal.reflect.NativeMethodAccessorImpl.invoke0(Native Method)
	at java.base/jdk.internal.reflect.NativeMethodAccessorImpl.invoke(NativeMethodAccessorImpl.java:77)
	at java.base/jdk.internal.reflect.DelegatingMethodAccessorImpl.invoke(DelegatingMethodAccessorImpl.java:43)
Caused by: com.kms.katalon.core.exception.StepFailedException: Actual text &amp;apos;09 July, 2025&amp;apos; and expected text &amp;apos;10 July, 2025&amp;apos; of test object &amp;apos;Object Repository/Page_Indicators - CGR Foundation (6)/div_09 July, 2025&amp;apos; are NOT matched.
	at com.kms.katalon.core.webui.keyword.internal.WebUIKeywordMain.stepFailed(WebUIKeywordMain.groovy:118)
	at com.kms.katalon.core.webui.keyword.builtin.VerifyElementTextKeyword$_verifyElementText_closure1.doCall(VerifyElementTextKeyword.groovy:57)
	at com.kms.katalon.core.webui.keyword.builtin.VerifyElementTextKeyword$_verifyElementText_closure1.call(VerifyElementTextKeyword.groovy)
	at com.kms.katalon.core.webui.keyword.internal.WebUIKeywordMain.runKeyword(WebUIKeywordMain.groovy:35)
	... 20 more
</message>
  <exception>
    <message>com.kms.katalon.core.exception.StepFailedException: Verify element text of test object 'Object Repository/Page_Indicators - CGR Foundation (6)/div_09 July, 2025' FAILED.</message>
    <frame>
      <class>com.kms.katalon.core.logging.XmlKeywordLogger</class>
      <method>logMessage</method>
      <line>500</line>
    </frame>
    <frame>
      <class>com.kms.katalon.core.logging.KeywordLogger</class>
      <method>logMessage</method>
      <line>439</line>
    </frame>
    <frame>
      <class>com.kms.katalon.core.main.TestCaseExecutor</class>
      <method>logError</method>
      <line>593</line>
    </frame>
    <frame>
      <class>com.kms.katalon.core.main.TestCaseExecutor</class>
      <method>onExecutionError</method>
      <line>187</line>
    </frame>
    <frame>
      <class>com.kms.katalon.core.main.TestCaseExecutor</class>
      <method>processExecutionPhase</method>
      <line>465</line>
    </frame>
    <frame>
      <class>com.kms.katalon.core.main.TestCaseExecutor</class>
      <method>accessMainPhase</method>
      <line>447</line>
    </frame>
    <frame>
      <class>com.kms.katalon.core.main.TestCaseExecutor</class>
      <method>execute</method>
      <line>321</line>
    </frame>
    <frame>
      <class>com.kms.katalon.core.common.CommonExecutor</class>
      <method>accessTestCaseMainPhase</method>
      <line>71</line>
    </frame>
    <frame>
      <class>com.kms.katalon.core.main.TestSuiteExecutor</class>
      <method>accessTestSuiteMainPhase</method>
      <line>160</line>
    </frame>
    <frame>
      <class>com.kms.katalon.core.main.TestSuiteExecutor</class>
      <method>execute</method>
      <line>107</line>
    </frame>
    <frame>
      <class>com.kms.katalon.core.main.TestCaseMain</class>
      <method>startTestSuite</method>
      <line>195</line>
    </frame>
    <frame>
      <class>org.codehaus.groovy.vmplugin.v8.IndyInterface</class>
      <method>fromCache</method>
      <line>318</line>
    </frame>
    <frame>
      <class>TempTestSuite1752135807090</class>
      <method>run</method>
      <line>35</line>
    </frame>
    <frame>
      <class>groovy.lang.GroovyShell</class>
      <method>runScriptOrMainOrTestOrRunnable</method>
      <line>254</line>
    </frame>
    <frame>
      <class>groovy.lang.GroovyShell</class>
      <method>run</method>
      <line>360</line>
    </frame>
    <frame>
      <class>groovy.lang.GroovyShell</class>
      <method>run</method>
      <line>349</line>
    </frame>
    <frame>
      <class>groovy.ui.GroovyMain</class>
      <method>processOnce</method>
      <line>652</line>
    </frame>
    <frame>
      <class>groovy.ui.GroovyMain</class>
      <method>run</method>
      <line>398</line>
    </frame>
    <frame>
      <class>groovy.ui.GroovyMain</class>
      <method>access$1400</method>
      <line>68</line>
    </frame>
    <frame>
      <class>groovy.ui.GroovyMain$GroovyCommand</class>
      <method>process</method>
      <line>322</line>
    </frame>
    <frame>
      <class>groovy.ui.GroovyMain</class>
      <method>processArgs</method>
      <line>142</line>
    </frame>
    <frame>
      <class>groovy.ui.GroovyMain</class>
      <method>main</method>
      <line>115</line>
    </frame>
    <frame>
      <class>jdk.internal.reflect.NativeMethodAccessorImpl</class>
      <method>invoke0</method>
    </frame>
    <frame>
      <class>jdk.internal.reflect.NativeMethodAccessorImpl</class>
      <method>invoke</method>
      <line>77</line>
    </frame>
    <frame>
      <class>jdk.internal.reflect.DelegatingMethodAccessorImpl</class>
      <method>invoke</method>
      <line>43</line>
    </frame>
    <frame>
      <class>java.lang.reflect.Method</class>
      <method>invoke</method>
      <line>569</line>
    </frame>
    <frame>
      <class>org.codehaus.groovy.tools.GroovyStarter</class>
      <method>rootLoader</method>
      <line>117</line>
    </frame>
    <frame>
      <class>org.codehaus.groovy.tools.GroovyStarter</class>
      <method>main</method>
      <line>39</line>
    </frame>
  </exception>
  <nestedLevel>0</nestedLevel>
  <escapedJava>false</escapedJava>
  <property name="failed.exception.stacktrace">com.kms.katalon.core.exception.StepFailedException: Actual text &apos;09 July, 2025&apos; and expected text &apos;10 July, 2025&apos; of test object &apos;Object Repository/Page_Indicators - CGR Foundation (6)/div_09 July, 2025&apos; are NOT matched.
	at com.kms.katalon.core.webui.keyword.internal.WebUIKeywordMain.stepFailed(WebUIKeywordMain.groovy:118)
	at com.kms.katalon.core.webui.keyword.builtin.VerifyElementTextKeyword$_verifyElementText_closure1.doCall(VerifyElementTextKeyword.groovy:57)
	at com.kms.katalon.core.webui.keyword.builtin.VerifyElementTextKeyword$_verifyElementText_closure1.call(VerifyElementTextKeyword.groovy)
	at com.kms.katalon.core.webui.keyword.internal.WebUIKeywordMain.runKeyword(WebUIKeywordMain.groovy:35)
	at com.kms.katalon.core.webui.keyword.builtin.VerifyElementTextKeyword.verifyElementText(VerifyElementTextKeyword.groovy:72)
	at com.kms.katalon.core.webui.keyword.builtin.VerifyElementTextKeyword.execute(VerifyElementTextKeyword.groovy:40)
	at com.kms.katalon.core.keyword.internal.KeywordExecutor.executeKeywordForPlatform(KeywordExecutor.groovy:64)
	at com.kms.katalon.core.webui.keyword.WebUiBuiltInKeywords.verifyElementText(WebUiBuiltInKeywords.groovy:4994)
	at Indicator Current Date-1, 1 response interval and 1 reporting days.run(Indicator Current Date-1, 1 response interval and 1 reporting days:58)
	at com.kms.katalon.core.main.ScriptEngine.run(ScriptEngine.java:194)
	at com.kms.katalon.core.main.ScriptEngine.runScriptAsRawText(ScriptEngine.java:119)
	at com.kms.katalon.core.main.TestCaseExecutor.runScript(TestCaseExecutor.java:485)
	at com.kms.katalon.core.main.TestCaseExecutor.doExecute(TestCaseExecutor.java:476)
	at com.kms.katalon.core.main.TestCaseExecutor.processExecutionPhase(TestCaseExecutor.java:455)
	at com.kms.katalon.core.main.TestCaseExecutor.accessMainPhase(TestCaseExecutor.java:447)
	at com.kms.katalon.core.main.TestCaseExecutor.execute(TestCaseExecutor.java:321)
	at com.kms.katalon.core.common.CommonExecutor.accessTestCaseMainPhase(CommonExecutor.java:71)
	at com.kms.katalon.core.main.TestSuiteExecutor.accessTestSuiteMainPhase(TestSuiteExecutor.java:160)
	at com.kms.katalon.core.main.TestSuiteExecutor.execute(TestSuiteExecutor.java:107)
	at com.kms.katalon.core.main.TestCaseMain.startTestSuite(TestCaseMain.java:195)
	at TempTestSuite1752135807090.run(TempTestSuite1752135807090.groovy:35)
	at java.base/jdk.internal.reflect.NativeMethodAccessorImpl.invoke0(Native Method)
	at java.base/jdk.internal.reflect.NativeMethodAccessorImpl.invoke(NativeMethodAccessorImpl.java:77)
	at java.base/jdk.internal.reflect.DelegatingMethodAccessorImpl.invoke(DelegatingMethodAccessorImpl.java:43)
</property>
  <property name="failed.exception.class">com.kms.katalon.core.exception.StepFailedException</property>
  <property name="failed.exception.message">Actual text &apos;09 July, 2025&apos; and expected text &apos;10 July, 2025&apos; of test object &apos;Object Repository/Page_Indicators - CGR Foundation (6)/div_09 July, 2025&apos; are NOT matched.</property>
</record>
<record>
  <date>2025-07-10T08:24:03.836099900Z</date>
  <millis>1752135843836</millis>
  <nanos>99900</nanos>
  <sequence>187</sequence>
  <level>END</level>
  <class>com.kms.katalon.core.logging.XmlKeywordLogger</class>
  <method>endTest</method>
  <thread>1</thread>
  <message>End Test Case : Test Cases/Indicator Current Date-1, 1 response interval and 1 reporting days</message>
  <nestedLevel>0</nestedLevel>
  <escapedJava>false</escapedJava>
  <property name="executionBindingVariables">[]</property>
  <property name="applitools">false</property>
  <property name="remainingRetryCount">3</property>
  <property name="currentRetryCount">0</property>
  <property name="keywordsUsage">{
  &quot;web_ui&quot;: true,
  &quot;web_service&quot;: false,
  &quot;cucumber&quot;: false,
  &quot;builtin&quot;: false,
  &quot;mobile&quot;: false,
  &quot;windows&quot;: false,
  &quot;testng&quot;: false
}</property>
</record>
<record>
  <date>2025-07-10T08:24:03.836099900Z</date>
  <millis>1752135843836</millis>
  <nanos>99900</nanos>
  <sequence>188</sequence>
  <level>START</level>
  <class>com.kms.katalon.core.logging.XmlKeywordLogger</class>
  <method>startTest</method>
  <thread>1</thread>
  <message>Start Test Case : Test Cases/Indicator Current Date-1, 1 response interval and 1 reporting days</message>
  <nestedLevel>1</nestedLevel>
  <escapedJava>false</escapedJava>
  <property name="remainingRetryCount">2</property>
  <property name="name">Test Cases/Indicator Current Date-1, 1 response interval and 1 reporting days</property>
  <property name="description"></property>
  <property name="iteration"></property>
  <property name="id">Test Cases/Indicator Current Date-1, 1 response interval and 1 reporting days</property>
  <property name="source">C:\Users\santh\git\RegressionSuite\Test Cases\Indicator Current Date-1, 1 response interval and 1 reporting days.tc</property>
  <property name="tag"></property>
  <property name="isOptional">false</property>
  <property name="currentRetryCount">1</property>
</record>
<record>
  <date>2025-07-10T08:24:03.927272800Z</date>
  <millis>1752135843927</millis>
  <nanos>272800</nanos>
  <sequence>190</sequence>
  <level>START</level>
  <class>com.kms.katalon.core.logging.XmlKeywordLogger</class>
  <method>startKeyword</method>
  <thread>1</thread>
  <message>Start action : openBrowser(&amp;quot;&amp;quot;)</message>
  <nestedLevel>1</nestedLevel>
  <escapedJava>false</escapedJava>
  <property name="startLine">25</property>
  <property name="stepIndex">1</property>
</record>
<record>
  <date>2025-07-10T08:24:03.937357Z</date>
  <millis>1752135843937</millis>
  <nanos>357000</nanos>
  <sequence>192</sequence>
  <level>WARNING</level>
  <class>com.kms.katalon.core.logging.XmlKeywordLogger</class>
  <method>logMessage</method>
  <thread>1</thread>
  <message>A browser is already opened. Closing browser and opening a new one</message>
  <nestedLevel>1</nestedLevel>
  <escapedJava>false</escapedJava>
</record>
<record>
  <date>2025-07-10T08:24:04.784026600Z</date>
  <millis>1752135844784</millis>
  <nanos>26600</nanos>
  <sequence>193</sequence>
  <level>INFO</level>
  <class>com.kms.katalon.core.logging.XmlKeywordLogger</class>
  <method>logMessage</method>
  <thread>1</thread>
  <message>Starting &amp;apos;Chrome&amp;apos; driver</message>
  <nestedLevel>1</nestedLevel>
  <escapedJava>false</escapedJava>
</record>
<record>
  <date>2025-07-10T08:24:04.788219Z</date>
  <millis>1752135844788</millis>
  <nanos>219000</nanos>
  <sequence>194</sequence>
  <level>INFO</level>
  <class>com.kms.katalon.core.logging.XmlKeywordLogger</class>
  <method>logMessage</method>
  <thread>1</thread>
  <message>Action delay is set to 0 milliseconds</message>
  <nestedLevel>1</nestedLevel>
  <escapedJava>false</escapedJava>
</record>
<record>
  <date>2025-07-10T08:24:06.500250300Z</date>
  <millis>1752135846500</millis>
  <nanos>250300</nanos>
  <sequence>196</sequence>
  <level>RUN_DATA</level>
  <class>com.kms.katalon.core.logging.XmlKeywordLogger</class>
  <method>logMessage</method>
  <thread>1</thread>
  <message>sessionId = 53ed5c0d73532bc440eb75162359e984</message>
  <nestedLevel>1</nestedLevel>
  <escapedJava>false</escapedJava>
  <property name="sessionId">53ed5c0d73532bc440eb75162359e984</property>
</record>
<record>
  <date>2025-07-10T08:24:06.504617700Z</date>
  <millis>1752135846504</millis>
  <nanos>617700</nanos>
  <sequence>197</sequence>
  <level>RUN_DATA</level>
  <class>com.kms.katalon.core.logging.XmlKeywordLogger</class>
  <method>logMessage</method>
  <thread>1</thread>
  <message>browser = Chrome 137.0.7151.120</message>
  <nestedLevel>1</nestedLevel>
  <escapedJava>false</escapedJava>
  <property name="browser">Chrome 137.0.7151.120</property>
</record>
<record>
  <date>2025-07-10T08:24:06.505577Z</date>
  <millis>1752135846505</millis>
  <nanos>577000</nanos>
  <sequence>198</sequence>
  <level>RUN_DATA</level>
  <class>com.kms.katalon.core.logging.XmlKeywordLogger</class>
  <method>logMessage</method>
  <thread>1</thread>
  <message>platform = Windows 11</message>
  <nestedLevel>1</nestedLevel>
  <escapedJava>false</escapedJava>
  <property name="platform">Windows 11</property>
</record>
<record>
  <date>2025-07-10T08:24:06.505577Z</date>
  <millis>1752135846505</millis>
  <nanos>577000</nanos>
  <sequence>199</sequence>
  <level>RUN_DATA</level>
  <class>com.kms.katalon.core.logging.XmlKeywordLogger</class>
  <method>logMessage</method>
  <thread>1</thread>
  <message>seleniumVersion = 4.28.1</message>
  <nestedLevel>1</nestedLevel>
  <escapedJava>false</escapedJava>
  <property name="seleniumVersion">4.28.1</property>
</record>
<record>
  <date>2025-07-10T08:24:06.505577Z</date>
  <millis>1752135846505</millis>
  <nanos>577000</nanos>
  <sequence>200</sequence>
  <level>RUN_DATA</level>
  <class>com.kms.katalon.core.logging.XmlKeywordLogger</class>
  <method>logMessage</method>
  <thread>1</thread>
  <message>proxyInformation = ProxyInformation { proxyOption=NO_PROXY, proxyServerType=HTTP, username=, password=********, proxyServerAddress=, proxyServerPort=0, executionList=&amp;quot;&amp;quot;, isApplyToDesiredCapabilities=true }</message>
  <nestedLevel>1</nestedLevel>
  <escapedJava>false</escapedJava>
  <property name="proxyInformation">ProxyInformation { proxyOption=NO_PROXY, proxyServerType=HTTP, username=, password=********, proxyServerAddress=, proxyServerPort=0, executionList=&quot;&quot;, isApplyToDesiredCapabilities=true }</property>
</record>
<record>
  <date>2025-07-10T08:24:06.543723Z</date>
  <millis>1752135846543</millis>
  <nanos>723000</nanos>
  <sequence>201</sequence>
  <level>PASSED</level>
  <class>com.kms.katalon.core.logging.XmlKeywordLogger</class>
  <method>logMessage</method>
  <thread>1</thread>
  <message>Browser is opened with url: &amp;apos;&amp;apos;</message>
  <nestedLevel>1</nestedLevel>
  <escapedJava>false</escapedJava>
  <property name="testops-method-name">com.kms.katalon.core.webui.keyword.builtin.OpenBrowserKeyword.openBrowser</property>
  <property name="testops-execution-stacktrace"></property>
</record>
<record>
  <date>2025-07-10T08:24:06.544717900Z</date>
  <millis>1752135846544</millis>
  <nanos>717900</nanos>
  <sequence>202</sequence>
  <level>END</level>
  <class>com.kms.katalon.core.logging.XmlKeywordLogger</class>
  <method>endKeyword</method>
  <thread>1</thread>
  <message>End action : openBrowser(&amp;quot;&amp;quot;)</message>
  <nestedLevel>1</nestedLevel>
  <escapedJava>false</escapedJava>
</record>
<record>
  <date>2025-07-10T08:24:06.545719900Z</date>
  <millis>1752135846545</millis>
  <nanos>719900</nanos>
  <sequence>203</sequence>
  <level>START</level>
  <class>com.kms.katalon.core.logging.XmlKeywordLogger</class>
  <method>startKeyword</method>
  <thread>1</thread>
  <message>Start action : navigateToUrl(&amp;quot;https://bug-nation.cgrfoundation-staging.com/accounts/login&amp;quot;)</message>
  <nestedLevel>1</nestedLevel>
  <escapedJava>false</escapedJava>
  <property name="startLine">27</property>
  <property name="stepIndex">2</property>
</record>
<record>
  <date>2025-07-10T08:24:07.051692400Z</date>
  <millis>1752135847051</millis>
  <nanos>692400</nanos>
  <sequence>206</sequence>
  <level>PASSED</level>
  <class>com.kms.katalon.core.logging.XmlKeywordLogger</class>
  <method>logMessage</method>
  <thread>1</thread>
  <message>Navigate to &amp;apos;https://bug-nation.cgrfoundation-staging.com/accounts/login&amp;apos; successfully</message>
  <nestedLevel>1</nestedLevel>
  <escapedJava>false</escapedJava>
  <property name="testops-method-name">com.kms.katalon.core.webui.keyword.builtin.NavigateToUrlKeyword.navigateToUrl</property>
  <property name="testops-execution-stacktrace"></property>
</record>
<record>
  <date>2025-07-10T08:24:07.051692400Z</date>
  <millis>1752135847051</millis>
  <nanos>692400</nanos>
  <sequence>207</sequence>
  <level>END</level>
  <class>com.kms.katalon.core.logging.XmlKeywordLogger</class>
  <method>endKeyword</method>
  <thread>1</thread>
  <message>End action : navigateToUrl(&amp;quot;https://bug-nation.cgrfoundation-staging.com/accounts/login&amp;quot;)</message>
  <nestedLevel>1</nestedLevel>
  <escapedJava>false</escapedJava>
</record>
<record>
  <date>2025-07-10T08:24:07.053265400Z</date>
  <millis>1752135847053</millis>
  <nanos>265400</nanos>
  <sequence>208</sequence>
  <level>START</level>
  <class>com.kms.katalon.core.logging.XmlKeywordLogger</class>
  <method>startKeyword</method>
  <thread>1</thread>
  <message>Start action : maximizeWindow()</message>
  <nestedLevel>1</nestedLevel>
  <escapedJava>false</escapedJava>
  <property name="startLine">29</property>
  <property name="stepIndex">3</property>
</record>
<record>
  <date>2025-07-10T08:24:07.124416400Z</date>
  <millis>1752135847124</millis>
  <nanos>416400</nanos>
  <sequence>210</sequence>
  <level>PASSED</level>
  <class>com.kms.katalon.core.logging.XmlKeywordLogger</class>
  <method>logMessage</method>
  <thread>1</thread>
  <message>Current window maximized</message>
  <nestedLevel>1</nestedLevel>
  <escapedJava>false</escapedJava>
  <property name="testops-method-name">com.kms.katalon.core.webui.keyword.builtin.MaximizeWindowKeyword.maximizeWindow</property>
  <property name="testops-execution-stacktrace"></property>
</record>
<record>
  <date>2025-07-10T08:24:07.124416400Z</date>
  <millis>1752135847124</millis>
  <nanos>416400</nanos>
  <sequence>211</sequence>
  <level>END</level>
  <class>com.kms.katalon.core.logging.XmlKeywordLogger</class>
  <method>endKeyword</method>
  <thread>1</thread>
  <message>End action : maximizeWindow()</message>
  <nestedLevel>1</nestedLevel>
  <escapedJava>false</escapedJava>
</record>
<record>
  <date>2025-07-10T08:24:07.127194400Z</date>
  <millis>1752135847127</millis>
  <nanos>194400</nanos>
  <sequence>212</sequence>
  <level>START</level>
  <class>com.kms.katalon.core.logging.XmlKeywordLogger</class>
  <method>startKeyword</method>
  <thread>1</thread>
  <message>Start action : setText(findTestObject(&amp;quot;Object Repository/Page_CGR Foundation/input_Email address_accountemail&amp;quot;), &amp;quot;santhosh.nidamanuri@corpgovrisk.com&amp;quot;)</message>
  <nestedLevel>1</nestedLevel>
  <escapedJava>false</escapedJava>
  <property name="startLine">31</property>
  <property name="stepIndex">4</property>
</record>
<record>
  <date>2025-07-10T08:24:07.933731700Z</date>
  <millis>1752135847933</millis>
  <nanos>731700</nanos>
  <sequence>228</sequence>
  <level>PASSED</level>
  <class>com.kms.katalon.core.logging.XmlKeywordLogger</class>
  <method>logMessage</method>
  <thread>1</thread>
  <message>Text &amp;apos;santhosh.nidamanuri@corpgovrisk.com&amp;apos; is set on object &amp;apos;Object Repository/Page_CGR Foundation/input_Email address_accountemail&amp;apos;</message>
  <nestedLevel>1</nestedLevel>
  <escapedJava>false</escapedJava>
  <property name="testops-method-name">com.kms.katalon.core.webui.keyword.builtin.SetTextKeyword.setText</property>
  <property name="testops-execution-stacktrace"></property>
</record>
<record>
  <date>2025-07-10T08:24:07.933731700Z</date>
  <millis>1752135847933</millis>
  <nanos>731700</nanos>
  <sequence>229</sequence>
  <level>END</level>
  <class>com.kms.katalon.core.logging.XmlKeywordLogger</class>
  <method>endKeyword</method>
  <thread>1</thread>
  <message>End action : setText(findTestObject(&amp;quot;Object Repository/Page_CGR Foundation/input_Email address_accountemail&amp;quot;), &amp;quot;santhosh.nidamanuri@corpgovrisk.com&amp;quot;)</message>
  <nestedLevel>1</nestedLevel>
  <escapedJava>false</escapedJava>
</record>
<record>
  <date>2025-07-10T08:24:07.933731700Z</date>
  <millis>1752135847933</millis>
  <nanos>731700</nanos>
  <sequence>230</sequence>
  <level>START</level>
  <class>com.kms.katalon.core.logging.XmlKeywordLogger</class>
  <method>startKeyword</method>
  <thread>1</thread>
  <message>Start action : setEncryptedText(findTestObject(&amp;quot;Object Repository/Page_CGR Foundation/input_Password_accountpassword&amp;quot;), &amp;quot;g9InqrzvBVyAQwkGaiz+Ig==&amp;quot;)</message>
  <nestedLevel>1</nestedLevel>
  <escapedJava>false</escapedJava>
  <property name="startLine">33</property>
  <property name="stepIndex">5</property>
</record>
<record>
  <date>2025-07-10T08:24:08.340578600Z</date>
  <millis>1752135848340</millis>
  <nanos>578600</nanos>
  <sequence>241</sequence>
  <level>PASSED</level>
  <class>com.kms.katalon.core.logging.XmlKeywordLogger</class>
  <method>logMessage</method>
  <thread>1</thread>
  <message>Text ****** has been set on object &amp;apos;Object Repository/Page_CGR Foundation/input_Password_accountpassword&amp;apos;</message>
  <nestedLevel>1</nestedLevel>
  <escapedJava>false</escapedJava>
  <property name="testops-method-name">com.kms.katalon.core.webui.keyword.builtin.SetEncryptedTextKeyword.setEncryptedText</property>
  <property name="testops-execution-stacktrace"></property>
</record>
<record>
  <date>2025-07-10T08:24:08.340578600Z</date>
  <millis>1752135848340</millis>
  <nanos>578600</nanos>
  <sequence>242</sequence>
  <level>END</level>
  <class>com.kms.katalon.core.logging.XmlKeywordLogger</class>
  <method>endKeyword</method>
  <thread>1</thread>
  <message>End action : setEncryptedText(findTestObject(&amp;quot;Object Repository/Page_CGR Foundation/input_Password_accountpassword&amp;quot;), &amp;quot;g9InqrzvBVyAQwkGaiz+Ig==&amp;quot;)</message>
  <nestedLevel>1</nestedLevel>
  <escapedJava>false</escapedJava>
</record>
<record>
  <date>2025-07-10T08:24:08.341982600Z</date>
  <millis>1752135848341</millis>
  <nanos>982600</nanos>
  <sequence>243</sequence>
  <level>START</level>
  <class>com.kms.katalon.core.logging.XmlKeywordLogger</class>
  <method>startKeyword</method>
  <thread>1</thread>
  <message>Start action : click(findTestObject(&amp;quot;Object Repository/Page_CGR Foundation/input_Remember me_commit&amp;quot;))</message>
  <nestedLevel>1</nestedLevel>
  <escapedJava>false</escapedJava>
  <property name="startLine">35</property>
  <property name="stepIndex">6</property>
</record>
<record>
  <date>2025-07-10T08:24:10.370497900Z</date>
  <millis>1752135850370</millis>
  <nanos>497900</nanos>
  <sequence>253</sequence>
  <level>PASSED</level>
  <class>com.kms.katalon.core.logging.XmlKeywordLogger</class>
  <method>logMessage</method>
  <thread>1</thread>
  <message>Object: &amp;apos;Object Repository/Page_CGR Foundation/input_Remember me_commit&amp;apos; is clicked on</message>
  <nestedLevel>1</nestedLevel>
  <escapedJava>false</escapedJava>
  <property name="testops-method-name">com.kms.katalon.core.webui.keyword.builtin.ClickKeyword.click</property>
  <property name="testops-execution-stacktrace"></property>
</record>
<record>
  <date>2025-07-10T08:24:10.376042200Z</date>
  <millis>1752135850376</millis>
  <nanos>42200</nanos>
  <sequence>254</sequence>
  <level>END</level>
  <class>com.kms.katalon.core.logging.XmlKeywordLogger</class>
  <method>endKeyword</method>
  <thread>1</thread>
  <message>End action : click(findTestObject(&amp;quot;Object Repository/Page_CGR Foundation/input_Remember me_commit&amp;quot;))</message>
  <nestedLevel>1</nestedLevel>
  <escapedJava>false</escapedJava>
</record>
<record>
  <date>2025-07-10T08:24:10.376042200Z</date>
  <millis>1752135850376</millis>
  <nanos>42200</nanos>
  <sequence>255</sequence>
  <level>START</level>
  <class>com.kms.katalon.core.logging.XmlKeywordLogger</class>
  <method>startKeyword</method>
  <thread>1</thread>
  <message>Start action : navigateToUrl(&amp;quot;https://bug-nation.cgrfoundation-staging.com/indicators/110&amp;quot;)</message>
  <nestedLevel>1</nestedLevel>
  <escapedJava>false</escapedJava>
  <property name="startLine">37</property>
  <property name="stepIndex">7</property>
</record>
<record>
  <date>2025-07-10T08:24:11.691039400Z</date>
  <millis>1752135851691</millis>
  <nanos>39400</nanos>
  <sequence>258</sequence>
  <level>PASSED</level>
  <class>com.kms.katalon.core.logging.XmlKeywordLogger</class>
  <method>logMessage</method>
  <thread>1</thread>
  <message>Navigate to &amp;apos;https://bug-nation.cgrfoundation-staging.com/indicators/110&amp;apos; successfully</message>
  <nestedLevel>1</nestedLevel>
  <escapedJava>false</escapedJava>
  <property name="testops-method-name">com.kms.katalon.core.webui.keyword.builtin.NavigateToUrlKeyword.navigateToUrl</property>
  <property name="testops-execution-stacktrace"></property>
</record>
<record>
  <date>2025-07-10T08:24:11.692653900Z</date>
  <millis>1752135851692</millis>
  <nanos>653900</nanos>
  <sequence>259</sequence>
  <level>END</level>
  <class>com.kms.katalon.core.logging.XmlKeywordLogger</class>
  <method>endKeyword</method>
  <thread>1</thread>
  <message>End action : navigateToUrl(&amp;quot;https://bug-nation.cgrfoundation-staging.com/indicators/110&amp;quot;)</message>
  <nestedLevel>1</nestedLevel>
  <escapedJava>false</escapedJava>
</record>
<record>
  <date>2025-07-10T08:24:11.694670400Z</date>
  <millis>1752135851694</millis>
  <nanos>670400</nanos>
  <sequence>260</sequence>
  <level>START</level>
  <class>com.kms.katalon.core.logging.XmlKeywordLogger</class>
  <method>startKeyword</method>
  <thread>1</thread>
  <message>Start action : click(findTestObject(&amp;quot;Object Repository/Page_Indicators - CGR Foundation (6)/button_Edit&amp;quot;))</message>
  <nestedLevel>1</nestedLevel>
  <escapedJava>false</escapedJava>
  <property name="startLine">39</property>
  <property name="stepIndex">8</property>
</record>
<record>
  <date>2025-07-10T08:24:13.974129600Z</date>
  <millis>1752135853974</millis>
  <nanos>129600</nanos>
  <sequence>270</sequence>
  <level>PASSED</level>
  <class>com.kms.katalon.core.logging.XmlKeywordLogger</class>
  <method>logMessage</method>
  <thread>1</thread>
  <message>Object: &amp;apos;Object Repository/Page_Indicators - CGR Foundation (6)/button_Edit&amp;apos; is clicked on</message>
  <nestedLevel>1</nestedLevel>
  <escapedJava>false</escapedJava>
  <property name="testops-method-name">com.kms.katalon.core.webui.keyword.builtin.ClickKeyword.click</property>
  <property name="testops-execution-stacktrace"></property>
</record>
<record>
  <date>2025-07-10T08:24:13.976142300Z</date>
  <millis>1752135853976</millis>
  <nanos>142300</nanos>
  <sequence>271</sequence>
  <level>END</level>
  <class>com.kms.katalon.core.logging.XmlKeywordLogger</class>
  <method>endKeyword</method>
  <thread>1</thread>
  <message>End action : click(findTestObject(&amp;quot;Object Repository/Page_Indicators - CGR Foundation (6)/button_Edit&amp;quot;))</message>
  <nestedLevel>1</nestedLevel>
  <escapedJava>false</escapedJava>
</record>
<record>
  <date>2025-07-10T08:24:13.982847900Z</date>
  <millis>1752135853982</millis>
  <nanos>847900</nanos>
  <sequence>272</sequence>
  <level>START</level>
  <class>com.kms.katalon.core.logging.XmlKeywordLogger</class>
  <method>startKeyword</method>
  <thread>1</thread>
  <message>Start action : click(findTestObject(&amp;quot;Object Repository/Page_Indicators - CGR Foundation (6)/input_Next Report Date_due_date&amp;quot;))</message>
  <nestedLevel>1</nestedLevel>
  <escapedJava>false</escapedJava>
  <property name="startLine">41</property>
  <property name="stepIndex">9</property>
</record>
<record>
  <date>2025-07-10T08:24:16.037266500Z</date>
  <millis>1752135856037</millis>
  <nanos>266500</nanos>
  <sequence>282</sequence>
  <level>PASSED</level>
  <class>com.kms.katalon.core.logging.XmlKeywordLogger</class>
  <method>logMessage</method>
  <thread>1</thread>
  <message>Object: &amp;apos;Object Repository/Page_Indicators - CGR Foundation (6)/input_Next Report Date_due_date&amp;apos; is clicked on</message>
  <nestedLevel>1</nestedLevel>
  <escapedJava>false</escapedJava>
  <property name="testops-method-name">com.kms.katalon.core.webui.keyword.builtin.ClickKeyword.click</property>
  <property name="testops-execution-stacktrace"></property>
</record>
<record>
  <date>2025-07-10T08:24:16.037266500Z</date>
  <millis>1752135856037</millis>
  <nanos>266500</nanos>
  <sequence>283</sequence>
  <level>END</level>
  <class>com.kms.katalon.core.logging.XmlKeywordLogger</class>
  <method>endKeyword</method>
  <thread>1</thread>
  <message>End action : click(findTestObject(&amp;quot;Object Repository/Page_Indicators - CGR Foundation (6)/input_Next Report Date_due_date&amp;quot;))</message>
  <nestedLevel>1</nestedLevel>
  <escapedJava>false</escapedJava>
</record>
<record>
  <date>2025-07-10T08:24:16.039358Z</date>
  <millis>1752135856039</millis>
  <nanos>358000</nanos>
  <sequence>284</sequence>
  <level>START</level>
  <class>com.kms.katalon.core.logging.XmlKeywordLogger</class>
  <method>startKeyword</method>
  <thread>1</thread>
  <message>Start action : setText(findTestObject(&amp;quot;Object Repository/Page_Indicators - CGR Foundation (6)/input_Next Report Date_due_date&amp;quot;), minusDays(1).format(DateTimeFormatter.ofPattern(&amp;quot;dd/MM/yyyy&amp;quot;)))</message>
  <nestedLevel>1</nestedLevel>
  <escapedJava>false</escapedJava>
  <property name="startLine">43</property>
  <property name="stepIndex">10</property>
</record>
<record>
  <date>2025-07-10T08:24:17.333723700Z</date>
  <millis>1752135857333</millis>
  <nanos>723700</nanos>
  <sequence>300</sequence>
  <level>PASSED</level>
  <class>com.kms.katalon.core.logging.XmlKeywordLogger</class>
  <method>logMessage</method>
  <thread>1</thread>
  <message>Text &amp;apos;09/07/2025&amp;apos; is set on object &amp;apos;Object Repository/Page_Indicators - CGR Foundation (6)/input_Next Report Date_due_date&amp;apos;</message>
  <nestedLevel>1</nestedLevel>
  <escapedJava>false</escapedJava>
  <property name="testops-method-name">com.kms.katalon.core.webui.keyword.builtin.SetTextKeyword.setText</property>
  <property name="testops-execution-stacktrace"></property>
</record>
<record>
  <date>2025-07-10T08:24:17.333723700Z</date>
  <millis>1752135857333</millis>
  <nanos>723700</nanos>
  <sequence>301</sequence>
  <level>END</level>
  <class>com.kms.katalon.core.logging.XmlKeywordLogger</class>
  <method>endKeyword</method>
  <thread>1</thread>
  <message>End action : setText(findTestObject(&amp;quot;Object Repository/Page_Indicators - CGR Foundation (6)/input_Next Report Date_due_date&amp;quot;), minusDays(1).format(DateTimeFormatter.ofPattern(&amp;quot;dd/MM/yyyy&amp;quot;)))</message>
  <nestedLevel>1</nestedLevel>
  <escapedJava>false</escapedJava>
</record>
<record>
  <date>2025-07-10T08:24:17.333723700Z</date>
  <millis>1752135857333</millis>
  <nanos>723700</nanos>
  <sequence>302</sequence>
  <level>START</level>
  <class>com.kms.katalon.core.logging.XmlKeywordLogger</class>
  <method>startKeyword</method>
  <thread>1</thread>
  <message>Start action : click(findTestObject(&amp;quot;Object Repository/Page_Indicators - CGR Foundation (6)/button_Save&amp;quot;))</message>
  <nestedLevel>1</nestedLevel>
  <escapedJava>false</escapedJava>
  <property name="startLine">46</property>
  <property name="stepIndex">11</property>
</record>
<record>
  <date>2025-07-10T08:24:18.094251600Z</date>
  <millis>1752135858094</millis>
  <nanos>251600</nanos>
  <sequence>312</sequence>
  <level>PASSED</level>
  <class>com.kms.katalon.core.logging.XmlKeywordLogger</class>
  <method>logMessage</method>
  <thread>1</thread>
  <message>Object: &amp;apos;Object Repository/Page_Indicators - CGR Foundation (6)/button_Save&amp;apos; is clicked on</message>
  <nestedLevel>1</nestedLevel>
  <escapedJava>false</escapedJava>
  <property name="testops-method-name">com.kms.katalon.core.webui.keyword.builtin.ClickKeyword.click</property>
  <property name="testops-execution-stacktrace"></property>
</record>
<record>
  <date>2025-07-10T08:24:18.094251600Z</date>
  <millis>1752135858094</millis>
  <nanos>251600</nanos>
  <sequence>313</sequence>
  <level>END</level>
  <class>com.kms.katalon.core.logging.XmlKeywordLogger</class>
  <method>endKeyword</method>
  <thread>1</thread>
  <message>End action : click(findTestObject(&amp;quot;Object Repository/Page_Indicators - CGR Foundation (6)/button_Save&amp;quot;))</message>
  <nestedLevel>1</nestedLevel>
  <escapedJava>false</escapedJava>
</record>
<record>
  <date>2025-07-10T08:24:18.108066700Z</date>
  <millis>1752135858108</millis>
  <nanos>66700</nanos>
  <sequence>314</sequence>
  <level>START</level>
  <class>com.kms.katalon.core.logging.XmlKeywordLogger</class>
  <method>startKeyword</method>
  <thread>1</thread>
  <message>Start action : verifyElementText(findTestObject(&amp;quot;Object Repository/Page_Indicators - CGR Foundation (6)/div_08 July, 2025&amp;quot;), minusDays(1).format(DateTimeFormatter.ofPattern(&amp;quot;dd MMMM, yyyy&amp;quot;)))</message>
  <nestedLevel>1</nestedLevel>
  <escapedJava>false</escapedJava>
  <property name="startLine">48</property>
  <property name="stepIndex">12</property>
</record>
<record>
  <date>2025-07-10T08:24:18.126899500Z</date>
  <millis>1752135858126</millis>
  <nanos>899500</nanos>
  <sequence>321</sequence>
  <level>WARNING</level>
  <class>com.kms.katalon.core.logging.XmlKeywordLogger</class>
  <method>logMessage</method>
  <thread>1</thread>
  <message>[SELF-HEALING] Failed to find element with id &amp;apos;Object Repository/Page_Indicators - CGR Foundation (6)/div_08 July, 2025&amp;apos;. Try using Self-healing.</message>
  <nestedLevel>1</nestedLevel>
  <escapedJava>false</escapedJava>
</record>
<record>
  <date>2025-07-10T08:24:18.158638300Z</date>
  <millis>1752135858158</millis>
  <nanos>638300</nanos>
  <sequence>324</sequence>
  <level>WARNING</level>
  <class>com.kms.katalon.core.logging.XmlKeywordLogger</class>
  <method>logMessage</method>
  <thread>1</thread>
  <message>[SELF-HEALING] unexpected alert open: {Alert text : Are you sure you want to close this window? Unsaved changes will be lost.}
  (Session info: chrome=137.0.7151.120): Are you sure you want to close this window? Unsaved changes will be lost.
Build info: version: &amp;apos;4.28.1&amp;apos;, revision: &amp;apos;73f5ad48a2&amp;apos;
System info: os.name: &amp;apos;Windows 11&amp;apos;, os.arch: &amp;apos;amd64&amp;apos;, os.version: &amp;apos;10.0&amp;apos;, java.version: &amp;apos;17.0.14&amp;apos;
Driver info: com.kms.katalon.selenium.driver.CChromeDriver
Command: [53ed5c0d73532bc440eb75162359e984, findElements {value=//div[@id=&amp;apos;js-MainContent&amp;apos;]/div/div[3]/div/div[2]/div/div/div/div[2]/div, using=xpath}]
Capabilities {acceptInsecureCerts: false, browserName: chrome, browserVersion: 137.0.7151.120, chrome: {chromedriverVersion: 137.0.7151.55 (254bc711794d..., userDataDir: C:\Users\santh\AppData\Loca...}, fedcm:accounts: true, goog:chromeOptions: {debuggerAddress: localhost:60708}, networkConnectionEnabled: false, pageLoadStrategy: normal, platformName: windows, proxy: Proxy(), se:cdp: ws://localhost:60708/devtoo..., se:cdpVersion: 137.0.7151.120, setWindowRect: true, strictFileInteractability: false, timeouts: {implicit: 0, pageLoad: 300000, script: 30000}, unhandledPromptBehavior: ignore, webSocketUrl: ws://localhost:22913/sessio..., webauthn:extension:credBlob: true, webauthn:extension:largeBlob: true, webauthn:extension:minPinLength: true, webauthn:extension:prf: true, webauthn:virtualAuthenticators: true}
Session ID: 53ed5c0d73532bc440eb75162359e984</message>
  <nestedLevel>1</nestedLevel>
  <escapedJava>false</escapedJava>
  <property name="failed.exception.class">org.openqa.selenium.UnhandledAlertException</property>
  <property name="failed.exception.stacktrace">org.openqa.selenium.UnhandledAlertException: unexpected alert open: {Alert text : Are you sure you want to close this window? Unsaved changes will be lost.}
  (Session info: chrome=137.0.7151.120): Are you sure you want to close this window? Unsaved changes will be lost.
Build info: version: &apos;4.28.1&apos;, revision: &apos;73f5ad48a2&apos;
System info: os.name: &apos;Windows 11&apos;, os.arch: &apos;amd64&apos;, os.version: &apos;10.0&apos;, java.version: &apos;17.0.14&apos;
Driver info: com.kms.katalon.selenium.driver.CChromeDriver
Command: [53ed5c0d73532bc440eb75162359e984, findElements {value=//div[@id=&apos;js-MainContent&apos;]/div/div[3]/div/div[2]/div/div/div/div[2]/div, using=xpath}]
Capabilities {acceptInsecureCerts: false, browserName: chrome, browserVersion: 137.0.7151.120, chrome: {chromedriverVersion: 137.0.7151.55 (254bc711794d..., userDataDir: C:\Users\santh\AppData\Loca...}, fedcm:accounts: true, goog:chromeOptions: {debuggerAddress: localhost:60708}, networkConnectionEnabled: false, pageLoadStrategy: normal, platformName: windows, proxy: Proxy(), se:cdp: ws://localhost:60708/devtoo..., se:cdpVersion: 137.0.7151.120, setWindowRect: true, strictFileInteractability: false, timeouts: {implicit: 0, pageLoad: 300000, script: 30000}, unhandledPromptBehavior: ignore, webSocketUrl: ws://localhost:22913/sessio..., webauthn:extension:credBlob: true, webauthn:extension:largeBlob: true, webauthn:extension:minPinLength: true, webauthn:extension:prf: true, webauthn:virtualAuthenticators: true}
Session ID: 53ed5c0d73532bc440eb75162359e984
	at org.openqa.selenium.remote.codec.w3c.W3CHttpResponseCodec.decode(W3CHttpResponseCodec.java:136)
	at org.openqa.selenium.remote.codec.w3c.W3CHttpResponseCodec.decode(W3CHttpResponseCodec.java:50)
	at org.openqa.selenium.remote.HttpCommandExecutor.execute(HttpCommandExecutor.java:215)
	at org.openqa.selenium.remote.service.DriverCommandExecutor.invokeExecute(DriverCommandExecutor.java:216)
	at org.openqa.selenium.remote.service.DriverCommandExecutor.execute(DriverCommandExecutor.java:174)
	at org.openqa.selenium.remote.RemoteWebDriver.execute(RemoteWebDriver.java:545)
	at org.openqa.selenium.remote.ElementLocation$ElementFinder$2.findElements(ElementLocation.java:182)
	at org.openqa.selenium.remote.ElementLocation.findElements(ElementLocation.java:103)
	at org.openqa.selenium.remote.RemoteWebDriver.findElements(RemoteWebDriver.java:381)
	at org.openqa.selenium.remote.RemoteWebDriver.findElements(RemoteWebDriver.java:375)
	at jdk.internal.reflect.GeneratedMethodAccessor17.invoke(Unknown Source)
	at java.base/jdk.internal.reflect.DelegatingMethodAccessorImpl.invoke(DelegatingMethodAccessorImpl.java:43)
	at org.openqa.selenium.support.decorators.WebDriverDecorator.call(WebDriverDecorator.java:315)
	at org.openqa.selenium.support.decorators.DefaultDecorated.call(DefaultDecorated.java:48)
	at org.openqa.selenium.support.decorators.WebDriverDecorator.lambda$createProxyFactory$3(WebDriverDecorator.java:405)
	at org.openqa.selenium.remote.RemoteWebDriver$ByteBuddy$KcYDMDir.findElements(Unknown Source)
	at com.kms.katalon.core.webui.common.WebUiCommonHelper.findWebElementsWithSmartXPath(WebUiCommonHelper.java:1145)
	at com.kms.katalon.core.webui.common.WebUiCommonHelper.findElementsBySelectedMethod(WebUiCommonHelper.java:954)
	at com.kms.katalon.core.webui.common.WebUiCommonHelper.findElementsWithSelfHealing(WebUiCommonHelper.java:846)
	at com.kms.katalon.core.webui.common.WebUiCommonHelper.findWebElements(WebUiCommonHelper.java:758)
	at com.kms.katalon.core.webui.common.WebUiCommonHelper.findWebElement(WebUiCommonHelper.java:1448)
	at com.kms.katalon.core.webui.keyword.internal.WebUIAbstractKeyword.findWebElement(WebUIAbstractKeyword.groovy:27)
	at com.kms.katalon.core.webui.keyword.builtin.VerifyElementTextKeyword$_verifyElementText_closure1.doCall(VerifyElementTextKeyword.groovy:52)
	at com.kms.katalon.core.webui.keyword.builtin.VerifyElementTextKeyword$_verifyElementText_closure1.call(VerifyElementTextKeyword.groovy)
	at com.kms.katalon.core.webui.keyword.internal.WebUIKeywordMain.runKeyword(WebUIKeywordMain.groovy:35)
	at com.kms.katalon.core.webui.keyword.builtin.VerifyElementTextKeyword.verifyElementText(VerifyElementTextKeyword.groovy:72)
	at com.kms.katalon.core.webui.keyword.builtin.VerifyElementTextKeyword.execute(VerifyElementTextKeyword.groovy:40)
	at com.kms.katalon.core.keyword.internal.KeywordExecutor.executeKeywordForPlatform(KeywordExecutor.groovy:64)
	at com.kms.katalon.core.webui.keyword.WebUiBuiltInKeywords.verifyElementText(WebUiBuiltInKeywords.groovy:4994)
	at Indicator Current Date-1, 1 response interval and 1 reporting days.run(Indicator Current Date-1, 1 response interval and 1 reporting days:49)
	at com.kms.katalon.core.main.ScriptEngine.run(ScriptEngine.java:194)
	at com.kms.katalon.core.main.ScriptEngine.runScriptAsRawText(ScriptEngine.java:119)
	at com.kms.katalon.core.main.TestCaseExecutor.runScript(TestCaseExecutor.java:485)
	at com.kms.katalon.core.main.TestCaseExecutor.doExecute(TestCaseExecutor.java:476)
	at com.kms.katalon.core.main.TestCaseExecutor.processExecutionPhase(TestCaseExecutor.java:455)
	at com.kms.katalon.core.main.TestCaseExecutor.accessMainPhase(TestCaseExecutor.java:447)
	at com.kms.katalon.core.main.TestCaseExecutor.execute(TestCaseExecutor.java:321)
	at com.kms.katalon.core.main.TestCaseExecutor.execute(TestCaseExecutor.java:405)
	at com.kms.katalon.core.common.CommonExecutor.accessTestCaseMainPhase(CommonExecutor.java:71)
	at com.kms.katalon.core.main.TestSuiteExecutor.accessTestSuiteMainPhase(TestSuiteExecutor.java:160)
	at com.kms.katalon.core.main.TestSuiteExecutor.execute(TestSuiteExecutor.java:107)
	at com.kms.katalon.core.main.TestCaseMain.startTestSuite(TestCaseMain.java:195)
	at TempTestSuite1752135807090.run(TempTestSuite1752135807090.groovy:35)
	at java.base/jdk.internal.reflect.NativeMethodAccessorImpl.invoke0(Native Method)
	at java.base/jdk.internal.reflect.NativeMethodAccessorImpl.invoke(NativeMethodAccessorImpl.java:77)
	at java.base/jdk.internal.reflect.DelegatingMethodAccessorImpl.invoke(DelegatingMethodAccessorImpl.java:43)
</property>
  <property name="failed.exception.message">unexpected alert open: {Alert text : Are you sure you want to close this window? Unsaved changes will be lost.}
  (Session info: chrome=137.0.7151.120): Are you sure you want to close this window? Unsaved changes will be lost.
Build info: version: &apos;4.28.1&apos;, revision: &apos;73f5ad48a2&apos;
System info: os.name: &apos;Windows 11&apos;, os.arch: &apos;amd64&apos;, os.version: &apos;10.0&apos;, java.version: &apos;17.0.14&apos;
Driver info: com.kms.katalon.selenium.driver.CChromeDriver
Command: [53ed5c0d73532bc440eb75162359e984, findElements {value=//div[@id=&apos;js-MainContent&apos;]/div/div[3]/div/div[2]/div/div/div/div[2]/div, using=xpath}]
Capabilities {acceptInsecureCerts: false, browserName: chrome, browserVersion: 137.0.7151.120, chrome: {chromedriverVersion: 137.0.7151.55 (254bc711794d..., userDataDir: C:\Users\santh\AppData\Loca...}, fedcm:accounts: true, goog:chromeOptions: {debuggerAddress: localhost:60708}, networkConnectionEnabled: false, pageLoadStrategy: normal, platformName: windows, proxy: Proxy(), se:cdp: ws://localhost:60708/devtoo..., se:cdpVersion: 137.0.7151.120, setWindowRect: true, strictFileInteractability: false, timeouts: {implicit: 0, pageLoad: 300000, script: 30000}, unhandledPromptBehavior: ignore, webSocketUrl: ws://localhost:22913/sessio..., webauthn:extension:credBlob: true, webauthn:extension:largeBlob: true, webauthn:extension:minPinLength: true, webauthn:extension:prf: true, webauthn:virtualAuthenticators: true}
Session ID: 53ed5c0d73532bc440eb75162359e984</property>
</record>
<record>
  <date>2025-07-10T08:24:19.165685600Z</date>
  <millis>1752135859165</millis>
  <nanos>685600</nanos>
  <sequence>328</sequence>
  <level>WARNING</level>
  <class>com.kms.katalon.core.logging.XmlKeywordLogger</class>
  <method>logMessage</method>
  <thread>1</thread>
  <message>[SELF-HEALING] unexpected alert open: {Alert text : Are you sure you want to close this window? Unsaved changes will be lost.}
  (Session info: chrome=137.0.7151.120): Are you sure you want to close this window? Unsaved changes will be lost.
Build info: version: &amp;apos;4.28.1&amp;apos;, revision: &amp;apos;73f5ad48a2&amp;apos;
System info: os.name: &amp;apos;Windows 11&amp;apos;, os.arch: &amp;apos;amd64&amp;apos;, os.version: &amp;apos;10.0&amp;apos;, java.version: &amp;apos;17.0.14&amp;apos;
Driver info: com.kms.katalon.selenium.driver.CChromeDriver
Command: [53ed5c0d73532bc440eb75162359e984, findElements {value=//*[(text() = &amp;apos;

08 July, 2025
&amp;apos; or . = &amp;apos;

08 July, 2025
&amp;apos;)], using=xpath}]
Capabilities {acceptInsecureCerts: false, browserName: chrome, browserVersion: 137.0.7151.120, chrome: {chromedriverVersion: 137.0.7151.55 (254bc711794d..., userDataDir: C:\Users\santh\AppData\Loca...}, fedcm:accounts: true, goog:chromeOptions: {debuggerAddress: localhost:60708}, networkConnectionEnabled: false, pageLoadStrategy: normal, platformName: windows, proxy: Proxy(), se:cdp: ws://localhost:60708/devtoo..., se:cdpVersion: 137.0.7151.120, setWindowRect: true, strictFileInteractability: false, timeouts: {implicit: 0, pageLoad: 300000, script: 30000}, unhandledPromptBehavior: ignore, webSocketUrl: ws://localhost:22913/sessio..., webauthn:extension:credBlob: true, webauthn:extension:largeBlob: true, webauthn:extension:minPinLength: true, webauthn:extension:prf: true, webauthn:virtualAuthenticators: true}
Session ID: 53ed5c0d73532bc440eb75162359e984</message>
  <nestedLevel>1</nestedLevel>
  <escapedJava>false</escapedJava>
  <property name="failed.exception.class">org.openqa.selenium.UnhandledAlertException</property>
  <property name="failed.exception.stacktrace">org.openqa.selenium.UnhandledAlertException: unexpected alert open: {Alert text : Are you sure you want to close this window? Unsaved changes will be lost.}
  (Session info: chrome=137.0.7151.120): Are you sure you want to close this window? Unsaved changes will be lost.
Build info: version: &apos;4.28.1&apos;, revision: &apos;73f5ad48a2&apos;
System info: os.name: &apos;Windows 11&apos;, os.arch: &apos;amd64&apos;, os.version: &apos;10.0&apos;, java.version: &apos;17.0.14&apos;
Driver info: com.kms.katalon.selenium.driver.CChromeDriver
Command: [53ed5c0d73532bc440eb75162359e984, findElements {value=//*[(text() = &apos;

08 July, 2025
&apos; or . = &apos;

08 July, 2025
&apos;)], using=xpath}]
Capabilities {acceptInsecureCerts: false, browserName: chrome, browserVersion: 137.0.7151.120, chrome: {chromedriverVersion: 137.0.7151.55 (254bc711794d..., userDataDir: C:\Users\santh\AppData\Loca...}, fedcm:accounts: true, goog:chromeOptions: {debuggerAddress: localhost:60708}, networkConnectionEnabled: false, pageLoadStrategy: normal, platformName: windows, proxy: Proxy(), se:cdp: ws://localhost:60708/devtoo..., se:cdpVersion: 137.0.7151.120, setWindowRect: true, strictFileInteractability: false, timeouts: {implicit: 0, pageLoad: 300000, script: 30000}, unhandledPromptBehavior: ignore, webSocketUrl: ws://localhost:22913/sessio..., webauthn:extension:credBlob: true, webauthn:extension:largeBlob: true, webauthn:extension:minPinLength: true, webauthn:extension:prf: true, webauthn:virtualAuthenticators: true}
Session ID: 53ed5c0d73532bc440eb75162359e984
	at org.openqa.selenium.remote.codec.w3c.W3CHttpResponseCodec.decode(W3CHttpResponseCodec.java:136)
	at org.openqa.selenium.remote.codec.w3c.W3CHttpResponseCodec.decode(W3CHttpResponseCodec.java:50)
	at org.openqa.selenium.remote.HttpCommandExecutor.execute(HttpCommandExecutor.java:215)
	at org.openqa.selenium.remote.service.DriverCommandExecutor.invokeExecute(DriverCommandExecutor.java:216)
	at org.openqa.selenium.remote.service.DriverCommandExecutor.execute(DriverCommandExecutor.java:174)
	at org.openqa.selenium.remote.RemoteWebDriver.execute(RemoteWebDriver.java:545)
	at org.openqa.selenium.remote.ElementLocation$ElementFinder$2.findElements(ElementLocation.java:182)
	at org.openqa.selenium.remote.ElementLocation.findElements(ElementLocation.java:103)
	at org.openqa.selenium.remote.RemoteWebDriver.findElements(RemoteWebDriver.java:381)
	at org.openqa.selenium.remote.RemoteWebDriver.findElements(RemoteWebDriver.java:375)
	at jdk.internal.reflect.GeneratedMethodAccessor17.invoke(Unknown Source)
	at java.base/jdk.internal.reflect.DelegatingMethodAccessorImpl.invoke(DelegatingMethodAccessorImpl.java:43)
	at org.openqa.selenium.support.decorators.WebDriverDecorator.call(WebDriverDecorator.java:315)
	at org.openqa.selenium.support.decorators.DefaultDecorated.call(DefaultDecorated.java:48)
	at org.openqa.selenium.support.decorators.WebDriverDecorator.lambda$createProxyFactory$3(WebDriverDecorator.java:405)
	at org.openqa.selenium.remote.RemoteWebDriver$ByteBuddy$KcYDMDir.findElements(Unknown Source)
	at com.kms.katalon.core.webui.common.WebUiCommonHelper.findElementByNormalMethods(WebUiCommonHelper.java:1064)
	at com.kms.katalon.core.webui.common.WebUiCommonHelper.findElementsBySelectedMethod(WebUiCommonHelper.java:949)
	at com.kms.katalon.core.webui.common.WebUiCommonHelper.findElementsWithSelfHealing(WebUiCommonHelper.java:846)
	at com.kms.katalon.core.webui.common.WebUiCommonHelper.findWebElements(WebUiCommonHelper.java:758)
	at com.kms.katalon.core.webui.common.WebUiCommonHelper.findWebElement(WebUiCommonHelper.java:1448)
	at com.kms.katalon.core.webui.keyword.internal.WebUIAbstractKeyword.findWebElement(WebUIAbstractKeyword.groovy:27)
	at com.kms.katalon.core.webui.keyword.builtin.VerifyElementTextKeyword$_verifyElementText_closure1.doCall(VerifyElementTextKeyword.groovy:52)
	at com.kms.katalon.core.webui.keyword.builtin.VerifyElementTextKeyword$_verifyElementText_closure1.call(VerifyElementTextKeyword.groovy)
	at com.kms.katalon.core.webui.keyword.internal.WebUIKeywordMain.runKeyword(WebUIKeywordMain.groovy:35)
	at com.kms.katalon.core.webui.keyword.builtin.VerifyElementTextKeyword.verifyElementText(VerifyElementTextKeyword.groovy:72)
	at com.kms.katalon.core.webui.keyword.builtin.VerifyElementTextKeyword.execute(VerifyElementTextKeyword.groovy:40)
	at com.kms.katalon.core.keyword.internal.KeywordExecutor.executeKeywordForPlatform(KeywordExecutor.groovy:64)
	at com.kms.katalon.core.webui.keyword.WebUiBuiltInKeywords.verifyElementText(WebUiBuiltInKeywords.groovy:4994)
	at Indicator Current Date-1, 1 response interval and 1 reporting days.run(Indicator Current Date-1, 1 response interval and 1 reporting days:49)
	at com.kms.katalon.core.main.ScriptEngine.run(ScriptEngine.java:194)
	at com.kms.katalon.core.main.ScriptEngine.runScriptAsRawText(ScriptEngine.java:119)
	at com.kms.katalon.core.main.TestCaseExecutor.runScript(TestCaseExecutor.java:485)
	at com.kms.katalon.core.main.TestCaseExecutor.doExecute(TestCaseExecutor.java:476)
	at com.kms.katalon.core.main.TestCaseExecutor.processExecutionPhase(TestCaseExecutor.java:455)
	at com.kms.katalon.core.main.TestCaseExecutor.accessMainPhase(TestCaseExecutor.java:447)
	at com.kms.katalon.core.main.TestCaseExecutor.execute(TestCaseExecutor.java:321)
	at com.kms.katalon.core.main.TestCaseExecutor.execute(TestCaseExecutor.java:405)
	at com.kms.katalon.core.common.CommonExecutor.accessTestCaseMainPhase(CommonExecutor.java:71)
	at com.kms.katalon.core.main.TestSuiteExecutor.accessTestSuiteMainPhase(TestSuiteExecutor.java:160)
	at com.kms.katalon.core.main.TestSuiteExecutor.execute(TestSuiteExecutor.java:107)
	at com.kms.katalon.core.main.TestCaseMain.startTestSuite(TestCaseMain.java:195)
	at TempTestSuite1752135807090.run(TempTestSuite1752135807090.groovy:35)
	at java.base/jdk.internal.reflect.NativeMethodAccessorImpl.invoke0(Native Method)
	at java.base/jdk.internal.reflect.NativeMethodAccessorImpl.invoke(NativeMethodAccessorImpl.java:77)
	at java.base/jdk.internal.reflect.DelegatingMethodAccessorImpl.invoke(DelegatingMethodAccessorImpl.java:43)
</property>
  <property name="failed.exception.message">unexpected alert open: {Alert text : Are you sure you want to close this window? Unsaved changes will be lost.}
  (Session info: chrome=137.0.7151.120): Are you sure you want to close this window? Unsaved changes will be lost.
Build info: version: &apos;4.28.1&apos;, revision: &apos;73f5ad48a2&apos;
System info: os.name: &apos;Windows 11&apos;, os.arch: &apos;amd64&apos;, os.version: &apos;10.0&apos;, java.version: &apos;17.0.14&apos;
Driver info: com.kms.katalon.selenium.driver.CChromeDriver
Command: [53ed5c0d73532bc440eb75162359e984, findElements {value=//*[(text() = &apos;

08 July, 2025
&apos; or . = &apos;

08 July, 2025
&apos;)], using=xpath}]
Capabilities {acceptInsecureCerts: false, browserName: chrome, browserVersion: 137.0.7151.120, chrome: {chromedriverVersion: 137.0.7151.55 (254bc711794d..., userDataDir: C:\Users\santh\AppData\Loca...}, fedcm:accounts: true, goog:chromeOptions: {debuggerAddress: localhost:60708}, networkConnectionEnabled: false, pageLoadStrategy: normal, platformName: windows, proxy: Proxy(), se:cdp: ws://localhost:60708/devtoo..., se:cdpVersion: 137.0.7151.120, setWindowRect: true, strictFileInteractability: false, timeouts: {implicit: 0, pageLoad: 300000, script: 30000}, unhandledPromptBehavior: ignore, webSocketUrl: ws://localhost:22913/sessio..., webauthn:extension:credBlob: true, webauthn:extension:largeBlob: true, webauthn:extension:minPinLength: true, webauthn:extension:prf: true, webauthn:virtualAuthenticators: true}
Session ID: 53ed5c0d73532bc440eb75162359e984</property>
</record>
<record>
  <date>2025-07-10T08:24:19.176603600Z</date>
  <millis>1752135859176</millis>
  <nanos>603600</nanos>
  <sequence>332</sequence>
  <level>WARNING</level>
  <class>com.kms.katalon.core.logging.XmlKeywordLogger</class>
  <method>logMessage</method>
  <thread>1</thread>
  <message>[SELF-HEALING] unexpected alert open: {Alert text : Are you sure you want to close this window? Unsaved changes will be lost.}
  (Session info: chrome=137.0.7151.120): Are you sure you want to close this window? Unsaved changes will be lost.
Build info: version: &amp;apos;4.28.1&amp;apos;, revision: &amp;apos;73f5ad48a2&amp;apos;
System info: os.name: &amp;apos;Windows 11&amp;apos;, os.arch: &amp;apos;amd64&amp;apos;, os.version: &amp;apos;10.0&amp;apos;, java.version: &amp;apos;17.0.14&amp;apos;
Driver info: com.kms.katalon.selenium.driver.CChromeDriver
Command: [53ed5c0d73532bc440eb75162359e984, findElements {value=div.text-danger, using=css selector}]
Capabilities {acceptInsecureCerts: false, browserName: chrome, browserVersion: 137.0.7151.120, chrome: {chromedriverVersion: 137.0.7151.55 (254bc711794d..., userDataDir: C:\Users\santh\AppData\Loca...}, fedcm:accounts: true, goog:chromeOptions: {debuggerAddress: localhost:60708}, networkConnectionEnabled: false, pageLoadStrategy: normal, platformName: windows, proxy: Proxy(), se:cdp: ws://localhost:60708/devtoo..., se:cdpVersion: 137.0.7151.120, setWindowRect: true, strictFileInteractability: false, timeouts: {implicit: 0, pageLoad: 300000, script: 30000}, unhandledPromptBehavior: ignore, webSocketUrl: ws://localhost:22913/sessio..., webauthn:extension:credBlob: true, webauthn:extension:largeBlob: true, webauthn:extension:minPinLength: true, webauthn:extension:prf: true, webauthn:virtualAuthenticators: true}
Session ID: 53ed5c0d73532bc440eb75162359e984</message>
  <nestedLevel>1</nestedLevel>
  <escapedJava>false</escapedJava>
  <property name="failed.exception.class">org.openqa.selenium.UnhandledAlertException</property>
  <property name="failed.exception.stacktrace">org.openqa.selenium.UnhandledAlertException: unexpected alert open: {Alert text : Are you sure you want to close this window? Unsaved changes will be lost.}
  (Session info: chrome=137.0.7151.120): Are you sure you want to close this window? Unsaved changes will be lost.
Build info: version: &apos;4.28.1&apos;, revision: &apos;73f5ad48a2&apos;
System info: os.name: &apos;Windows 11&apos;, os.arch: &apos;amd64&apos;, os.version: &apos;10.0&apos;, java.version: &apos;17.0.14&apos;
Driver info: com.kms.katalon.selenium.driver.CChromeDriver
Command: [53ed5c0d73532bc440eb75162359e984, findElements {value=div.text-danger, using=css selector}]
Capabilities {acceptInsecureCerts: false, browserName: chrome, browserVersion: 137.0.7151.120, chrome: {chromedriverVersion: 137.0.7151.55 (254bc711794d..., userDataDir: C:\Users\santh\AppData\Loca...}, fedcm:accounts: true, goog:chromeOptions: {debuggerAddress: localhost:60708}, networkConnectionEnabled: false, pageLoadStrategy: normal, platformName: windows, proxy: Proxy(), se:cdp: ws://localhost:60708/devtoo..., se:cdpVersion: 137.0.7151.120, setWindowRect: true, strictFileInteractability: false, timeouts: {implicit: 0, pageLoad: 300000, script: 30000}, unhandledPromptBehavior: ignore, webSocketUrl: ws://localhost:22913/sessio..., webauthn:extension:credBlob: true, webauthn:extension:largeBlob: true, webauthn:extension:minPinLength: true, webauthn:extension:prf: true, webauthn:virtualAuthenticators: true}
Session ID: 53ed5c0d73532bc440eb75162359e984
	at org.openqa.selenium.remote.codec.w3c.W3CHttpResponseCodec.decode(W3CHttpResponseCodec.java:136)
	at org.openqa.selenium.remote.codec.w3c.W3CHttpResponseCodec.decode(W3CHttpResponseCodec.java:50)
	at org.openqa.selenium.remote.HttpCommandExecutor.execute(HttpCommandExecutor.java:215)
	at org.openqa.selenium.remote.service.DriverCommandExecutor.invokeExecute(DriverCommandExecutor.java:216)
	at org.openqa.selenium.remote.service.DriverCommandExecutor.execute(DriverCommandExecutor.java:174)
	at org.openqa.selenium.remote.RemoteWebDriver.execute(RemoteWebDriver.java:545)
	at org.openqa.selenium.remote.ElementLocation$ElementFinder$2.findElements(ElementLocation.java:182)
	at org.openqa.selenium.remote.ElementLocation.findElements(ElementLocation.java:103)
	at org.openqa.selenium.remote.RemoteWebDriver.findElements(RemoteWebDriver.java:381)
	at org.openqa.selenium.remote.RemoteWebDriver.findElements(RemoteWebDriver.java:375)
	at jdk.internal.reflect.GeneratedMethodAccessor17.invoke(Unknown Source)
	at java.base/jdk.internal.reflect.DelegatingMethodAccessorImpl.invoke(DelegatingMethodAccessorImpl.java:43)
	at org.openqa.selenium.support.decorators.WebDriverDecorator.call(WebDriverDecorator.java:315)
	at org.openqa.selenium.support.decorators.DefaultDecorated.call(DefaultDecorated.java:48)
	at org.openqa.selenium.support.decorators.WebDriverDecorator.lambda$createProxyFactory$3(WebDriverDecorator.java:405)
	at org.openqa.selenium.remote.RemoteWebDriver$ByteBuddy$KcYDMDir.findElements(Unknown Source)
	at com.kms.katalon.core.webui.common.WebUiCommonHelper.findElementByNormalMethods(WebUiCommonHelper.java:1064)
	at com.kms.katalon.core.webui.common.WebUiCommonHelper.findElementsBySelectedMethod(WebUiCommonHelper.java:951)
	at com.kms.katalon.core.webui.common.WebUiCommonHelper.findElementsWithSelfHealing(WebUiCommonHelper.java:846)
	at com.kms.katalon.core.webui.common.WebUiCommonHelper.findWebElements(WebUiCommonHelper.java:758)
	at com.kms.katalon.core.webui.common.WebUiCommonHelper.findWebElement(WebUiCommonHelper.java:1448)
	at com.kms.katalon.core.webui.keyword.internal.WebUIAbstractKeyword.findWebElement(WebUIAbstractKeyword.groovy:27)
	at com.kms.katalon.core.webui.keyword.builtin.VerifyElementTextKeyword$_verifyElementText_closure1.doCall(VerifyElementTextKeyword.groovy:52)
	at com.kms.katalon.core.webui.keyword.builtin.VerifyElementTextKeyword$_verifyElementText_closure1.call(VerifyElementTextKeyword.groovy)
	at com.kms.katalon.core.webui.keyword.internal.WebUIKeywordMain.runKeyword(WebUIKeywordMain.groovy:35)
	at com.kms.katalon.core.webui.keyword.builtin.VerifyElementTextKeyword.verifyElementText(VerifyElementTextKeyword.groovy:72)
	at com.kms.katalon.core.webui.keyword.builtin.VerifyElementTextKeyword.execute(VerifyElementTextKeyword.groovy:40)
	at com.kms.katalon.core.keyword.internal.KeywordExecutor.executeKeywordForPlatform(KeywordExecutor.groovy:64)
	at com.kms.katalon.core.webui.keyword.WebUiBuiltInKeywords.verifyElementText(WebUiBuiltInKeywords.groovy:4994)
	at Indicator Current Date-1, 1 response interval and 1 reporting days.run(Indicator Current Date-1, 1 response interval and 1 reporting days:49)
	at com.kms.katalon.core.main.ScriptEngine.run(ScriptEngine.java:194)
	at com.kms.katalon.core.main.ScriptEngine.runScriptAsRawText(ScriptEngine.java:119)
	at com.kms.katalon.core.main.TestCaseExecutor.runScript(TestCaseExecutor.java:485)
	at com.kms.katalon.core.main.TestCaseExecutor.doExecute(TestCaseExecutor.java:476)
	at com.kms.katalon.core.main.TestCaseExecutor.processExecutionPhase(TestCaseExecutor.java:455)
	at com.kms.katalon.core.main.TestCaseExecutor.accessMainPhase(TestCaseExecutor.java:447)
	at com.kms.katalon.core.main.TestCaseExecutor.execute(TestCaseExecutor.java:321)
	at com.kms.katalon.core.main.TestCaseExecutor.execute(TestCaseExecutor.java:405)
	at com.kms.katalon.core.common.CommonExecutor.accessTestCaseMainPhase(CommonExecutor.java:71)
	at com.kms.katalon.core.main.TestSuiteExecutor.accessTestSuiteMainPhase(TestSuiteExecutor.java:160)
	at com.kms.katalon.core.main.TestSuiteExecutor.execute(TestSuiteExecutor.java:107)
	at com.kms.katalon.core.main.TestCaseMain.startTestSuite(TestCaseMain.java:195)
	at TempTestSuite1752135807090.run(TempTestSuite1752135807090.groovy:35)
	at java.base/jdk.internal.reflect.NativeMethodAccessorImpl.invoke0(Native Method)
	at java.base/jdk.internal.reflect.NativeMethodAccessorImpl.invoke(NativeMethodAccessorImpl.java:77)
	at java.base/jdk.internal.reflect.DelegatingMethodAccessorImpl.invoke(DelegatingMethodAccessorImpl.java:43)
</property>
  <property name="failed.exception.message">unexpected alert open: {Alert text : Are you sure you want to close this window? Unsaved changes will be lost.}
  (Session info: chrome=137.0.7151.120): Are you sure you want to close this window? Unsaved changes will be lost.
Build info: version: &apos;4.28.1&apos;, revision: &apos;73f5ad48a2&apos;
System info: os.name: &apos;Windows 11&apos;, os.arch: &apos;amd64&apos;, os.version: &apos;10.0&apos;, java.version: &apos;17.0.14&apos;
Driver info: com.kms.katalon.selenium.driver.CChromeDriver
Command: [53ed5c0d73532bc440eb75162359e984, findElements {value=div.text-danger, using=css selector}]
Capabilities {acceptInsecureCerts: false, browserName: chrome, browserVersion: 137.0.7151.120, chrome: {chromedriverVersion: 137.0.7151.55 (254bc711794d..., userDataDir: C:\Users\santh\AppData\Loca...}, fedcm:accounts: true, goog:chromeOptions: {debuggerAddress: localhost:60708}, networkConnectionEnabled: false, pageLoadStrategy: normal, platformName: windows, proxy: Proxy(), se:cdp: ws://localhost:60708/devtoo..., se:cdpVersion: 137.0.7151.120, setWindowRect: true, strictFileInteractability: false, timeouts: {implicit: 0, pageLoad: 300000, script: 30000}, unhandledPromptBehavior: ignore, webSocketUrl: ws://localhost:22913/sessio..., webauthn:extension:credBlob: true, webauthn:extension:largeBlob: true, webauthn:extension:minPinLength: true, webauthn:extension:prf: true, webauthn:virtualAuthenticators: true}
Session ID: 53ed5c0d73532bc440eb75162359e984</property>
</record>
<record>
  <date>2025-07-10T08:24:19.186399Z</date>
  <millis>1752135859186</millis>
  <nanos>399000</nanos>
  <sequence>334</sequence>
  <level>WARNING</level>
  <class>com.kms.katalon.core.logging.XmlKeywordLogger</class>
  <method>logMessage</method>
  <thread>1</thread>
  <message>Cannot take screenshot</message>
  <nestedLevel>1</nestedLevel>
  <escapedJava>false</escapedJava>
  <property name="failed.exception.class">org.openqa.selenium.UnhandledAlertException</property>
  <property name="failed.exception.stacktrace">org.openqa.selenium.UnhandledAlertException: unexpected alert open: {Alert text : Are you sure you want to close this window? Unsaved changes will be lost.}
  (Session info: chrome=137.0.7151.120): Are you sure you want to close this window? Unsaved changes will be lost.
Build info: version: &apos;4.28.1&apos;, revision: &apos;73f5ad48a2&apos;
System info: os.name: &apos;Windows 11&apos;, os.arch: &apos;amd64&apos;, os.version: &apos;10.0&apos;, java.version: &apos;17.0.14&apos;
Driver info: com.kms.katalon.selenium.driver.CChromeDriver
Command: [53ed5c0d73532bc440eb75162359e984, screenshot {}]
Capabilities {acceptInsecureCerts: false, browserName: chrome, browserVersion: 137.0.7151.120, chrome: {chromedriverVersion: 137.0.7151.55 (254bc711794d..., userDataDir: C:\Users\santh\AppData\Loca...}, fedcm:accounts: true, goog:chromeOptions: {debuggerAddress: localhost:60708}, networkConnectionEnabled: false, pageLoadStrategy: normal, platformName: windows, proxy: Proxy(), se:cdp: ws://localhost:60708/devtoo..., se:cdpVersion: 137.0.7151.120, setWindowRect: true, strictFileInteractability: false, timeouts: {implicit: 0, pageLoad: 300000, script: 30000}, unhandledPromptBehavior: ignore, webSocketUrl: ws://localhost:22913/sessio..., webauthn:extension:credBlob: true, webauthn:extension:largeBlob: true, webauthn:extension:minPinLength: true, webauthn:extension:prf: true, webauthn:virtualAuthenticators: true}
Session ID: 53ed5c0d73532bc440eb75162359e984
	at org.openqa.selenium.remote.codec.w3c.W3CHttpResponseCodec.decode(W3CHttpResponseCodec.java:136)
	at org.openqa.selenium.remote.codec.w3c.W3CHttpResponseCodec.decode(W3CHttpResponseCodec.java:50)
	at org.openqa.selenium.remote.HttpCommandExecutor.execute(HttpCommandExecutor.java:215)
	at org.openqa.selenium.remote.service.DriverCommandExecutor.invokeExecute(DriverCommandExecutor.java:216)
	at org.openqa.selenium.remote.service.DriverCommandExecutor.execute(DriverCommandExecutor.java:174)
	at org.openqa.selenium.remote.RemoteWebDriver.execute(RemoteWebDriver.java:545)
	at org.openqa.selenium.remote.RemoteWebDriver.execute(RemoteWebDriver.java:618)
	at com.kms.katalon.selenium.driver.CChromeDriver.execute(CChromeDriver.java:19)
	at org.openqa.selenium.remote.RemoteWebDriver.execute(RemoteWebDriver.java:622)
	at org.openqa.selenium.remote.RemoteWebDriver.getScreenshotAs(RemoteWebDriver.java:334)
	at java.base/jdk.internal.reflect.NativeMethodAccessorImpl.invoke0(Native Method)
	at java.base/jdk.internal.reflect.NativeMethodAccessorImpl.invoke(NativeMethodAccessorImpl.java:77)
	at java.base/jdk.internal.reflect.DelegatingMethodAccessorImpl.invoke(DelegatingMethodAccessorImpl.java:43)
	at org.openqa.selenium.support.decorators.WebDriverDecorator.call(WebDriverDecorator.java:315)
	at org.openqa.selenium.support.decorators.DefaultDecorated.call(DefaultDecorated.java:48)
	at org.openqa.selenium.support.decorators.WebDriverDecorator.lambda$createProxyFactory$3(WebDriverDecorator.java:405)
	at org.openqa.selenium.remote.RemoteWebDriver$ByteBuddy$KcYDMDir.getScreenshotAs(Unknown Source)
	at com.kms.katalon.core.webui.helper.screenshot.WebUIScreenCaptor.take(WebUIScreenCaptor.java:26)
	at com.kms.katalon.core.helper.screenshot.ScreenCaptor.takeScreenshotAndGetAttributes(ScreenCaptor.java:38)
	at com.kms.katalon.core.webui.keyword.internal.WebUIKeywordMain.stepFailed(WebUIKeywordMain.groovy:118)
	at com.kms.katalon.core.webui.keyword.internal.WebUIKeywordMain.runKeyword(WebUIKeywordMain.groovy:43)
	at com.kms.katalon.core.webui.keyword.builtin.VerifyElementTextKeyword.verifyElementText(VerifyElementTextKeyword.groovy:72)
	at com.kms.katalon.core.webui.keyword.builtin.VerifyElementTextKeyword.execute(VerifyElementTextKeyword.groovy:40)
	at com.kms.katalon.core.keyword.internal.KeywordExecutor.executeKeywordForPlatform(KeywordExecutor.groovy:64)
	at com.kms.katalon.core.webui.keyword.WebUiBuiltInKeywords.verifyElementText(WebUiBuiltInKeywords.groovy:4994)
	at Indicator Current Date-1, 1 response interval and 1 reporting days.run(Indicator Current Date-1, 1 response interval and 1 reporting days:49)
	at com.kms.katalon.core.main.ScriptEngine.run(ScriptEngine.java:194)
	at com.kms.katalon.core.main.ScriptEngine.runScriptAsRawText(ScriptEngine.java:119)
	at com.kms.katalon.core.main.TestCaseExecutor.runScript(TestCaseExecutor.java:485)
	at com.kms.katalon.core.main.TestCaseExecutor.doExecute(TestCaseExecutor.java:476)
	at com.kms.katalon.core.main.TestCaseExecutor.processExecutionPhase(TestCaseExecutor.java:455)
	at com.kms.katalon.core.main.TestCaseExecutor.accessMainPhase(TestCaseExecutor.java:447)
	at com.kms.katalon.core.main.TestCaseExecutor.execute(TestCaseExecutor.java:321)
	at com.kms.katalon.core.main.TestCaseExecutor.execute(TestCaseExecutor.java:405)
	at com.kms.katalon.core.common.CommonExecutor.accessTestCaseMainPhase(CommonExecutor.java:71)
	at com.kms.katalon.core.main.TestSuiteExecutor.accessTestSuiteMainPhase(TestSuiteExecutor.java:160)
	at com.kms.katalon.core.main.TestSuiteExecutor.execute(TestSuiteExecutor.java:107)
	at com.kms.katalon.core.main.TestCaseMain.startTestSuite(TestCaseMain.java:195)
	at TempTestSuite1752135807090.run(TempTestSuite1752135807090.groovy:35)
	at java.base/jdk.internal.reflect.NativeMethodAccessorImpl.invoke0(Native Method)
	at java.base/jdk.internal.reflect.NativeMethodAccessorImpl.invoke(NativeMethodAccessorImpl.java:77)
	at java.base/jdk.internal.reflect.DelegatingMethodAccessorImpl.invoke(DelegatingMethodAccessorImpl.java:43)
</property>
  <property name="failed.exception.message">unexpected alert open: {Alert text : Are you sure you want to close this window? Unsaved changes will be lost.}
  (Session info: chrome=137.0.7151.120): Are you sure you want to close this window? Unsaved changes will be lost.
Build info: version: &apos;4.28.1&apos;, revision: &apos;73f5ad48a2&apos;
System info: os.name: &apos;Windows 11&apos;, os.arch: &apos;amd64&apos;, os.version: &apos;10.0&apos;, java.version: &apos;17.0.14&apos;
Driver info: com.kms.katalon.selenium.driver.CChromeDriver
Command: [53ed5c0d73532bc440eb75162359e984, screenshot {}]
Capabilities {acceptInsecureCerts: false, browserName: chrome, browserVersion: 137.0.7151.120, chrome: {chromedriverVersion: 137.0.7151.55 (254bc711794d..., userDataDir: C:\Users\santh\AppData\Loca...}, fedcm:accounts: true, goog:chromeOptions: {debuggerAddress: localhost:60708}, networkConnectionEnabled: false, pageLoadStrategy: normal, platformName: windows, proxy: Proxy(), se:cdp: ws://localhost:60708/devtoo..., se:cdpVersion: 137.0.7151.120, setWindowRect: true, strictFileInteractability: false, timeouts: {implicit: 0, pageLoad: 300000, script: 30000}, unhandledPromptBehavior: ignore, webSocketUrl: ws://localhost:22913/sessio..., webauthn:extension:credBlob: true, webauthn:extension:largeBlob: true, webauthn:extension:minPinLength: true, webauthn:extension:prf: true, webauthn:virtualAuthenticators: true}
Session ID: 53ed5c0d73532bc440eb75162359e984</property>
</record>
<record>
  <date>2025-07-10T08:24:19.190456800Z</date>
  <millis>1752135859190</millis>
  <nanos>456800</nanos>
  <sequence>338</sequence>
  <level>FAILED</level>
  <class>com.kms.katalon.core.logging.XmlKeywordLogger</class>
  <method>logMessage</method>
  <thread>1</thread>
  <message>Verify element text of test object &amp;apos;Object Repository/Page_Indicators - CGR Foundation (6)/div_08 July, 2025&amp;apos; FAILED. (Root cause: com.kms.katalon.core.exception.StepFailedException: Verify element text of test object &amp;apos;Object Repository/Page_Indicators - CGR Foundation (6)/div_08 July, 2025&amp;apos; FAILED.
	at com.kms.katalon.core.webui.keyword.internal.WebUIKeywordMain.stepFailed(WebUIKeywordMain.groovy:118)
	at com.kms.katalon.core.webui.keyword.internal.WebUIKeywordMain.runKeyword(WebUIKeywordMain.groovy:43)
	at com.kms.katalon.core.webui.keyword.builtin.VerifyElementTextKeyword.verifyElementText(VerifyElementTextKeyword.groovy:72)
	at com.kms.katalon.core.webui.keyword.builtin.VerifyElementTextKeyword.execute(VerifyElementTextKeyword.groovy:40)
	at com.kms.katalon.core.keyword.internal.KeywordExecutor.executeKeywordForPlatform(KeywordExecutor.groovy:64)
	at com.kms.katalon.core.webui.keyword.WebUiBuiltInKeywords.verifyElementText(WebUiBuiltInKeywords.groovy:4994)
	at Indicator Current Date-1, 1 response interval and 1 reporting days.run(Indicator Current Date-1, 1 response interval and 1 reporting days:49)
	at com.kms.katalon.core.main.ScriptEngine.run(ScriptEngine.java:194)
	at com.kms.katalon.core.main.ScriptEngine.runScriptAsRawText(ScriptEngine.java:119)
	at com.kms.katalon.core.main.TestCaseExecutor.runScript(TestCaseExecutor.java:485)
	at com.kms.katalon.core.main.TestCaseExecutor.doExecute(TestCaseExecutor.java:476)
	at com.kms.katalon.core.main.TestCaseExecutor.processExecutionPhase(TestCaseExecutor.java:455)
	at com.kms.katalon.core.main.TestCaseExecutor.accessMainPhase(TestCaseExecutor.java:447)
	at com.kms.katalon.core.main.TestCaseExecutor.execute(TestCaseExecutor.java:321)
	at com.kms.katalon.core.main.TestCaseExecutor.execute(TestCaseExecutor.java:405)
	at com.kms.katalon.core.common.CommonExecutor.accessTestCaseMainPhase(CommonExecutor.java:71)
	at com.kms.katalon.core.main.TestSuiteExecutor.accessTestSuiteMainPhase(TestSuiteExecutor.java:160)
	at com.kms.katalon.core.main.TestSuiteExecutor.execute(TestSuiteExecutor.java:107)
	at com.kms.katalon.core.main.TestCaseMain.startTestSuite(TestCaseMain.java:195)
	at TempTestSuite1752135807090.run(TempTestSuite1752135807090.groovy:35)
	at java.base/jdk.internal.reflect.NativeMethodAccessorImpl.invoke0(Native Method)
	at java.base/jdk.internal.reflect.NativeMethodAccessorImpl.invoke(NativeMethodAccessorImpl.java:77)
	at java.base/jdk.internal.reflect.DelegatingMethodAccessorImpl.invoke(DelegatingMethodAccessorImpl.java:43)
Caused by: org.openqa.selenium.UnhandledAlertException: unexpected alert open: {Alert text : Are you sure you want to close this window? Unsaved changes will be lost.}
  (Session info: chrome=137.0.7151.120): Are you sure you want to close this window? Unsaved changes will be lost.
Build info: version: &amp;apos;4.28.1&amp;apos;, revision: &amp;apos;73f5ad48a2&amp;apos;
System info: os.name: &amp;apos;Windows 11&amp;apos;, os.arch: &amp;apos;amd64&amp;apos;, os.version: &amp;apos;10.0&amp;apos;, java.version: &amp;apos;17.0.14&amp;apos;
Driver info: com.kms.katalon.selenium.driver.CChromeDriver
Command: [53ed5c0d73532bc440eb75162359e984, findElements {value=//div[@class=&amp;apos;col-xs-3&amp;apos;][.//strong[contains(text(),&amp;apos;Next Report Date&amp;apos;)]]/following-sibling::*/div, using=xpath}]
Capabilities {acceptInsecureCerts: false, browserName: chrome, browserVersion: 137.0.7151.120, chrome: {chromedriverVersion: 137.0.7151.55 (254bc711794d..., userDataDir: C:\Users\santh\AppData\Loca...}, fedcm:accounts: true, goog:chromeOptions: {debuggerAddress: localhost:60708}, networkConnectionEnabled: false, pageLoadStrategy: normal, platformName: windows, proxy: Proxy(), se:cdp: ws://localhost:60708/devtoo..., se:cdpVersion: 137.0.7151.120, setWindowRect: true, strictFileInteractability: false, timeouts: {implicit: 0, pageLoad: 300000, script: 30000}, unhandledPromptBehavior: ignore, webSocketUrl: ws://localhost:22913/sessio..., webauthn:extension:credBlob: true, webauthn:extension:largeBlob: true, webauthn:extension:minPinLength: true, webauthn:extension:prf: true, webauthn:virtualAuthenticators: true}
Session ID: 53ed5c0d73532bc440eb75162359e984
	at org.openqa.selenium.remote.codec.w3c.W3CHttpResponseCodec.decode(W3CHttpResponseCodec.java:136)
	at org.openqa.selenium.remote.codec.w3c.W3CHttpResponseCodec.decode(W3CHttpResponseCodec.java:50)
	at org.openqa.selenium.remote.HttpCommandExecutor.execute(HttpCommandExecutor.java:215)
	at org.openqa.selenium.remote.service.DriverCommandExecutor.invokeExecute(DriverCommandExecutor.java:216)
	at org.openqa.selenium.remote.service.DriverCommandExecutor.execute(DriverCommandExecutor.java:174)
	at org.openqa.selenium.remote.RemoteWebDriver.execute(RemoteWebDriver.java:545)
	at org.openqa.selenium.remote.ElementLocation$ElementFinder$2.findElements(ElementLocation.java:182)
	at org.openqa.selenium.remote.ElementLocation.findElements(ElementLocation.java:103)
	at org.openqa.selenium.remote.RemoteWebDriver.findElements(RemoteWebDriver.java:381)
	at org.openqa.selenium.remote.RemoteWebDriver.findElements(RemoteWebDriver.java:375)
	at jdk.internal.reflect.GeneratedMethodAccessor17.invoke(Unknown Source)
	at java.base/jdk.internal.reflect.DelegatingMethodAccessorImpl.invoke(DelegatingMethodAccessorImpl.java:43)
	at org.openqa.selenium.support.decorators.WebDriverDecorator.call(WebDriverDecorator.java:315)
	at org.openqa.selenium.support.decorators.DefaultDecorated.call(DefaultDecorated.java:48)
	at org.openqa.selenium.support.decorators.WebDriverDecorator.lambda$createProxyFactory$3(WebDriverDecorator.java:405)
	at org.openqa.selenium.remote.RemoteWebDriver$ByteBuddy$KcYDMDir.findElements(Unknown Source)
	at com.kms.katalon.core.webui.common.WebUiCommonHelper.findElementByNormalMethods(WebUiCommonHelper.java:1064)
	at com.kms.katalon.core.webui.common.WebUiCommonHelper.findElementsBySelectedMethod(WebUiCommonHelper.java:955)
	at com.kms.katalon.core.webui.common.WebUiCommonHelper.findElementsBySelectedMethod(WebUiCommonHelper.java:937)
	at com.kms.katalon.core.webui.common.WebUiCommonHelper.findElementsBySelectedMethod(WebUiCommonHelper.java:932)
	at com.kms.katalon.core.webui.common.WebUiCommonHelper.findElementsByDefault(WebUiCommonHelper.java:928)
	at com.kms.katalon.core.webui.common.WebUiCommonHelper.findElementsWithSelfHealing(WebUiCommonHelper.java:774)
	at com.kms.katalon.core.webui.common.WebUiCommonHelper.findWebElements(WebUiCommonHelper.java:758)
	at com.kms.katalon.core.webui.common.WebUiCommonHelper.findWebElement(WebUiCommonHelper.java:1448)
	at com.kms.katalon.core.webui.keyword.internal.WebUIAbstractKeyword.findWebElement(WebUIAbstractKeyword.groovy:27)
	at com.kms.katalon.core.webui.keyword.builtin.VerifyElementTextKeyword$_verifyElementText_closure1.doCall(VerifyElementTextKeyword.groovy:52)
	at com.kms.katalon.core.webui.keyword.builtin.VerifyElementTextKeyword$_verifyElementText_closure1.call(VerifyElementTextKeyword.groovy)
	at com.kms.katalon.core.webui.keyword.internal.WebUIKeywordMain.runKeyword(WebUIKeywordMain.groovy:35)
	at com.kms.katalon.core.webui.keyword.builtin.VerifyElementTextKeyword.verifyElementText(VerifyElementTextKeyword.groovy:72)
	at com.kms.katalon.core.webui.keyword.builtin.VerifyElementTextKeyword.execute(VerifyElementTextKeyword.groovy:40)
	at com.kms.katalon.core.keyword.internal.KeywordExecutor.executeKeywordForPlatform(KeywordExecutor.groovy:64)
	at com.kms.katalon.core.webui.keyword.WebUiBuiltInKeywords.verifyElementText(WebUiBuiltInKeywords.groovy:4994)
	at Script1752064572909.run(Script1752064572909.groovy:49)
	... 16 more
)</message>
  <nestedLevel>1</nestedLevel>
  <escapedJava>false</escapedJava>
  <property name="failed.exception.class">org.openqa.selenium.UnhandledAlertException</property>
  <property name="failed.exception.stacktrace">org.openqa.selenium.UnhandledAlertException: unexpected alert open: {Alert text : Are you sure you want to close this window? Unsaved changes will be lost.}
  (Session info: chrome=137.0.7151.120): Are you sure you want to close this window? Unsaved changes will be lost.
Build info: version: &apos;4.28.1&apos;, revision: &apos;73f5ad48a2&apos;
System info: os.name: &apos;Windows 11&apos;, os.arch: &apos;amd64&apos;, os.version: &apos;10.0&apos;, java.version: &apos;17.0.14&apos;
Driver info: com.kms.katalon.selenium.driver.CChromeDriver
Command: [53ed5c0d73532bc440eb75162359e984, findElements {value=//div[@class=&apos;col-xs-3&apos;][.//strong[contains(text(),&apos;Next Report Date&apos;)]]/following-sibling::*/div, using=xpath}]
Capabilities {acceptInsecureCerts: false, browserName: chrome, browserVersion: 137.0.7151.120, chrome: {chromedriverVersion: 137.0.7151.55 (254bc711794d..., userDataDir: C:\Users\santh\AppData\Loca...}, fedcm:accounts: true, goog:chromeOptions: {debuggerAddress: localhost:60708}, networkConnectionEnabled: false, pageLoadStrategy: normal, platformName: windows, proxy: Proxy(), se:cdp: ws://localhost:60708/devtoo..., se:cdpVersion: 137.0.7151.120, setWindowRect: true, strictFileInteractability: false, timeouts: {implicit: 0, pageLoad: 300000, script: 30000}, unhandledPromptBehavior: ignore, webSocketUrl: ws://localhost:22913/sessio..., webauthn:extension:credBlob: true, webauthn:extension:largeBlob: true, webauthn:extension:minPinLength: true, webauthn:extension:prf: true, webauthn:virtualAuthenticators: true}
Session ID: 53ed5c0d73532bc440eb75162359e984
	at org.openqa.selenium.remote.codec.w3c.W3CHttpResponseCodec.decode(W3CHttpResponseCodec.java:136)
	at org.openqa.selenium.remote.codec.w3c.W3CHttpResponseCodec.decode(W3CHttpResponseCodec.java:50)
	at org.openqa.selenium.remote.HttpCommandExecutor.execute(HttpCommandExecutor.java:215)
	at org.openqa.selenium.remote.service.DriverCommandExecutor.invokeExecute(DriverCommandExecutor.java:216)
	at org.openqa.selenium.remote.service.DriverCommandExecutor.execute(DriverCommandExecutor.java:174)
	at org.openqa.selenium.remote.RemoteWebDriver.execute(RemoteWebDriver.java:545)
	at org.openqa.selenium.remote.ElementLocation$ElementFinder$2.findElements(ElementLocation.java:182)
	at org.openqa.selenium.remote.ElementLocation.findElements(ElementLocation.java:103)
	at org.openqa.selenium.remote.RemoteWebDriver.findElements(RemoteWebDriver.java:381)
	at org.openqa.selenium.remote.RemoteWebDriver.findElements(RemoteWebDriver.java:375)
	at jdk.internal.reflect.GeneratedMethodAccessor17.invoke(Unknown Source)
	at java.base/jdk.internal.reflect.DelegatingMethodAccessorImpl.invoke(DelegatingMethodAccessorImpl.java:43)
	at org.openqa.selenium.support.decorators.WebDriverDecorator.call(WebDriverDecorator.java:315)
	at org.openqa.selenium.support.decorators.DefaultDecorated.call(DefaultDecorated.java:48)
	at org.openqa.selenium.support.decorators.WebDriverDecorator.lambda$createProxyFactory$3(WebDriverDecorator.java:405)
	at org.openqa.selenium.remote.RemoteWebDriver$ByteBuddy$KcYDMDir.findElements(Unknown Source)
	at com.kms.katalon.core.webui.common.WebUiCommonHelper.findElementByNormalMethods(WebUiCommonHelper.java:1064)
	at com.kms.katalon.core.webui.common.WebUiCommonHelper.findElementsBySelectedMethod(WebUiCommonHelper.java:955)
	at com.kms.katalon.core.webui.common.WebUiCommonHelper.findElementsBySelectedMethod(WebUiCommonHelper.java:937)
	at com.kms.katalon.core.webui.common.WebUiCommonHelper.findElementsBySelectedMethod(WebUiCommonHelper.java:932)
	at com.kms.katalon.core.webui.common.WebUiCommonHelper.findElementsByDefault(WebUiCommonHelper.java:928)
	at com.kms.katalon.core.webui.common.WebUiCommonHelper.findElementsWithSelfHealing(WebUiCommonHelper.java:774)
	at com.kms.katalon.core.webui.common.WebUiCommonHelper.findWebElements(WebUiCommonHelper.java:758)
	at com.kms.katalon.core.webui.common.WebUiCommonHelper.findWebElement(WebUiCommonHelper.java:1448)
	at com.kms.katalon.core.webui.keyword.internal.WebUIAbstractKeyword.findWebElement(WebUIAbstractKeyword.groovy:27)
	at com.kms.katalon.core.webui.keyword.builtin.VerifyElementTextKeyword$_verifyElementText_closure1.doCall(VerifyElementTextKeyword.groovy:52)
	at com.kms.katalon.core.webui.keyword.builtin.VerifyElementTextKeyword$_verifyElementText_closure1.call(VerifyElementTextKeyword.groovy)
	at com.kms.katalon.core.webui.keyword.internal.WebUIKeywordMain.runKeyword(WebUIKeywordMain.groovy:35)
	at com.kms.katalon.core.webui.keyword.builtin.VerifyElementTextKeyword.verifyElementText(VerifyElementTextKeyword.groovy:72)
	at com.kms.katalon.core.webui.keyword.builtin.VerifyElementTextKeyword.execute(VerifyElementTextKeyword.groovy:40)
	at com.kms.katalon.core.keyword.internal.KeywordExecutor.executeKeywordForPlatform(KeywordExecutor.groovy:64)
	at com.kms.katalon.core.webui.keyword.WebUiBuiltInKeywords.verifyElementText(WebUiBuiltInKeywords.groovy:4994)
	at Indicator Current Date-1, 1 response interval and 1 reporting days.run(Indicator Current Date-1, 1 response interval and 1 reporting days:49)
	at com.kms.katalon.core.main.ScriptEngine.run(ScriptEngine.java:194)
	at com.kms.katalon.core.main.ScriptEngine.runScriptAsRawText(ScriptEngine.java:119)
	at com.kms.katalon.core.main.TestCaseExecutor.runScript(TestCaseExecutor.java:485)
	at com.kms.katalon.core.main.TestCaseExecutor.doExecute(TestCaseExecutor.java:476)
	at com.kms.katalon.core.main.TestCaseExecutor.processExecutionPhase(TestCaseExecutor.java:455)
	at com.kms.katalon.core.main.TestCaseExecutor.accessMainPhase(TestCaseExecutor.java:447)
	at com.kms.katalon.core.main.TestCaseExecutor.execute(TestCaseExecutor.java:321)
	at com.kms.katalon.core.main.TestCaseExecutor.execute(TestCaseExecutor.java:405)
	at com.kms.katalon.core.common.CommonExecutor.accessTestCaseMainPhase(CommonExecutor.java:71)
	at com.kms.katalon.core.main.TestSuiteExecutor.accessTestSuiteMainPhase(TestSuiteExecutor.java:160)
	at com.kms.katalon.core.main.TestSuiteExecutor.execute(TestSuiteExecutor.java:107)
	at com.kms.katalon.core.main.TestCaseMain.startTestSuite(TestCaseMain.java:195)
	at TempTestSuite1752135807090.run(TempTestSuite1752135807090.groovy:35)
	at java.base/jdk.internal.reflect.NativeMethodAccessorImpl.invoke0(Native Method)
	at java.base/jdk.internal.reflect.NativeMethodAccessorImpl.invoke(NativeMethodAccessorImpl.java:77)
	at java.base/jdk.internal.reflect.DelegatingMethodAccessorImpl.invoke(DelegatingMethodAccessorImpl.java:43)
</property>
  <property name="failed.exception.message">unexpected alert open: {Alert text : Are you sure you want to close this window? Unsaved changes will be lost.}
  (Session info: chrome=137.0.7151.120): Are you sure you want to close this window? Unsaved changes will be lost.
Build info: version: &apos;4.28.1&apos;, revision: &apos;73f5ad48a2&apos;
System info: os.name: &apos;Windows 11&apos;, os.arch: &apos;amd64&apos;, os.version: &apos;10.0&apos;, java.version: &apos;17.0.14&apos;
Driver info: com.kms.katalon.selenium.driver.CChromeDriver
Command: [53ed5c0d73532bc440eb75162359e984, findElements {value=//div[@class=&apos;col-xs-3&apos;][.//strong[contains(text(),&apos;Next Report Date&apos;)]]/following-sibling::*/div, using=xpath}]
Capabilities {acceptInsecureCerts: false, browserName: chrome, browserVersion: 137.0.7151.120, chrome: {chromedriverVersion: 137.0.7151.55 (254bc711794d..., userDataDir: C:\Users\santh\AppData\Loca...}, fedcm:accounts: true, goog:chromeOptions: {debuggerAddress: localhost:60708}, networkConnectionEnabled: false, pageLoadStrategy: normal, platformName: windows, proxy: Proxy(), se:cdp: ws://localhost:60708/devtoo..., se:cdpVersion: 137.0.7151.120, setWindowRect: true, strictFileInteractability: false, timeouts: {implicit: 0, pageLoad: 300000, script: 30000}, unhandledPromptBehavior: ignore, webSocketUrl: ws://localhost:22913/sessio..., webauthn:extension:credBlob: true, webauthn:extension:largeBlob: true, webauthn:extension:minPinLength: true, webauthn:extension:prf: true, webauthn:virtualAuthenticators: true}
Session ID: 53ed5c0d73532bc440eb75162359e984</property>
</record>
<record>
  <date>2025-07-10T08:24:19.192486900Z</date>
  <millis>1752135859192</millis>
  <nanos>486900</nanos>
  <sequence>341</sequence>
  <level>END</level>
  <class>com.kms.katalon.core.logging.XmlKeywordLogger</class>
  <method>endKeyword</method>
  <thread>1</thread>
  <message>End action : verifyElementText(findTestObject(&amp;quot;Object Repository/Page_Indicators - CGR Foundation (6)/div_08 July, 2025&amp;quot;), minusDays(1).format(DateTimeFormatter.ofPattern(&amp;quot;dd MMMM, yyyy&amp;quot;)))</message>
  <nestedLevel>1</nestedLevel>
  <escapedJava>false</escapedJava>
</record>
<record>
  <date>2025-07-10T08:24:19.194395500Z</date>
  <millis>1752135859194</millis>
  <nanos>395500</nanos>
  <sequence>344</sequence>
  <level>FAILED</level>
  <class>com.kms.katalon.core.logging.XmlKeywordLogger</class>
  <method>logMessage</method>
  <thread>1</thread>
  <message>Test Cases/Indicator Current Date-1, 1 response interval and 1 reporting days FAILED.
Reason:
com.kms.katalon.core.exception.StepFailedException: Verify element text of test object &amp;apos;Object Repository/Page_Indicators - CGR Foundation (6)/div_08 July, 2025&amp;apos; FAILED.
	at com.kms.katalon.core.webui.keyword.internal.WebUIKeywordMain.stepFailed(WebUIKeywordMain.groovy:118)
	at com.kms.katalon.core.webui.keyword.internal.WebUIKeywordMain.runKeyword(WebUIKeywordMain.groovy:43)
	at com.kms.katalon.core.webui.keyword.builtin.VerifyElementTextKeyword.verifyElementText(VerifyElementTextKeyword.groovy:72)
	at com.kms.katalon.core.webui.keyword.builtin.VerifyElementTextKeyword.execute(VerifyElementTextKeyword.groovy:40)
	at com.kms.katalon.core.keyword.internal.KeywordExecutor.executeKeywordForPlatform(KeywordExecutor.groovy:64)
	at com.kms.katalon.core.webui.keyword.WebUiBuiltInKeywords.verifyElementText(WebUiBuiltInKeywords.groovy:4994)
	at Indicator Current Date-1, 1 response interval and 1 reporting days.run(Indicator Current Date-1, 1 response interval and 1 reporting days:49)
	at com.kms.katalon.core.main.ScriptEngine.run(ScriptEngine.java:194)
	at com.kms.katalon.core.main.ScriptEngine.runScriptAsRawText(ScriptEngine.java:119)
	at com.kms.katalon.core.main.TestCaseExecutor.runScript(TestCaseExecutor.java:485)
	at com.kms.katalon.core.main.TestCaseExecutor.doExecute(TestCaseExecutor.java:476)
	at com.kms.katalon.core.main.TestCaseExecutor.processExecutionPhase(TestCaseExecutor.java:455)
	at com.kms.katalon.core.main.TestCaseExecutor.accessMainPhase(TestCaseExecutor.java:447)
	at com.kms.katalon.core.main.TestCaseExecutor.execute(TestCaseExecutor.java:321)
	at com.kms.katalon.core.main.TestCaseExecutor.execute(TestCaseExecutor.java:405)
	at com.kms.katalon.core.common.CommonExecutor.accessTestCaseMainPhase(CommonExecutor.java:71)
	at com.kms.katalon.core.main.TestSuiteExecutor.accessTestSuiteMainPhase(TestSuiteExecutor.java:160)
	at com.kms.katalon.core.main.TestSuiteExecutor.execute(TestSuiteExecutor.java:107)
	at com.kms.katalon.core.main.TestCaseMain.startTestSuite(TestCaseMain.java:195)
	at TempTestSuite1752135807090.run(TempTestSuite1752135807090.groovy:35)
	at java.base/jdk.internal.reflect.NativeMethodAccessorImpl.invoke0(Native Method)
	at java.base/jdk.internal.reflect.NativeMethodAccessorImpl.invoke(NativeMethodAccessorImpl.java:77)
	at java.base/jdk.internal.reflect.DelegatingMethodAccessorImpl.invoke(DelegatingMethodAccessorImpl.java:43)
Caused by: org.openqa.selenium.UnhandledAlertException: unexpected alert open: {Alert text : Are you sure you want to close this window? Unsaved changes will be lost.}
  (Session info: chrome=137.0.7151.120): Are you sure you want to close this window? Unsaved changes will be lost.
Build info: version: &amp;apos;4.28.1&amp;apos;, revision: &amp;apos;73f5ad48a2&amp;apos;
System info: os.name: &amp;apos;Windows 11&amp;apos;, os.arch: &amp;apos;amd64&amp;apos;, os.version: &amp;apos;10.0&amp;apos;, java.version: &amp;apos;17.0.14&amp;apos;
Driver info: com.kms.katalon.selenium.driver.CChromeDriver
Command: [53ed5c0d73532bc440eb75162359e984, findElements {value=//div[@class=&amp;apos;col-xs-3&amp;apos;][.//strong[contains(text(),&amp;apos;Next Report Date&amp;apos;)]]/following-sibling::*/div, using=xpath}]
Capabilities {acceptInsecureCerts: false, browserName: chrome, browserVersion: 137.0.7151.120, chrome: {chromedriverVersion: 137.0.7151.55 (254bc711794d..., userDataDir: C:\Users\santh\AppData\Loca...}, fedcm:accounts: true, goog:chromeOptions: {debuggerAddress: localhost:60708}, networkConnectionEnabled: false, pageLoadStrategy: normal, platformName: windows, proxy: Proxy(), se:cdp: ws://localhost:60708/devtoo..., se:cdpVersion: 137.0.7151.120, setWindowRect: true, strictFileInteractability: false, timeouts: {implicit: 0, pageLoad: 300000, script: 30000}, unhandledPromptBehavior: ignore, webSocketUrl: ws://localhost:22913/sessio..., webauthn:extension:credBlob: true, webauthn:extension:largeBlob: true, webauthn:extension:minPinLength: true, webauthn:extension:prf: true, webauthn:virtualAuthenticators: true}
Session ID: 53ed5c0d73532bc440eb75162359e984
	at org.openqa.selenium.remote.codec.w3c.W3CHttpResponseCodec.decode(W3CHttpResponseCodec.java:136)
	at org.openqa.selenium.remote.codec.w3c.W3CHttpResponseCodec.decode(W3CHttpResponseCodec.java:50)
	at org.openqa.selenium.remote.HttpCommandExecutor.execute(HttpCommandExecutor.java:215)
	at org.openqa.selenium.remote.service.DriverCommandExecutor.invokeExecute(DriverCommandExecutor.java:216)
	at org.openqa.selenium.remote.service.DriverCommandExecutor.execute(DriverCommandExecutor.java:174)
	at org.openqa.selenium.remote.RemoteWebDriver.execute(RemoteWebDriver.java:545)
	at org.openqa.selenium.remote.ElementLocation$ElementFinder$2.findElements(ElementLocation.java:182)
	at org.openqa.selenium.remote.ElementLocation.findElements(ElementLocation.java:103)
	at org.openqa.selenium.remote.RemoteWebDriver.findElements(RemoteWebDriver.java:381)
	at org.openqa.selenium.remote.RemoteWebDriver.findElements(RemoteWebDriver.java:375)
	at jdk.internal.reflect.GeneratedMethodAccessor17.invoke(Unknown Source)
	at java.base/jdk.internal.reflect.DelegatingMethodAccessorImpl.invoke(DelegatingMethodAccessorImpl.java:43)
	at org.openqa.selenium.support.decorators.WebDriverDecorator.call(WebDriverDecorator.java:315)
	at org.openqa.selenium.support.decorators.DefaultDecorated.call(DefaultDecorated.java:48)
	at org.openqa.selenium.support.decorators.WebDriverDecorator.lambda$createProxyFactory$3(WebDriverDecorator.java:405)
	at org.openqa.selenium.remote.RemoteWebDriver$ByteBuddy$KcYDMDir.findElements(Unknown Source)
	at com.kms.katalon.core.webui.common.WebUiCommonHelper.findElementByNormalMethods(WebUiCommonHelper.java:1064)
	at com.kms.katalon.core.webui.common.WebUiCommonHelper.findElementsBySelectedMethod(WebUiCommonHelper.java:955)
	at com.kms.katalon.core.webui.common.WebUiCommonHelper.findElementsBySelectedMethod(WebUiCommonHelper.java:937)
	at com.kms.katalon.core.webui.common.WebUiCommonHelper.findElementsBySelectedMethod(WebUiCommonHelper.java:932)
	at com.kms.katalon.core.webui.common.WebUiCommonHelper.findElementsByDefault(WebUiCommonHelper.java:928)
	at com.kms.katalon.core.webui.common.WebUiCommonHelper.findElementsWithSelfHealing(WebUiCommonHelper.java:774)
	at com.kms.katalon.core.webui.common.WebUiCommonHelper.findWebElements(WebUiCommonHelper.java:758)
	at com.kms.katalon.core.webui.common.WebUiCommonHelper.findWebElement(WebUiCommonHelper.java:1448)
	at com.kms.katalon.core.webui.keyword.internal.WebUIAbstractKeyword.findWebElement(WebUIAbstractKeyword.groovy:27)
	at com.kms.katalon.core.webui.keyword.builtin.VerifyElementTextKeyword$_verifyElementText_closure1.doCall(VerifyElementTextKeyword.groovy:52)
	at com.kms.katalon.core.webui.keyword.builtin.VerifyElementTextKeyword$_verifyElementText_closure1.call(VerifyElementTextKeyword.groovy)
	at com.kms.katalon.core.webui.keyword.internal.WebUIKeywordMain.runKeyword(WebUIKeywordMain.groovy:35)
	... 21 more
</message>
  <exception>
    <message>com.kms.katalon.core.exception.StepFailedException: Verify element text of test object 'Object Repository/Page_Indicators - CGR Foundation (6)/div_08 July, 2025' FAILED.</message>
    <frame>
      <class>com.kms.katalon.core.logging.XmlKeywordLogger</class>
      <method>logMessage</method>
      <line>500</line>
    </frame>
    <frame>
      <class>com.kms.katalon.core.logging.KeywordLogger</class>
      <method>logMessage</method>
      <line>439</line>
    </frame>
    <frame>
      <class>com.kms.katalon.core.main.TestCaseExecutor</class>
      <method>logError</method>
      <line>593</line>
    </frame>
    <frame>
      <class>com.kms.katalon.core.main.TestCaseExecutor</class>
      <method>onExecutionError</method>
      <line>187</line>
    </frame>
    <frame>
      <class>com.kms.katalon.core.main.TestCaseExecutor</class>
      <method>processExecutionPhase</method>
      <line>465</line>
    </frame>
    <frame>
      <class>com.kms.katalon.core.main.TestCaseExecutor</class>
      <method>accessMainPhase</method>
      <line>447</line>
    </frame>
    <frame>
      <class>com.kms.katalon.core.main.TestCaseExecutor</class>
      <method>execute</method>
      <line>321</line>
    </frame>
    <frame>
      <class>com.kms.katalon.core.main.TestCaseExecutor</class>
      <method>execute</method>
      <line>405</line>
    </frame>
    <frame>
      <class>com.kms.katalon.core.common.CommonExecutor</class>
      <method>accessTestCaseMainPhase</method>
      <line>71</line>
    </frame>
    <frame>
      <class>com.kms.katalon.core.main.TestSuiteExecutor</class>
      <method>accessTestSuiteMainPhase</method>
      <line>160</line>
    </frame>
    <frame>
      <class>com.kms.katalon.core.main.TestSuiteExecutor</class>
      <method>execute</method>
      <line>107</line>
    </frame>
    <frame>
      <class>com.kms.katalon.core.main.TestCaseMain</class>
      <method>startTestSuite</method>
      <line>195</line>
    </frame>
    <frame>
      <class>org.codehaus.groovy.vmplugin.v8.IndyInterface</class>
      <method>fromCache</method>
      <line>318</line>
    </frame>
    <frame>
      <class>TempTestSuite1752135807090</class>
      <method>run</method>
      <line>35</line>
    </frame>
    <frame>
      <class>groovy.lang.GroovyShell</class>
      <method>runScriptOrMainOrTestOrRunnable</method>
      <line>254</line>
    </frame>
    <frame>
      <class>groovy.lang.GroovyShell</class>
      <method>run</method>
      <line>360</line>
    </frame>
    <frame>
      <class>groovy.lang.GroovyShell</class>
      <method>run</method>
      <line>349</line>
    </frame>
    <frame>
      <class>groovy.ui.GroovyMain</class>
      <method>processOnce</method>
      <line>652</line>
    </frame>
    <frame>
      <class>groovy.ui.GroovyMain</class>
      <method>run</method>
      <line>398</line>
    </frame>
    <frame>
      <class>groovy.ui.GroovyMain</class>
      <method>access$1400</method>
      <line>68</line>
    </frame>
    <frame>
      <class>groovy.ui.GroovyMain$GroovyCommand</class>
      <method>process</method>
      <line>322</line>
    </frame>
    <frame>
      <class>groovy.ui.GroovyMain</class>
      <method>processArgs</method>
      <line>142</line>
    </frame>
    <frame>
      <class>groovy.ui.GroovyMain</class>
      <method>main</method>
      <line>115</line>
    </frame>
    <frame>
      <class>jdk.internal.reflect.NativeMethodAccessorImpl</class>
      <method>invoke0</method>
    </frame>
    <frame>
      <class>jdk.internal.reflect.NativeMethodAccessorImpl</class>
      <method>invoke</method>
      <line>77</line>
    </frame>
    <frame>
      <class>jdk.internal.reflect.DelegatingMethodAccessorImpl</class>
      <method>invoke</method>
      <line>43</line>
    </frame>
    <frame>
      <class>java.lang.reflect.Method</class>
      <method>invoke</method>
      <line>569</line>
    </frame>
    <frame>
      <class>org.codehaus.groovy.tools.GroovyStarter</class>
      <method>rootLoader</method>
      <line>117</line>
    </frame>
    <frame>
      <class>org.codehaus.groovy.tools.GroovyStarter</class>
      <method>main</method>
      <line>39</line>
    </frame>
  </exception>
  <nestedLevel>0</nestedLevel>
  <escapedJava>false</escapedJava>
  <property name="failed.exception.stacktrace">org.openqa.selenium.UnhandledAlertException: unexpected alert open: {Alert text : Are you sure you want to close this window? Unsaved changes will be lost.}
  (Session info: chrome=137.0.7151.120): Are you sure you want to close this window? Unsaved changes will be lost.
Build info: version: &apos;4.28.1&apos;, revision: &apos;73f5ad48a2&apos;
System info: os.name: &apos;Windows 11&apos;, os.arch: &apos;amd64&apos;, os.version: &apos;10.0&apos;, java.version: &apos;17.0.14&apos;
Driver info: com.kms.katalon.selenium.driver.CChromeDriver
Command: [53ed5c0d73532bc440eb75162359e984, findElements {value=//div[@class=&apos;col-xs-3&apos;][.//strong[contains(text(),&apos;Next Report Date&apos;)]]/following-sibling::*/div, using=xpath}]
Capabilities {acceptInsecureCerts: false, browserName: chrome, browserVersion: 137.0.7151.120, chrome: {chromedriverVersion: 137.0.7151.55 (254bc711794d..., userDataDir: C:\Users\santh\AppData\Loca...}, fedcm:accounts: true, goog:chromeOptions: {debuggerAddress: localhost:60708}, networkConnectionEnabled: false, pageLoadStrategy: normal, platformName: windows, proxy: Proxy(), se:cdp: ws://localhost:60708/devtoo..., se:cdpVersion: 137.0.7151.120, setWindowRect: true, strictFileInteractability: false, timeouts: {implicit: 0, pageLoad: 300000, script: 30000}, unhandledPromptBehavior: ignore, webSocketUrl: ws://localhost:22913/sessio..., webauthn:extension:credBlob: true, webauthn:extension:largeBlob: true, webauthn:extension:minPinLength: true, webauthn:extension:prf: true, webauthn:virtualAuthenticators: true}
Session ID: 53ed5c0d73532bc440eb75162359e984
	at org.openqa.selenium.remote.codec.w3c.W3CHttpResponseCodec.decode(W3CHttpResponseCodec.java:136)
	at org.openqa.selenium.remote.codec.w3c.W3CHttpResponseCodec.decode(W3CHttpResponseCodec.java:50)
	at org.openqa.selenium.remote.HttpCommandExecutor.execute(HttpCommandExecutor.java:215)
	at org.openqa.selenium.remote.service.DriverCommandExecutor.invokeExecute(DriverCommandExecutor.java:216)
	at org.openqa.selenium.remote.service.DriverCommandExecutor.execute(DriverCommandExecutor.java:174)
	at org.openqa.selenium.remote.RemoteWebDriver.execute(RemoteWebDriver.java:545)
	at org.openqa.selenium.remote.ElementLocation$ElementFinder$2.findElements(ElementLocation.java:182)
	at org.openqa.selenium.remote.ElementLocation.findElements(ElementLocation.java:103)
	at org.openqa.selenium.remote.RemoteWebDriver.findElements(RemoteWebDriver.java:381)
	at org.openqa.selenium.remote.RemoteWebDriver.findElements(RemoteWebDriver.java:375)
	at jdk.internal.reflect.GeneratedMethodAccessor17.invoke(Unknown Source)
	at java.base/jdk.internal.reflect.DelegatingMethodAccessorImpl.invoke(DelegatingMethodAccessorImpl.java:43)
	at org.openqa.selenium.support.decorators.WebDriverDecorator.call(WebDriverDecorator.java:315)
	at org.openqa.selenium.support.decorators.DefaultDecorated.call(DefaultDecorated.java:48)
	at org.openqa.selenium.support.decorators.WebDriverDecorator.lambda$createProxyFactory$3(WebDriverDecorator.java:405)
	at org.openqa.selenium.remote.RemoteWebDriver$ByteBuddy$KcYDMDir.findElements(Unknown Source)
	at com.kms.katalon.core.webui.common.WebUiCommonHelper.findElementByNormalMethods(WebUiCommonHelper.java:1064)
	at com.kms.katalon.core.webui.common.WebUiCommonHelper.findElementsBySelectedMethod(WebUiCommonHelper.java:955)
	at com.kms.katalon.core.webui.common.WebUiCommonHelper.findElementsBySelectedMethod(WebUiCommonHelper.java:937)
	at com.kms.katalon.core.webui.common.WebUiCommonHelper.findElementsBySelectedMethod(WebUiCommonHelper.java:932)
	at com.kms.katalon.core.webui.common.WebUiCommonHelper.findElementsByDefault(WebUiCommonHelper.java:928)
	at com.kms.katalon.core.webui.common.WebUiCommonHelper.findElementsWithSelfHealing(WebUiCommonHelper.java:774)
	at com.kms.katalon.core.webui.common.WebUiCommonHelper.findWebElements(WebUiCommonHelper.java:758)
	at com.kms.katalon.core.webui.common.WebUiCommonHelper.findWebElement(WebUiCommonHelper.java:1448)
	at com.kms.katalon.core.webui.keyword.internal.WebUIAbstractKeyword.findWebElement(WebUIAbstractKeyword.groovy:27)
	at com.kms.katalon.core.webui.keyword.builtin.VerifyElementTextKeyword$_verifyElementText_closure1.doCall(VerifyElementTextKeyword.groovy:52)
	at com.kms.katalon.core.webui.keyword.builtin.VerifyElementTextKeyword$_verifyElementText_closure1.call(VerifyElementTextKeyword.groovy)
	at com.kms.katalon.core.webui.keyword.internal.WebUIKeywordMain.runKeyword(WebUIKeywordMain.groovy:35)
	at com.kms.katalon.core.webui.keyword.builtin.VerifyElementTextKeyword.verifyElementText(VerifyElementTextKeyword.groovy:72)
	at com.kms.katalon.core.webui.keyword.builtin.VerifyElementTextKeyword.execute(VerifyElementTextKeyword.groovy:40)
	at com.kms.katalon.core.keyword.internal.KeywordExecutor.executeKeywordForPlatform(KeywordExecutor.groovy:64)
	at com.kms.katalon.core.webui.keyword.WebUiBuiltInKeywords.verifyElementText(WebUiBuiltInKeywords.groovy:4994)
	at Indicator Current Date-1, 1 response interval and 1 reporting days.run(Indicator Current Date-1, 1 response interval and 1 reporting days:49)
	at com.kms.katalon.core.main.ScriptEngine.run(ScriptEngine.java:194)
	at com.kms.katalon.core.main.ScriptEngine.runScriptAsRawText(ScriptEngine.java:119)
	at com.kms.katalon.core.main.TestCaseExecutor.runScript(TestCaseExecutor.java:485)
	at com.kms.katalon.core.main.TestCaseExecutor.doExecute(TestCaseExecutor.java:476)
	at com.kms.katalon.core.main.TestCaseExecutor.processExecutionPhase(TestCaseExecutor.java:455)
	at com.kms.katalon.core.main.TestCaseExecutor.accessMainPhase(TestCaseExecutor.java:447)
	at com.kms.katalon.core.main.TestCaseExecutor.execute(TestCaseExecutor.java:321)
	at com.kms.katalon.core.main.TestCaseExecutor.execute(TestCaseExecutor.java:405)
	at com.kms.katalon.core.common.CommonExecutor.accessTestCaseMainPhase(CommonExecutor.java:71)
	at com.kms.katalon.core.main.TestSuiteExecutor.accessTestSuiteMainPhase(TestSuiteExecutor.java:160)
	at com.kms.katalon.core.main.TestSuiteExecutor.execute(TestSuiteExecutor.java:107)
	at com.kms.katalon.core.main.TestCaseMain.startTestSuite(TestCaseMain.java:195)
	at TempTestSuite1752135807090.run(TempTestSuite1752135807090.groovy:35)
	at java.base/jdk.internal.reflect.NativeMethodAccessorImpl.invoke0(Native Method)
	at java.base/jdk.internal.reflect.NativeMethodAccessorImpl.invoke(NativeMethodAccessorImpl.java:77)
	at java.base/jdk.internal.reflect.DelegatingMethodAccessorImpl.invoke(DelegatingMethodAccessorImpl.java:43)
</property>
  <property name="failed.exception.class">org.openqa.selenium.UnhandledAlertException</property>
  <property name="failed.exception.message">unexpected alert open: {Alert text : Are you sure you want to close this window? Unsaved changes will be lost.}
  (Session info: chrome=137.0.7151.120): Are you sure you want to close this window? Unsaved changes will be lost.
Build info: version: &apos;4.28.1&apos;, revision: &apos;73f5ad48a2&apos;
System info: os.name: &apos;Windows 11&apos;, os.arch: &apos;amd64&apos;, os.version: &apos;10.0&apos;, java.version: &apos;17.0.14&apos;
Driver info: com.kms.katalon.selenium.driver.CChromeDriver
Command: [53ed5c0d73532bc440eb75162359e984, findElements {value=//div[@class=&apos;col-xs-3&apos;][.//strong[contains(text(),&apos;Next Report Date&apos;)]]/following-sibling::*/div, using=xpath}]
Capabilities {acceptInsecureCerts: false, browserName: chrome, browserVersion: 137.0.7151.120, chrome: {chromedriverVersion: 137.0.7151.55 (254bc711794d..., userDataDir: C:\Users\santh\AppData\Loca...}, fedcm:accounts: true, goog:chromeOptions: {debuggerAddress: localhost:60708}, networkConnectionEnabled: false, pageLoadStrategy: normal, platformName: windows, proxy: Proxy(), se:cdp: ws://localhost:60708/devtoo..., se:cdpVersion: 137.0.7151.120, setWindowRect: true, strictFileInteractability: false, timeouts: {implicit: 0, pageLoad: 300000, script: 30000}, unhandledPromptBehavior: ignore, webSocketUrl: ws://localhost:22913/sessio..., webauthn:extension:credBlob: true, webauthn:extension:largeBlob: true, webauthn:extension:minPinLength: true, webauthn:extension:prf: true, webauthn:virtualAuthenticators: true}
Session ID: 53ed5c0d73532bc440eb75162359e984</property>
</record>
<record>
  <date>2025-07-10T08:24:19.196933700Z</date>
  <millis>1752135859196</millis>
  <nanos>933700</nanos>
  <sequence>346</sequence>
  <level>END</level>
  <class>com.kms.katalon.core.logging.XmlKeywordLogger</class>
  <method>endTest</method>
  <thread>1</thread>
  <message>End Test Case : Test Cases/Indicator Current Date-1, 1 response interval and 1 reporting days</message>
  <nestedLevel>0</nestedLevel>
  <escapedJava>false</escapedJava>
  <property name="executionBindingVariables">[]</property>
  <property name="applitools">false</property>
  <property name="remainingRetryCount">2</property>
  <property name="currentRetryCount">1</property>
  <property name="keywordsUsage">{
  &quot;web_ui&quot;: true,
  &quot;web_service&quot;: false,
  &quot;cucumber&quot;: false,
  &quot;builtin&quot;: false,
  &quot;mobile&quot;: false,
  &quot;windows&quot;: false,
  &quot;testng&quot;: false
}</property>
</record>
<record>
  <date>2025-07-10T08:24:19.201438300Z</date>
  <millis>1752135859201</millis>
  <nanos>438300</nanos>
  <sequence>347</sequence>
  <level>START</level>
  <class>com.kms.katalon.core.logging.XmlKeywordLogger</class>
  <method>startTest</method>
  <thread>1</thread>
  <message>Start Test Case : Test Cases/Indicator Current Date-1, 1 response interval and 1 reporting days</message>
  <nestedLevel>1</nestedLevel>
  <escapedJava>false</escapedJava>
  <property name="remainingRetryCount">1</property>
  <property name="name">Test Cases/Indicator Current Date-1, 1 response interval and 1 reporting days</property>
  <property name="description"></property>
  <property name="iteration"></property>
  <property name="id">Test Cases/Indicator Current Date-1, 1 response interval and 1 reporting days</property>
  <property name="source">C:\Users\santh\git\RegressionSuite\Test Cases\Indicator Current Date-1, 1 response interval and 1 reporting days.tc</property>
  <property name="tag"></property>
  <property name="isOptional">false</property>
  <property name="currentRetryCount">2</property>
</record>
<record>
  <date>2025-07-10T08:24:19.221600700Z</date>
  <millis>1752135859221</millis>
  <nanos>600700</nanos>
  <sequence>349</sequence>
  <level>START</level>
  <class>com.kms.katalon.core.logging.XmlKeywordLogger</class>
  <method>startKeyword</method>
  <thread>1</thread>
  <message>Start action : openBrowser(&amp;quot;&amp;quot;)</message>
  <nestedLevel>1</nestedLevel>
  <escapedJava>false</escapedJava>
  <property name="startLine">25</property>
  <property name="stepIndex">1</property>
</record>
<record>
  <date>2025-07-10T08:24:19.222766100Z</date>
  <millis>1752135859222</millis>
  <nanos>766100</nanos>
  <sequence>351</sequence>
  <level>WARNING</level>
  <class>com.kms.katalon.core.logging.XmlKeywordLogger</class>
  <method>logMessage</method>
  <thread>1</thread>
  <message>A browser is already opened. Closing browser and opening a new one</message>
  <nestedLevel>1</nestedLevel>
  <escapedJava>false</escapedJava>
</record>
<record>
  <date>2025-07-10T08:24:19.628144600Z</date>
  <millis>1752135859628</millis>
  <nanos>144600</nanos>
  <sequence>352</sequence>
  <level>INFO</level>
  <class>com.kms.katalon.core.logging.XmlKeywordLogger</class>
  <method>logMessage</method>
  <thread>1</thread>
  <message>Starting &amp;apos;Chrome&amp;apos; driver</message>
  <nestedLevel>1</nestedLevel>
  <escapedJava>false</escapedJava>
</record>
<record>
  <date>2025-07-10T08:24:19.631928600Z</date>
  <millis>1752135859631</millis>
  <nanos>928600</nanos>
  <sequence>353</sequence>
  <level>INFO</level>
  <class>com.kms.katalon.core.logging.XmlKeywordLogger</class>
  <method>logMessage</method>
  <thread>1</thread>
  <message>Action delay is set to 0 milliseconds</message>
  <nestedLevel>1</nestedLevel>
  <escapedJava>false</escapedJava>
</record>
<record>
  <date>2025-07-10T08:24:21.102803400Z</date>
  <millis>1752135861102</millis>
  <nanos>803400</nanos>
  <sequence>355</sequence>
  <level>RUN_DATA</level>
  <class>com.kms.katalon.core.logging.XmlKeywordLogger</class>
  <method>logMessage</method>
  <thread>1</thread>
  <message>sessionId = eae85d36a7584e9f13d8d2fd59208021</message>
  <nestedLevel>1</nestedLevel>
  <escapedJava>false</escapedJava>
  <property name="sessionId">eae85d36a7584e9f13d8d2fd59208021</property>
</record>
<record>
  <date>2025-07-10T08:24:21.106698800Z</date>
  <millis>1752135861106</millis>
  <nanos>698800</nanos>
  <sequence>356</sequence>
  <level>RUN_DATA</level>
  <class>com.kms.katalon.core.logging.XmlKeywordLogger</class>
  <method>logMessage</method>
  <thread>1</thread>
  <message>browser = Chrome 137.0.7151.120</message>
  <nestedLevel>1</nestedLevel>
  <escapedJava>false</escapedJava>
  <property name="browser">Chrome 137.0.7151.120</property>
</record>
<record>
  <date>2025-07-10T08:24:21.106698800Z</date>
  <millis>1752135861106</millis>
  <nanos>698800</nanos>
  <sequence>357</sequence>
  <level>RUN_DATA</level>
  <class>com.kms.katalon.core.logging.XmlKeywordLogger</class>
  <method>logMessage</method>
  <thread>1</thread>
  <message>platform = Windows 11</message>
  <nestedLevel>1</nestedLevel>
  <escapedJava>false</escapedJava>
  <property name="platform">Windows 11</property>
</record>
<record>
  <date>2025-07-10T08:24:21.106698800Z</date>
  <millis>1752135861106</millis>
  <nanos>698800</nanos>
  <sequence>358</sequence>
  <level>RUN_DATA</level>
  <class>com.kms.katalon.core.logging.XmlKeywordLogger</class>
  <method>logMessage</method>
  <thread>1</thread>
  <message>seleniumVersion = 4.28.1</message>
  <nestedLevel>1</nestedLevel>
  <escapedJava>false</escapedJava>
  <property name="seleniumVersion">4.28.1</property>
</record>
<record>
  <date>2025-07-10T08:24:21.106698800Z</date>
  <millis>1752135861106</millis>
  <nanos>698800</nanos>
  <sequence>359</sequence>
  <level>RUN_DATA</level>
  <class>com.kms.katalon.core.logging.XmlKeywordLogger</class>
  <method>logMessage</method>
  <thread>1</thread>
  <message>proxyInformation = ProxyInformation { proxyOption=NO_PROXY, proxyServerType=HTTP, username=, password=********, proxyServerAddress=, proxyServerPort=0, executionList=&amp;quot;&amp;quot;, isApplyToDesiredCapabilities=true }</message>
  <nestedLevel>1</nestedLevel>
  <escapedJava>false</escapedJava>
  <property name="proxyInformation">ProxyInformation { proxyOption=NO_PROXY, proxyServerType=HTTP, username=, password=********, proxyServerAddress=, proxyServerPort=0, executionList=&quot;&quot;, isApplyToDesiredCapabilities=true }</property>
</record>
<record>
  <date>2025-07-10T08:24:21.121909100Z</date>
  <millis>1752135861121</millis>
  <nanos>909100</nanos>
  <sequence>360</sequence>
  <level>PASSED</level>
  <class>com.kms.katalon.core.logging.XmlKeywordLogger</class>
  <method>logMessage</method>
  <thread>1</thread>
  <message>Browser is opened with url: &amp;apos;&amp;apos;</message>
  <nestedLevel>1</nestedLevel>
  <escapedJava>false</escapedJava>
  <property name="testops-method-name">com.kms.katalon.core.webui.keyword.builtin.OpenBrowserKeyword.openBrowser</property>
  <property name="testops-execution-stacktrace"></property>
</record>
<record>
  <date>2025-07-10T08:24:21.122906300Z</date>
  <millis>1752135861122</millis>
  <nanos>906300</nanos>
  <sequence>361</sequence>
  <level>END</level>
  <class>com.kms.katalon.core.logging.XmlKeywordLogger</class>
  <method>endKeyword</method>
  <thread>1</thread>
  <message>End action : openBrowser(&amp;quot;&amp;quot;)</message>
  <nestedLevel>1</nestedLevel>
  <escapedJava>false</escapedJava>
</record>
<record>
  <date>2025-07-10T08:24:21.122906300Z</date>
  <millis>1752135861122</millis>
  <nanos>906300</nanos>
  <sequence>362</sequence>
  <level>START</level>
  <class>com.kms.katalon.core.logging.XmlKeywordLogger</class>
  <method>startKeyword</method>
  <thread>1</thread>
  <message>Start action : navigateToUrl(&amp;quot;https://bug-nation.cgrfoundation-staging.com/accounts/login&amp;quot;)</message>
  <nestedLevel>1</nestedLevel>
  <escapedJava>false</escapedJava>
  <property name="startLine">27</property>
  <property name="stepIndex">2</property>
</record>
<record>
  <date>2025-07-10T08:24:21.666247Z</date>
  <millis>1752135861666</millis>
  <nanos>247000</nanos>
  <sequence>365</sequence>
  <level>PASSED</level>
  <class>com.kms.katalon.core.logging.XmlKeywordLogger</class>
  <method>logMessage</method>
  <thread>1</thread>
  <message>Navigate to &amp;apos;https://bug-nation.cgrfoundation-staging.com/accounts/login&amp;apos; successfully</message>
  <nestedLevel>1</nestedLevel>
  <escapedJava>false</escapedJava>
  <property name="testops-method-name">com.kms.katalon.core.webui.keyword.builtin.NavigateToUrlKeyword.navigateToUrl</property>
  <property name="testops-execution-stacktrace"></property>
</record>
<record>
  <date>2025-07-10T08:24:21.671989100Z</date>
  <millis>1752135861671</millis>
  <nanos>989100</nanos>
  <sequence>366</sequence>
  <level>END</level>
  <class>com.kms.katalon.core.logging.XmlKeywordLogger</class>
  <method>endKeyword</method>
  <thread>1</thread>
  <message>End action : navigateToUrl(&amp;quot;https://bug-nation.cgrfoundation-staging.com/accounts/login&amp;quot;)</message>
  <nestedLevel>1</nestedLevel>
  <escapedJava>false</escapedJava>
</record>
<record>
  <date>2025-07-10T08:24:21.673069300Z</date>
  <millis>1752135861673</millis>
  <nanos>69300</nanos>
  <sequence>367</sequence>
  <level>START</level>
  <class>com.kms.katalon.core.logging.XmlKeywordLogger</class>
  <method>startKeyword</method>
  <thread>1</thread>
  <message>Start action : maximizeWindow()</message>
  <nestedLevel>1</nestedLevel>
  <escapedJava>false</escapedJava>
  <property name="startLine">29</property>
  <property name="stepIndex">3</property>
</record>
<record>
  <date>2025-07-10T08:24:21.753248200Z</date>
  <millis>1752135861753</millis>
  <nanos>248200</nanos>
  <sequence>369</sequence>
  <level>PASSED</level>
  <class>com.kms.katalon.core.logging.XmlKeywordLogger</class>
  <method>logMessage</method>
  <thread>1</thread>
  <message>Current window maximized</message>
  <nestedLevel>1</nestedLevel>
  <escapedJava>false</escapedJava>
  <property name="testops-method-name">com.kms.katalon.core.webui.keyword.builtin.MaximizeWindowKeyword.maximizeWindow</property>
  <property name="testops-execution-stacktrace"></property>
</record>
<record>
  <date>2025-07-10T08:24:21.753248200Z</date>
  <millis>1752135861753</millis>
  <nanos>248200</nanos>
  <sequence>370</sequence>
  <level>END</level>
  <class>com.kms.katalon.core.logging.XmlKeywordLogger</class>
  <method>endKeyword</method>
  <thread>1</thread>
  <message>End action : maximizeWindow()</message>
  <nestedLevel>1</nestedLevel>
  <escapedJava>false</escapedJava>
</record>
<record>
  <date>2025-07-10T08:24:21.755266300Z</date>
  <millis>1752135861755</millis>
  <nanos>266300</nanos>
  <sequence>371</sequence>
  <level>START</level>
  <class>com.kms.katalon.core.logging.XmlKeywordLogger</class>
  <method>startKeyword</method>
  <thread>1</thread>
  <message>Start action : setText(findTestObject(&amp;quot;Object Repository/Page_CGR Foundation/input_Email address_accountemail&amp;quot;), &amp;quot;santhosh.nidamanuri@corpgovrisk.com&amp;quot;)</message>
  <nestedLevel>1</nestedLevel>
  <escapedJava>false</escapedJava>
  <property name="startLine">31</property>
  <property name="stepIndex">4</property>
</record>
<record>
  <date>2025-07-10T08:24:22.553297800Z</date>
  <millis>1752135862553</millis>
  <nanos>297800</nanos>
  <sequence>387</sequence>
  <level>PASSED</level>
  <class>com.kms.katalon.core.logging.XmlKeywordLogger</class>
  <method>logMessage</method>
  <thread>1</thread>
  <message>Text &amp;apos;santhosh.nidamanuri@corpgovrisk.com&amp;apos; is set on object &amp;apos;Object Repository/Page_CGR Foundation/input_Email address_accountemail&amp;apos;</message>
  <nestedLevel>1</nestedLevel>
  <escapedJava>false</escapedJava>
  <property name="testops-method-name">com.kms.katalon.core.webui.keyword.builtin.SetTextKeyword.setText</property>
  <property name="testops-execution-stacktrace"></property>
</record>
<record>
  <date>2025-07-10T08:24:22.553297800Z</date>
  <millis>1752135862553</millis>
  <nanos>297800</nanos>
  <sequence>388</sequence>
  <level>END</level>
  <class>com.kms.katalon.core.logging.XmlKeywordLogger</class>
  <method>endKeyword</method>
  <thread>1</thread>
  <message>End action : setText(findTestObject(&amp;quot;Object Repository/Page_CGR Foundation/input_Email address_accountemail&amp;quot;), &amp;quot;santhosh.nidamanuri@corpgovrisk.com&amp;quot;)</message>
  <nestedLevel>1</nestedLevel>
  <escapedJava>false</escapedJava>
</record>
<record>
  <date>2025-07-10T08:24:22.553297800Z</date>
  <millis>1752135862553</millis>
  <nanos>297800</nanos>
  <sequence>389</sequence>
  <level>START</level>
  <class>com.kms.katalon.core.logging.XmlKeywordLogger</class>
  <method>startKeyword</method>
  <thread>1</thread>
  <message>Start action : setEncryptedText(findTestObject(&amp;quot;Object Repository/Page_CGR Foundation/input_Password_accountpassword&amp;quot;), &amp;quot;g9InqrzvBVyAQwkGaiz+Ig==&amp;quot;)</message>
  <nestedLevel>1</nestedLevel>
  <escapedJava>false</escapedJava>
  <property name="startLine">33</property>
  <property name="stepIndex">5</property>
</record>
<record>
  <date>2025-07-10T08:24:22.944460700Z</date>
  <millis>1752135862944</millis>
  <nanos>460700</nanos>
  <sequence>400</sequence>
  <level>PASSED</level>
  <class>com.kms.katalon.core.logging.XmlKeywordLogger</class>
  <method>logMessage</method>
  <thread>1</thread>
  <message>Text ****** has been set on object &amp;apos;Object Repository/Page_CGR Foundation/input_Password_accountpassword&amp;apos;</message>
  <nestedLevel>1</nestedLevel>
  <escapedJava>false</escapedJava>
  <property name="testops-method-name">com.kms.katalon.core.webui.keyword.builtin.SetEncryptedTextKeyword.setEncryptedText</property>
  <property name="testops-execution-stacktrace"></property>
</record>
<record>
  <date>2025-07-10T08:24:22.945976700Z</date>
  <millis>1752135862945</millis>
  <nanos>976700</nanos>
  <sequence>401</sequence>
  <level>END</level>
  <class>com.kms.katalon.core.logging.XmlKeywordLogger</class>
  <method>endKeyword</method>
  <thread>1</thread>
  <message>End action : setEncryptedText(findTestObject(&amp;quot;Object Repository/Page_CGR Foundation/input_Password_accountpassword&amp;quot;), &amp;quot;g9InqrzvBVyAQwkGaiz+Ig==&amp;quot;)</message>
  <nestedLevel>1</nestedLevel>
  <escapedJava>false</escapedJava>
</record>
<record>
  <date>2025-07-10T08:24:22.945976700Z</date>
  <millis>1752135862945</millis>
  <nanos>976700</nanos>
  <sequence>402</sequence>
  <level>START</level>
  <class>com.kms.katalon.core.logging.XmlKeywordLogger</class>
  <method>startKeyword</method>
  <thread>1</thread>
  <message>Start action : click(findTestObject(&amp;quot;Object Repository/Page_CGR Foundation/input_Remember me_commit&amp;quot;))</message>
  <nestedLevel>1</nestedLevel>
  <escapedJava>false</escapedJava>
  <property name="startLine">35</property>
  <property name="stepIndex">6</property>
</record>
<record>
  <date>2025-07-10T08:24:24.737498500Z</date>
  <millis>1752135864737</millis>
  <nanos>498500</nanos>
  <sequence>412</sequence>
  <level>PASSED</level>
  <class>com.kms.katalon.core.logging.XmlKeywordLogger</class>
  <method>logMessage</method>
  <thread>1</thread>
  <message>Object: &amp;apos;Object Repository/Page_CGR Foundation/input_Remember me_commit&amp;apos; is clicked on</message>
  <nestedLevel>1</nestedLevel>
  <escapedJava>false</escapedJava>
  <property name="testops-method-name">com.kms.katalon.core.webui.keyword.builtin.ClickKeyword.click</property>
  <property name="testops-execution-stacktrace"></property>
</record>
<record>
  <date>2025-07-10T08:24:24.739186600Z</date>
  <millis>1752135864739</millis>
  <nanos>186600</nanos>
  <sequence>413</sequence>
  <level>END</level>
  <class>com.kms.katalon.core.logging.XmlKeywordLogger</class>
  <method>endKeyword</method>
  <thread>1</thread>
  <message>End action : click(findTestObject(&amp;quot;Object Repository/Page_CGR Foundation/input_Remember me_commit&amp;quot;))</message>
  <nestedLevel>1</nestedLevel>
  <escapedJava>false</escapedJava>
</record>
<record>
  <date>2025-07-10T08:24:24.739738Z</date>
  <millis>1752135864739</millis>
  <nanos>738000</nanos>
  <sequence>414</sequence>
  <level>START</level>
  <class>com.kms.katalon.core.logging.XmlKeywordLogger</class>
  <method>startKeyword</method>
  <thread>1</thread>
  <message>Start action : navigateToUrl(&amp;quot;https://bug-nation.cgrfoundation-staging.com/indicators/110&amp;quot;)</message>
  <nestedLevel>1</nestedLevel>
  <escapedJava>false</escapedJava>
  <property name="startLine">37</property>
  <property name="stepIndex">7</property>
</record>
<record>
  <date>2025-07-10T08:24:25.660231200Z</date>
  <millis>1752135865660</millis>
  <nanos>231200</nanos>
  <sequence>417</sequence>
  <level>PASSED</level>
  <class>com.kms.katalon.core.logging.XmlKeywordLogger</class>
  <method>logMessage</method>
  <thread>1</thread>
  <message>Navigate to &amp;apos;https://bug-nation.cgrfoundation-staging.com/indicators/110&amp;apos; successfully</message>
  <nestedLevel>1</nestedLevel>
  <escapedJava>false</escapedJava>
  <property name="testops-method-name">com.kms.katalon.core.webui.keyword.builtin.NavigateToUrlKeyword.navigateToUrl</property>
  <property name="testops-execution-stacktrace"></property>
</record>
<record>
  <date>2025-07-10T08:24:25.660231200Z</date>
  <millis>1752135865660</millis>
  <nanos>231200</nanos>
  <sequence>418</sequence>
  <level>END</level>
  <class>com.kms.katalon.core.logging.XmlKeywordLogger</class>
  <method>endKeyword</method>
  <thread>1</thread>
  <message>End action : navigateToUrl(&amp;quot;https://bug-nation.cgrfoundation-staging.com/indicators/110&amp;quot;)</message>
  <nestedLevel>1</nestedLevel>
  <escapedJava>false</escapedJava>
</record>
<record>
  <date>2025-07-10T08:24:25.662247400Z</date>
  <millis>1752135865662</millis>
  <nanos>247400</nanos>
  <sequence>419</sequence>
  <level>START</level>
  <class>com.kms.katalon.core.logging.XmlKeywordLogger</class>
  <method>startKeyword</method>
  <thread>1</thread>
  <message>Start action : click(findTestObject(&amp;quot;Object Repository/Page_Indicators - CGR Foundation (6)/button_Edit&amp;quot;))</message>
  <nestedLevel>1</nestedLevel>
  <escapedJava>false</escapedJava>
  <property name="startLine">39</property>
  <property name="stepIndex">8</property>
</record>
<record>
  <date>2025-07-10T08:24:28.119539200Z</date>
  <millis>1752135868119</millis>
  <nanos>539200</nanos>
  <sequence>429</sequence>
  <level>PASSED</level>
  <class>com.kms.katalon.core.logging.XmlKeywordLogger</class>
  <method>logMessage</method>
  <thread>1</thread>
  <message>Object: &amp;apos;Object Repository/Page_Indicators - CGR Foundation (6)/button_Edit&amp;apos; is clicked on</message>
  <nestedLevel>1</nestedLevel>
  <escapedJava>false</escapedJava>
  <property name="testops-method-name">com.kms.katalon.core.webui.keyword.builtin.ClickKeyword.click</property>
  <property name="testops-execution-stacktrace"></property>
</record>
<record>
  <date>2025-07-10T08:24:28.125955400Z</date>
  <millis>1752135868125</millis>
  <nanos>955400</nanos>
  <sequence>430</sequence>
  <level>END</level>
  <class>com.kms.katalon.core.logging.XmlKeywordLogger</class>
  <method>endKeyword</method>
  <thread>1</thread>
  <message>End action : click(findTestObject(&amp;quot;Object Repository/Page_Indicators - CGR Foundation (6)/button_Edit&amp;quot;))</message>
  <nestedLevel>1</nestedLevel>
  <escapedJava>false</escapedJava>
</record>
<record>
  <date>2025-07-10T08:24:28.134387200Z</date>
  <millis>1752135868134</millis>
  <nanos>387200</nanos>
  <sequence>431</sequence>
  <level>START</level>
  <class>com.kms.katalon.core.logging.XmlKeywordLogger</class>
  <method>startKeyword</method>
  <thread>1</thread>
  <message>Start action : click(findTestObject(&amp;quot;Object Repository/Page_Indicators - CGR Foundation (6)/input_Next Report Date_due_date&amp;quot;))</message>
  <nestedLevel>1</nestedLevel>
  <escapedJava>false</escapedJava>
  <property name="startLine">41</property>
  <property name="stepIndex">9</property>
</record>
<record>
  <date>2025-07-10T08:24:30.057862200Z</date>
  <millis>1752135870057</millis>
  <nanos>862200</nanos>
  <sequence>441</sequence>
  <level>PASSED</level>
  <class>com.kms.katalon.core.logging.XmlKeywordLogger</class>
  <method>logMessage</method>
  <thread>1</thread>
  <message>Object: &amp;apos;Object Repository/Page_Indicators - CGR Foundation (6)/input_Next Report Date_due_date&amp;apos; is clicked on</message>
  <nestedLevel>1</nestedLevel>
  <escapedJava>false</escapedJava>
  <property name="testops-method-name">com.kms.katalon.core.webui.keyword.builtin.ClickKeyword.click</property>
  <property name="testops-execution-stacktrace"></property>
</record>
<record>
  <date>2025-07-10T08:24:30.065715300Z</date>
  <millis>1752135870065</millis>
  <nanos>715300</nanos>
  <sequence>442</sequence>
  <level>END</level>
  <class>com.kms.katalon.core.logging.XmlKeywordLogger</class>
  <method>endKeyword</method>
  <thread>1</thread>
  <message>End action : click(findTestObject(&amp;quot;Object Repository/Page_Indicators - CGR Foundation (6)/input_Next Report Date_due_date&amp;quot;))</message>
  <nestedLevel>1</nestedLevel>
  <escapedJava>false</escapedJava>
</record>
<record>
  <date>2025-07-10T08:24:30.067305200Z</date>
  <millis>1752135870067</millis>
  <nanos>305200</nanos>
  <sequence>443</sequence>
  <level>START</level>
  <class>com.kms.katalon.core.logging.XmlKeywordLogger</class>
  <method>startKeyword</method>
  <thread>1</thread>
  <message>Start action : setText(findTestObject(&amp;quot;Object Repository/Page_Indicators - CGR Foundation (6)/input_Next Report Date_due_date&amp;quot;), minusDays(1).format(DateTimeFormatter.ofPattern(&amp;quot;dd/MM/yyyy&amp;quot;)))</message>
  <nestedLevel>1</nestedLevel>
  <escapedJava>false</escapedJava>
  <property name="startLine">43</property>
  <property name="stepIndex">10</property>
</record>
<record>
  <date>2025-07-10T08:24:31.205714500Z</date>
  <millis>1752135871205</millis>
  <nanos>714500</nanos>
  <sequence>459</sequence>
  <level>PASSED</level>
  <class>com.kms.katalon.core.logging.XmlKeywordLogger</class>
  <method>logMessage</method>
  <thread>1</thread>
  <message>Text &amp;apos;09/07/2025&amp;apos; is set on object &amp;apos;Object Repository/Page_Indicators - CGR Foundation (6)/input_Next Report Date_due_date&amp;apos;</message>
  <nestedLevel>1</nestedLevel>
  <escapedJava>false</escapedJava>
  <property name="testops-method-name">com.kms.katalon.core.webui.keyword.builtin.SetTextKeyword.setText</property>
  <property name="testops-execution-stacktrace"></property>
</record>
<record>
  <date>2025-07-10T08:24:31.213696500Z</date>
  <millis>1752135871213</millis>
  <nanos>696500</nanos>
  <sequence>460</sequence>
  <level>END</level>
  <class>com.kms.katalon.core.logging.XmlKeywordLogger</class>
  <method>endKeyword</method>
  <thread>1</thread>
  <message>End action : setText(findTestObject(&amp;quot;Object Repository/Page_Indicators - CGR Foundation (6)/input_Next Report Date_due_date&amp;quot;), minusDays(1).format(DateTimeFormatter.ofPattern(&amp;quot;dd/MM/yyyy&amp;quot;)))</message>
  <nestedLevel>1</nestedLevel>
  <escapedJava>false</escapedJava>
</record>
<record>
  <date>2025-07-10T08:24:31.215010600Z</date>
  <millis>1752135871215</millis>
  <nanos>10600</nanos>
  <sequence>461</sequence>
  <level>START</level>
  <class>com.kms.katalon.core.logging.XmlKeywordLogger</class>
  <method>startKeyword</method>
  <thread>1</thread>
  <message>Start action : click(findTestObject(&amp;quot;Object Repository/Page_Indicators - CGR Foundation (6)/button_Save&amp;quot;))</message>
  <nestedLevel>1</nestedLevel>
  <escapedJava>false</escapedJava>
  <property name="startLine">46</property>
  <property name="stepIndex">11</property>
</record>
<record>
  <date>2025-07-10T08:24:31.805752Z</date>
  <millis>1752135871805</millis>
  <nanos>752000</nanos>
  <sequence>471</sequence>
  <level>PASSED</level>
  <class>com.kms.katalon.core.logging.XmlKeywordLogger</class>
  <method>logMessage</method>
  <thread>1</thread>
  <message>Object: &amp;apos;Object Repository/Page_Indicators - CGR Foundation (6)/button_Save&amp;apos; is clicked on</message>
  <nestedLevel>1</nestedLevel>
  <escapedJava>false</escapedJava>
  <property name="testops-method-name">com.kms.katalon.core.webui.keyword.builtin.ClickKeyword.click</property>
  <property name="testops-execution-stacktrace"></property>
</record>
<record>
  <date>2025-07-10T08:24:31.814029700Z</date>
  <millis>1752135871814</millis>
  <nanos>29700</nanos>
  <sequence>472</sequence>
  <level>END</level>
  <class>com.kms.katalon.core.logging.XmlKeywordLogger</class>
  <method>endKeyword</method>
  <thread>1</thread>
  <message>End action : click(findTestObject(&amp;quot;Object Repository/Page_Indicators - CGR Foundation (6)/button_Save&amp;quot;))</message>
  <nestedLevel>1</nestedLevel>
  <escapedJava>false</escapedJava>
</record>
<record>
  <date>2025-07-10T08:24:31.814840800Z</date>
  <millis>1752135871814</millis>
  <nanos>840800</nanos>
  <sequence>473</sequence>
  <level>START</level>
  <class>com.kms.katalon.core.logging.XmlKeywordLogger</class>
  <method>startKeyword</method>
  <thread>1</thread>
  <message>Start action : verifyElementText(findTestObject(&amp;quot;Object Repository/Page_Indicators - CGR Foundation (6)/div_08 July, 2025&amp;quot;), minusDays(1).format(DateTimeFormatter.ofPattern(&amp;quot;dd MMMM, yyyy&amp;quot;)))</message>
  <nestedLevel>1</nestedLevel>
  <escapedJava>false</escapedJava>
  <property name="startLine">48</property>
  <property name="stepIndex">12</property>
</record>
<record>
  <date>2025-07-10T08:24:31.839740700Z</date>
  <millis>1752135871839</millis>
  <nanos>740700</nanos>
  <sequence>480</sequence>
  <level>WARNING</level>
  <class>com.kms.katalon.core.logging.XmlKeywordLogger</class>
  <method>logMessage</method>
  <thread>1</thread>
  <message>[SELF-HEALING] Failed to find element with id &amp;apos;Object Repository/Page_Indicators - CGR Foundation (6)/div_08 July, 2025&amp;apos;. Try using Self-healing.</message>
  <nestedLevel>1</nestedLevel>
  <escapedJava>false</escapedJava>
</record>
<record>
  <date>2025-07-10T08:24:31.853650200Z</date>
  <millis>1752135871853</millis>
  <nanos>650200</nanos>
  <sequence>483</sequence>
  <level>WARNING</level>
  <class>com.kms.katalon.core.logging.XmlKeywordLogger</class>
  <method>logMessage</method>
  <thread>1</thread>
  <message>[SELF-HEALING] unexpected alert open: {Alert text : Are you sure you want to close this window? Unsaved changes will be lost.}
  (Session info: chrome=137.0.7151.120): Are you sure you want to close this window? Unsaved changes will be lost.
Build info: version: &amp;apos;4.28.1&amp;apos;, revision: &amp;apos;73f5ad48a2&amp;apos;
System info: os.name: &amp;apos;Windows 11&amp;apos;, os.arch: &amp;apos;amd64&amp;apos;, os.version: &amp;apos;10.0&amp;apos;, java.version: &amp;apos;17.0.14&amp;apos;
Driver info: com.kms.katalon.selenium.driver.CChromeDriver
Command: [eae85d36a7584e9f13d8d2fd59208021, findElements {value=//div[@id=&amp;apos;js-MainContent&amp;apos;]/div/div[3]/div/div[2]/div/div/div/div[2]/div, using=xpath}]
Capabilities {acceptInsecureCerts: false, browserName: chrome, browserVersion: 137.0.7151.120, chrome: {chromedriverVersion: 137.0.7151.55 (254bc711794d..., userDataDir: C:\Users\santh\AppData\Loca...}, fedcm:accounts: true, goog:chromeOptions: {debuggerAddress: localhost:60735}, networkConnectionEnabled: false, pageLoadStrategy: normal, platformName: windows, proxy: Proxy(), se:cdp: ws://localhost:60735/devtoo..., se:cdpVersion: 137.0.7151.120, setWindowRect: true, strictFileInteractability: false, timeouts: {implicit: 0, pageLoad: 300000, script: 30000}, unhandledPromptBehavior: ignore, webSocketUrl: ws://localhost:39680/sessio..., webauthn:extension:credBlob: true, webauthn:extension:largeBlob: true, webauthn:extension:minPinLength: true, webauthn:extension:prf: true, webauthn:virtualAuthenticators: true}
Session ID: eae85d36a7584e9f13d8d2fd59208021</message>
  <nestedLevel>1</nestedLevel>
  <escapedJava>false</escapedJava>
  <property name="failed.exception.class">org.openqa.selenium.UnhandledAlertException</property>
  <property name="failed.exception.stacktrace">org.openqa.selenium.UnhandledAlertException: unexpected alert open: {Alert text : Are you sure you want to close this window? Unsaved changes will be lost.}
  (Session info: chrome=137.0.7151.120): Are you sure you want to close this window? Unsaved changes will be lost.
Build info: version: &apos;4.28.1&apos;, revision: &apos;73f5ad48a2&apos;
System info: os.name: &apos;Windows 11&apos;, os.arch: &apos;amd64&apos;, os.version: &apos;10.0&apos;, java.version: &apos;17.0.14&apos;
Driver info: com.kms.katalon.selenium.driver.CChromeDriver
Command: [eae85d36a7584e9f13d8d2fd59208021, findElements {value=//div[@id=&apos;js-MainContent&apos;]/div/div[3]/div/div[2]/div/div/div/div[2]/div, using=xpath}]
Capabilities {acceptInsecureCerts: false, browserName: chrome, browserVersion: 137.0.7151.120, chrome: {chromedriverVersion: 137.0.7151.55 (254bc711794d..., userDataDir: C:\Users\santh\AppData\Loca...}, fedcm:accounts: true, goog:chromeOptions: {debuggerAddress: localhost:60735}, networkConnectionEnabled: false, pageLoadStrategy: normal, platformName: windows, proxy: Proxy(), se:cdp: ws://localhost:60735/devtoo..., se:cdpVersion: 137.0.7151.120, setWindowRect: true, strictFileInteractability: false, timeouts: {implicit: 0, pageLoad: 300000, script: 30000}, unhandledPromptBehavior: ignore, webSocketUrl: ws://localhost:39680/sessio..., webauthn:extension:credBlob: true, webauthn:extension:largeBlob: true, webauthn:extension:minPinLength: true, webauthn:extension:prf: true, webauthn:virtualAuthenticators: true}
Session ID: eae85d36a7584e9f13d8d2fd59208021
	at org.openqa.selenium.remote.codec.w3c.W3CHttpResponseCodec.decode(W3CHttpResponseCodec.java:136)
	at org.openqa.selenium.remote.codec.w3c.W3CHttpResponseCodec.decode(W3CHttpResponseCodec.java:50)
	at org.openqa.selenium.remote.HttpCommandExecutor.execute(HttpCommandExecutor.java:215)
	at org.openqa.selenium.remote.service.DriverCommandExecutor.invokeExecute(DriverCommandExecutor.java:216)
	at org.openqa.selenium.remote.service.DriverCommandExecutor.execute(DriverCommandExecutor.java:174)
	at org.openqa.selenium.remote.RemoteWebDriver.execute(RemoteWebDriver.java:545)
	at org.openqa.selenium.remote.ElementLocation$ElementFinder$2.findElements(ElementLocation.java:182)
	at org.openqa.selenium.remote.ElementLocation.findElements(ElementLocation.java:103)
	at org.openqa.selenium.remote.RemoteWebDriver.findElements(RemoteWebDriver.java:381)
	at org.openqa.selenium.remote.RemoteWebDriver.findElements(RemoteWebDriver.java:375)
	at jdk.internal.reflect.GeneratedMethodAccessor17.invoke(Unknown Source)
	at java.base/jdk.internal.reflect.DelegatingMethodAccessorImpl.invoke(DelegatingMethodAccessorImpl.java:43)
	at org.openqa.selenium.support.decorators.WebDriverDecorator.call(WebDriverDecorator.java:315)
	at org.openqa.selenium.support.decorators.DefaultDecorated.call(DefaultDecorated.java:48)
	at org.openqa.selenium.support.decorators.WebDriverDecorator.lambda$createProxyFactory$3(WebDriverDecorator.java:405)
	at org.openqa.selenium.remote.RemoteWebDriver$ByteBuddy$CX6c3RHg.findElements(Unknown Source)
	at com.kms.katalon.core.webui.common.WebUiCommonHelper.findWebElementsWithSmartXPath(WebUiCommonHelper.java:1145)
	at com.kms.katalon.core.webui.common.WebUiCommonHelper.findElementsBySelectedMethod(WebUiCommonHelper.java:954)
	at com.kms.katalon.core.webui.common.WebUiCommonHelper.findElementsWithSelfHealing(WebUiCommonHelper.java:846)
	at com.kms.katalon.core.webui.common.WebUiCommonHelper.findWebElements(WebUiCommonHelper.java:758)
	at com.kms.katalon.core.webui.common.WebUiCommonHelper.findWebElement(WebUiCommonHelper.java:1448)
	at com.kms.katalon.core.webui.keyword.internal.WebUIAbstractKeyword.findWebElement(WebUIAbstractKeyword.groovy:27)
	at com.kms.katalon.core.webui.keyword.builtin.VerifyElementTextKeyword$_verifyElementText_closure1.doCall(VerifyElementTextKeyword.groovy:52)
	at com.kms.katalon.core.webui.keyword.builtin.VerifyElementTextKeyword$_verifyElementText_closure1.call(VerifyElementTextKeyword.groovy)
	at com.kms.katalon.core.webui.keyword.internal.WebUIKeywordMain.runKeyword(WebUIKeywordMain.groovy:35)
	at com.kms.katalon.core.webui.keyword.builtin.VerifyElementTextKeyword.verifyElementText(VerifyElementTextKeyword.groovy:72)
	at com.kms.katalon.core.webui.keyword.builtin.VerifyElementTextKeyword.execute(VerifyElementTextKeyword.groovy:40)
	at com.kms.katalon.core.keyword.internal.KeywordExecutor.executeKeywordForPlatform(KeywordExecutor.groovy:64)
	at com.kms.katalon.core.webui.keyword.WebUiBuiltInKeywords.verifyElementText(WebUiBuiltInKeywords.groovy:4994)
	at Indicator Current Date-1, 1 response interval and 1 reporting days.run(Indicator Current Date-1, 1 response interval and 1 reporting days:49)
	at com.kms.katalon.core.main.ScriptEngine.run(ScriptEngine.java:194)
	at com.kms.katalon.core.main.ScriptEngine.runScriptAsRawText(ScriptEngine.java:119)
	at com.kms.katalon.core.main.TestCaseExecutor.runScript(TestCaseExecutor.java:485)
	at com.kms.katalon.core.main.TestCaseExecutor.doExecute(TestCaseExecutor.java:476)
	at com.kms.katalon.core.main.TestCaseExecutor.processExecutionPhase(TestCaseExecutor.java:455)
	at com.kms.katalon.core.main.TestCaseExecutor.accessMainPhase(TestCaseExecutor.java:447)
	at com.kms.katalon.core.main.TestCaseExecutor.execute(TestCaseExecutor.java:321)
	at com.kms.katalon.core.main.TestCaseExecutor.execute(TestCaseExecutor.java:405)
	at com.kms.katalon.core.main.TestCaseExecutor.execute(TestCaseExecutor.java:405)
	at com.kms.katalon.core.common.CommonExecutor.accessTestCaseMainPhase(CommonExecutor.java:71)
	at com.kms.katalon.core.main.TestSuiteExecutor.accessTestSuiteMainPhase(TestSuiteExecutor.java:160)
	at com.kms.katalon.core.main.TestSuiteExecutor.execute(TestSuiteExecutor.java:107)
	at com.kms.katalon.core.main.TestCaseMain.startTestSuite(TestCaseMain.java:195)
	at TempTestSuite1752135807090.run(TempTestSuite1752135807090.groovy:35)
	at java.base/jdk.internal.reflect.NativeMethodAccessorImpl.invoke0(Native Method)
	at java.base/jdk.internal.reflect.NativeMethodAccessorImpl.invoke(NativeMethodAccessorImpl.java:77)
	at java.base/jdk.internal.reflect.DelegatingMethodAccessorImpl.invoke(DelegatingMethodAccessorImpl.java:43)
</property>
  <property name="failed.exception.message">unexpected alert open: {Alert text : Are you sure you want to close this window? Unsaved changes will be lost.}
  (Session info: chrome=137.0.7151.120): Are you sure you want to close this window? Unsaved changes will be lost.
Build info: version: &apos;4.28.1&apos;, revision: &apos;73f5ad48a2&apos;
System info: os.name: &apos;Windows 11&apos;, os.arch: &apos;amd64&apos;, os.version: &apos;10.0&apos;, java.version: &apos;17.0.14&apos;
Driver info: com.kms.katalon.selenium.driver.CChromeDriver
Command: [eae85d36a7584e9f13d8d2fd59208021, findElements {value=//div[@id=&apos;js-MainContent&apos;]/div/div[3]/div/div[2]/div/div/div/div[2]/div, using=xpath}]
Capabilities {acceptInsecureCerts: false, browserName: chrome, browserVersion: 137.0.7151.120, chrome: {chromedriverVersion: 137.0.7151.55 (254bc711794d..., userDataDir: C:\Users\santh\AppData\Loca...}, fedcm:accounts: true, goog:chromeOptions: {debuggerAddress: localhost:60735}, networkConnectionEnabled: false, pageLoadStrategy: normal, platformName: windows, proxy: Proxy(), se:cdp: ws://localhost:60735/devtoo..., se:cdpVersion: 137.0.7151.120, setWindowRect: true, strictFileInteractability: false, timeouts: {implicit: 0, pageLoad: 300000, script: 30000}, unhandledPromptBehavior: ignore, webSocketUrl: ws://localhost:39680/sessio..., webauthn:extension:credBlob: true, webauthn:extension:largeBlob: true, webauthn:extension:minPinLength: true, webauthn:extension:prf: true, webauthn:virtualAuthenticators: true}
Session ID: eae85d36a7584e9f13d8d2fd59208021</property>
</record>
<record>
  <date>2025-07-10T08:24:32.869731300Z</date>
  <millis>1752135872869</millis>
  <nanos>731300</nanos>
  <sequence>487</sequence>
  <level>WARNING</level>
  <class>com.kms.katalon.core.logging.XmlKeywordLogger</class>
  <method>logMessage</method>
  <thread>1</thread>
  <message>[SELF-HEALING] unexpected alert open: {Alert text : Are you sure you want to close this window? Unsaved changes will be lost.}
  (Session info: chrome=137.0.7151.120): Are you sure you want to close this window? Unsaved changes will be lost.
Build info: version: &amp;apos;4.28.1&amp;apos;, revision: &amp;apos;73f5ad48a2&amp;apos;
System info: os.name: &amp;apos;Windows 11&amp;apos;, os.arch: &amp;apos;amd64&amp;apos;, os.version: &amp;apos;10.0&amp;apos;, java.version: &amp;apos;17.0.14&amp;apos;
Driver info: com.kms.katalon.selenium.driver.CChromeDriver
Command: [eae85d36a7584e9f13d8d2fd59208021, findElements {value=//*[(text() = &amp;apos;

08 July, 2025
&amp;apos; or . = &amp;apos;

08 July, 2025
&amp;apos;)], using=xpath}]
Capabilities {acceptInsecureCerts: false, browserName: chrome, browserVersion: 137.0.7151.120, chrome: {chromedriverVersion: 137.0.7151.55 (254bc711794d..., userDataDir: C:\Users\santh\AppData\Loca...}, fedcm:accounts: true, goog:chromeOptions: {debuggerAddress: localhost:60735}, networkConnectionEnabled: false, pageLoadStrategy: normal, platformName: windows, proxy: Proxy(), se:cdp: ws://localhost:60735/devtoo..., se:cdpVersion: 137.0.7151.120, setWindowRect: true, strictFileInteractability: false, timeouts: {implicit: 0, pageLoad: 300000, script: 30000}, unhandledPromptBehavior: ignore, webSocketUrl: ws://localhost:39680/sessio..., webauthn:extension:credBlob: true, webauthn:extension:largeBlob: true, webauthn:extension:minPinLength: true, webauthn:extension:prf: true, webauthn:virtualAuthenticators: true}
Session ID: eae85d36a7584e9f13d8d2fd59208021</message>
  <nestedLevel>1</nestedLevel>
  <escapedJava>false</escapedJava>
  <property name="failed.exception.class">org.openqa.selenium.UnhandledAlertException</property>
  <property name="failed.exception.stacktrace">org.openqa.selenium.UnhandledAlertException: unexpected alert open: {Alert text : Are you sure you want to close this window? Unsaved changes will be lost.}
  (Session info: chrome=137.0.7151.120): Are you sure you want to close this window? Unsaved changes will be lost.
Build info: version: &apos;4.28.1&apos;, revision: &apos;73f5ad48a2&apos;
System info: os.name: &apos;Windows 11&apos;, os.arch: &apos;amd64&apos;, os.version: &apos;10.0&apos;, java.version: &apos;17.0.14&apos;
Driver info: com.kms.katalon.selenium.driver.CChromeDriver
Command: [eae85d36a7584e9f13d8d2fd59208021, findElements {value=//*[(text() = &apos;

08 July, 2025
&apos; or . = &apos;

08 July, 2025
&apos;)], using=xpath}]
Capabilities {acceptInsecureCerts: false, browserName: chrome, browserVersion: 137.0.7151.120, chrome: {chromedriverVersion: 137.0.7151.55 (254bc711794d..., userDataDir: C:\Users\santh\AppData\Loca...}, fedcm:accounts: true, goog:chromeOptions: {debuggerAddress: localhost:60735}, networkConnectionEnabled: false, pageLoadStrategy: normal, platformName: windows, proxy: Proxy(), se:cdp: ws://localhost:60735/devtoo..., se:cdpVersion: 137.0.7151.120, setWindowRect: true, strictFileInteractability: false, timeouts: {implicit: 0, pageLoad: 300000, script: 30000}, unhandledPromptBehavior: ignore, webSocketUrl: ws://localhost:39680/sessio..., webauthn:extension:credBlob: true, webauthn:extension:largeBlob: true, webauthn:extension:minPinLength: true, webauthn:extension:prf: true, webauthn:virtualAuthenticators: true}
Session ID: eae85d36a7584e9f13d8d2fd59208021
	at org.openqa.selenium.remote.codec.w3c.W3CHttpResponseCodec.decode(W3CHttpResponseCodec.java:136)
	at org.openqa.selenium.remote.codec.w3c.W3CHttpResponseCodec.decode(W3CHttpResponseCodec.java:50)
	at org.openqa.selenium.remote.HttpCommandExecutor.execute(HttpCommandExecutor.java:215)
	at org.openqa.selenium.remote.service.DriverCommandExecutor.invokeExecute(DriverCommandExecutor.java:216)
	at org.openqa.selenium.remote.service.DriverCommandExecutor.execute(DriverCommandExecutor.java:174)
	at org.openqa.selenium.remote.RemoteWebDriver.execute(RemoteWebDriver.java:545)
	at org.openqa.selenium.remote.ElementLocation$ElementFinder$2.findElements(ElementLocation.java:182)
	at org.openqa.selenium.remote.ElementLocation.findElements(ElementLocation.java:103)
	at org.openqa.selenium.remote.RemoteWebDriver.findElements(RemoteWebDriver.java:381)
	at org.openqa.selenium.remote.RemoteWebDriver.findElements(RemoteWebDriver.java:375)
	at jdk.internal.reflect.GeneratedMethodAccessor17.invoke(Unknown Source)
	at java.base/jdk.internal.reflect.DelegatingMethodAccessorImpl.invoke(DelegatingMethodAccessorImpl.java:43)
	at org.openqa.selenium.support.decorators.WebDriverDecorator.call(WebDriverDecorator.java:315)
	at org.openqa.selenium.support.decorators.DefaultDecorated.call(DefaultDecorated.java:48)
	at org.openqa.selenium.support.decorators.WebDriverDecorator.lambda$createProxyFactory$3(WebDriverDecorator.java:405)
	at org.openqa.selenium.remote.RemoteWebDriver$ByteBuddy$CX6c3RHg.findElements(Unknown Source)
	at com.kms.katalon.core.webui.common.WebUiCommonHelper.findElementByNormalMethods(WebUiCommonHelper.java:1064)
	at com.kms.katalon.core.webui.common.WebUiCommonHelper.findElementsBySelectedMethod(WebUiCommonHelper.java:949)
	at com.kms.katalon.core.webui.common.WebUiCommonHelper.findElementsWithSelfHealing(WebUiCommonHelper.java:846)
	at com.kms.katalon.core.webui.common.WebUiCommonHelper.findWebElements(WebUiCommonHelper.java:758)
	at com.kms.katalon.core.webui.common.WebUiCommonHelper.findWebElement(WebUiCommonHelper.java:1448)
	at com.kms.katalon.core.webui.keyword.internal.WebUIAbstractKeyword.findWebElement(WebUIAbstractKeyword.groovy:27)
	at com.kms.katalon.core.webui.keyword.builtin.VerifyElementTextKeyword$_verifyElementText_closure1.doCall(VerifyElementTextKeyword.groovy:52)
	at com.kms.katalon.core.webui.keyword.builtin.VerifyElementTextKeyword$_verifyElementText_closure1.call(VerifyElementTextKeyword.groovy)
	at com.kms.katalon.core.webui.keyword.internal.WebUIKeywordMain.runKeyword(WebUIKeywordMain.groovy:35)
	at com.kms.katalon.core.webui.keyword.builtin.VerifyElementTextKeyword.verifyElementText(VerifyElementTextKeyword.groovy:72)
	at com.kms.katalon.core.webui.keyword.builtin.VerifyElementTextKeyword.execute(VerifyElementTextKeyword.groovy:40)
	at com.kms.katalon.core.keyword.internal.KeywordExecutor.executeKeywordForPlatform(KeywordExecutor.groovy:64)
	at com.kms.katalon.core.webui.keyword.WebUiBuiltInKeywords.verifyElementText(WebUiBuiltInKeywords.groovy:4994)
	at Indicator Current Date-1, 1 response interval and 1 reporting days.run(Indicator Current Date-1, 1 response interval and 1 reporting days:49)
	at com.kms.katalon.core.main.ScriptEngine.run(ScriptEngine.java:194)
	at com.kms.katalon.core.main.ScriptEngine.runScriptAsRawText(ScriptEngine.java:119)
	at com.kms.katalon.core.main.TestCaseExecutor.runScript(TestCaseExecutor.java:485)
	at com.kms.katalon.core.main.TestCaseExecutor.doExecute(TestCaseExecutor.java:476)
	at com.kms.katalon.core.main.TestCaseExecutor.processExecutionPhase(TestCaseExecutor.java:455)
	at com.kms.katalon.core.main.TestCaseExecutor.accessMainPhase(TestCaseExecutor.java:447)
	at com.kms.katalon.core.main.TestCaseExecutor.execute(TestCaseExecutor.java:321)
	at com.kms.katalon.core.main.TestCaseExecutor.execute(TestCaseExecutor.java:405)
	at com.kms.katalon.core.main.TestCaseExecutor.execute(TestCaseExecutor.java:405)
	at com.kms.katalon.core.common.CommonExecutor.accessTestCaseMainPhase(CommonExecutor.java:71)
	at com.kms.katalon.core.main.TestSuiteExecutor.accessTestSuiteMainPhase(TestSuiteExecutor.java:160)
	at com.kms.katalon.core.main.TestSuiteExecutor.execute(TestSuiteExecutor.java:107)
	at com.kms.katalon.core.main.TestCaseMain.startTestSuite(TestCaseMain.java:195)
	at TempTestSuite1752135807090.run(TempTestSuite1752135807090.groovy:35)
	at java.base/jdk.internal.reflect.NativeMethodAccessorImpl.invoke0(Native Method)
	at java.base/jdk.internal.reflect.NativeMethodAccessorImpl.invoke(NativeMethodAccessorImpl.java:77)
	at java.base/jdk.internal.reflect.DelegatingMethodAccessorImpl.invoke(DelegatingMethodAccessorImpl.java:43)
</property>
  <property name="failed.exception.message">unexpected alert open: {Alert text : Are you sure you want to close this window? Unsaved changes will be lost.}
  (Session info: chrome=137.0.7151.120): Are you sure you want to close this window? Unsaved changes will be lost.
Build info: version: &apos;4.28.1&apos;, revision: &apos;73f5ad48a2&apos;
System info: os.name: &apos;Windows 11&apos;, os.arch: &apos;amd64&apos;, os.version: &apos;10.0&apos;, java.version: &apos;17.0.14&apos;
Driver info: com.kms.katalon.selenium.driver.CChromeDriver
Command: [eae85d36a7584e9f13d8d2fd59208021, findElements {value=//*[(text() = &apos;

08 July, 2025
&apos; or . = &apos;

08 July, 2025
&apos;)], using=xpath}]
Capabilities {acceptInsecureCerts: false, browserName: chrome, browserVersion: 137.0.7151.120, chrome: {chromedriverVersion: 137.0.7151.55 (254bc711794d..., userDataDir: C:\Users\santh\AppData\Loca...}, fedcm:accounts: true, goog:chromeOptions: {debuggerAddress: localhost:60735}, networkConnectionEnabled: false, pageLoadStrategy: normal, platformName: windows, proxy: Proxy(), se:cdp: ws://localhost:60735/devtoo..., se:cdpVersion: 137.0.7151.120, setWindowRect: true, strictFileInteractability: false, timeouts: {implicit: 0, pageLoad: 300000, script: 30000}, unhandledPromptBehavior: ignore, webSocketUrl: ws://localhost:39680/sessio..., webauthn:extension:credBlob: true, webauthn:extension:largeBlob: true, webauthn:extension:minPinLength: true, webauthn:extension:prf: true, webauthn:virtualAuthenticators: true}
Session ID: eae85d36a7584e9f13d8d2fd59208021</property>
</record>
<record>
  <date>2025-07-10T08:24:32.881836400Z</date>
  <millis>1752135872881</millis>
  <nanos>836400</nanos>
  <sequence>491</sequence>
  <level>WARNING</level>
  <class>com.kms.katalon.core.logging.XmlKeywordLogger</class>
  <method>logMessage</method>
  <thread>1</thread>
  <message>[SELF-HEALING] unexpected alert open: {Alert text : Are you sure you want to close this window? Unsaved changes will be lost.}
  (Session info: chrome=137.0.7151.120): Are you sure you want to close this window? Unsaved changes will be lost.
Build info: version: &amp;apos;4.28.1&amp;apos;, revision: &amp;apos;73f5ad48a2&amp;apos;
System info: os.name: &amp;apos;Windows 11&amp;apos;, os.arch: &amp;apos;amd64&amp;apos;, os.version: &amp;apos;10.0&amp;apos;, java.version: &amp;apos;17.0.14&amp;apos;
Driver info: com.kms.katalon.selenium.driver.CChromeDriver
Command: [eae85d36a7584e9f13d8d2fd59208021, findElements {value=div.text-danger, using=css selector}]
Capabilities {acceptInsecureCerts: false, browserName: chrome, browserVersion: 137.0.7151.120, chrome: {chromedriverVersion: 137.0.7151.55 (254bc711794d..., userDataDir: C:\Users\santh\AppData\Loca...}, fedcm:accounts: true, goog:chromeOptions: {debuggerAddress: localhost:60735}, networkConnectionEnabled: false, pageLoadStrategy: normal, platformName: windows, proxy: Proxy(), se:cdp: ws://localhost:60735/devtoo..., se:cdpVersion: 137.0.7151.120, setWindowRect: true, strictFileInteractability: false, timeouts: {implicit: 0, pageLoad: 300000, script: 30000}, unhandledPromptBehavior: ignore, webSocketUrl: ws://localhost:39680/sessio..., webauthn:extension:credBlob: true, webauthn:extension:largeBlob: true, webauthn:extension:minPinLength: true, webauthn:extension:prf: true, webauthn:virtualAuthenticators: true}
Session ID: eae85d36a7584e9f13d8d2fd59208021</message>
  <nestedLevel>1</nestedLevel>
  <escapedJava>false</escapedJava>
  <property name="failed.exception.class">org.openqa.selenium.UnhandledAlertException</property>
  <property name="failed.exception.stacktrace">org.openqa.selenium.UnhandledAlertException: unexpected alert open: {Alert text : Are you sure you want to close this window? Unsaved changes will be lost.}
  (Session info: chrome=137.0.7151.120): Are you sure you want to close this window? Unsaved changes will be lost.
Build info: version: &apos;4.28.1&apos;, revision: &apos;73f5ad48a2&apos;
System info: os.name: &apos;Windows 11&apos;, os.arch: &apos;amd64&apos;, os.version: &apos;10.0&apos;, java.version: &apos;17.0.14&apos;
Driver info: com.kms.katalon.selenium.driver.CChromeDriver
Command: [eae85d36a7584e9f13d8d2fd59208021, findElements {value=div.text-danger, using=css selector}]
Capabilities {acceptInsecureCerts: false, browserName: chrome, browserVersion: 137.0.7151.120, chrome: {chromedriverVersion: 137.0.7151.55 (254bc711794d..., userDataDir: C:\Users\santh\AppData\Loca...}, fedcm:accounts: true, goog:chromeOptions: {debuggerAddress: localhost:60735}, networkConnectionEnabled: false, pageLoadStrategy: normal, platformName: windows, proxy: Proxy(), se:cdp: ws://localhost:60735/devtoo..., se:cdpVersion: 137.0.7151.120, setWindowRect: true, strictFileInteractability: false, timeouts: {implicit: 0, pageLoad: 300000, script: 30000}, unhandledPromptBehavior: ignore, webSocketUrl: ws://localhost:39680/sessio..., webauthn:extension:credBlob: true, webauthn:extension:largeBlob: true, webauthn:extension:minPinLength: true, webauthn:extension:prf: true, webauthn:virtualAuthenticators: true}
Session ID: eae85d36a7584e9f13d8d2fd59208021
	at org.openqa.selenium.remote.codec.w3c.W3CHttpResponseCodec.decode(W3CHttpResponseCodec.java:136)
	at org.openqa.selenium.remote.codec.w3c.W3CHttpResponseCodec.decode(W3CHttpResponseCodec.java:50)
	at org.openqa.selenium.remote.HttpCommandExecutor.execute(HttpCommandExecutor.java:215)
	at org.openqa.selenium.remote.service.DriverCommandExecutor.invokeExecute(DriverCommandExecutor.java:216)
	at org.openqa.selenium.remote.service.DriverCommandExecutor.execute(DriverCommandExecutor.java:174)
	at org.openqa.selenium.remote.RemoteWebDriver.execute(RemoteWebDriver.java:545)
	at org.openqa.selenium.remote.ElementLocation$ElementFinder$2.findElements(ElementLocation.java:182)
	at org.openqa.selenium.remote.ElementLocation.findElements(ElementLocation.java:103)
	at org.openqa.selenium.remote.RemoteWebDriver.findElements(RemoteWebDriver.java:381)
	at org.openqa.selenium.remote.RemoteWebDriver.findElements(RemoteWebDriver.java:375)
	at jdk.internal.reflect.GeneratedMethodAccessor17.invoke(Unknown Source)
	at java.base/jdk.internal.reflect.DelegatingMethodAccessorImpl.invoke(DelegatingMethodAccessorImpl.java:43)
	at org.openqa.selenium.support.decorators.WebDriverDecorator.call(WebDriverDecorator.java:315)
	at org.openqa.selenium.support.decorators.DefaultDecorated.call(DefaultDecorated.java:48)
	at org.openqa.selenium.support.decorators.WebDriverDecorator.lambda$createProxyFactory$3(WebDriverDecorator.java:405)
	at org.openqa.selenium.remote.RemoteWebDriver$ByteBuddy$CX6c3RHg.findElements(Unknown Source)
	at com.kms.katalon.core.webui.common.WebUiCommonHelper.findElementByNormalMethods(WebUiCommonHelper.java:1064)
	at com.kms.katalon.core.webui.common.WebUiCommonHelper.findElementsBySelectedMethod(WebUiCommonHelper.java:951)
	at com.kms.katalon.core.webui.common.WebUiCommonHelper.findElementsWithSelfHealing(WebUiCommonHelper.java:846)
	at com.kms.katalon.core.webui.common.WebUiCommonHelper.findWebElements(WebUiCommonHelper.java:758)
	at com.kms.katalon.core.webui.common.WebUiCommonHelper.findWebElement(WebUiCommonHelper.java:1448)
	at com.kms.katalon.core.webui.keyword.internal.WebUIAbstractKeyword.findWebElement(WebUIAbstractKeyword.groovy:27)
	at com.kms.katalon.core.webui.keyword.builtin.VerifyElementTextKeyword$_verifyElementText_closure1.doCall(VerifyElementTextKeyword.groovy:52)
	at com.kms.katalon.core.webui.keyword.builtin.VerifyElementTextKeyword$_verifyElementText_closure1.call(VerifyElementTextKeyword.groovy)
	at com.kms.katalon.core.webui.keyword.internal.WebUIKeywordMain.runKeyword(WebUIKeywordMain.groovy:35)
	at com.kms.katalon.core.webui.keyword.builtin.VerifyElementTextKeyword.verifyElementText(VerifyElementTextKeyword.groovy:72)
	at com.kms.katalon.core.webui.keyword.builtin.VerifyElementTextKeyword.execute(VerifyElementTextKeyword.groovy:40)
	at com.kms.katalon.core.keyword.internal.KeywordExecutor.executeKeywordForPlatform(KeywordExecutor.groovy:64)
	at com.kms.katalon.core.webui.keyword.WebUiBuiltInKeywords.verifyElementText(WebUiBuiltInKeywords.groovy:4994)
	at Indicator Current Date-1, 1 response interval and 1 reporting days.run(Indicator Current Date-1, 1 response interval and 1 reporting days:49)
	at com.kms.katalon.core.main.ScriptEngine.run(ScriptEngine.java:194)
	at com.kms.katalon.core.main.ScriptEngine.runScriptAsRawText(ScriptEngine.java:119)
	at com.kms.katalon.core.main.TestCaseExecutor.runScript(TestCaseExecutor.java:485)
	at com.kms.katalon.core.main.TestCaseExecutor.doExecute(TestCaseExecutor.java:476)
	at com.kms.katalon.core.main.TestCaseExecutor.processExecutionPhase(TestCaseExecutor.java:455)
	at com.kms.katalon.core.main.TestCaseExecutor.accessMainPhase(TestCaseExecutor.java:447)
	at com.kms.katalon.core.main.TestCaseExecutor.execute(TestCaseExecutor.java:321)
	at com.kms.katalon.core.main.TestCaseExecutor.execute(TestCaseExecutor.java:405)
	at com.kms.katalon.core.main.TestCaseExecutor.execute(TestCaseExecutor.java:405)
	at com.kms.katalon.core.common.CommonExecutor.accessTestCaseMainPhase(CommonExecutor.java:71)
	at com.kms.katalon.core.main.TestSuiteExecutor.accessTestSuiteMainPhase(TestSuiteExecutor.java:160)
	at com.kms.katalon.core.main.TestSuiteExecutor.execute(TestSuiteExecutor.java:107)
	at com.kms.katalon.core.main.TestCaseMain.startTestSuite(TestCaseMain.java:195)
	at TempTestSuite1752135807090.run(TempTestSuite1752135807090.groovy:35)
	at java.base/jdk.internal.reflect.NativeMethodAccessorImpl.invoke0(Native Method)
	at java.base/jdk.internal.reflect.NativeMethodAccessorImpl.invoke(NativeMethodAccessorImpl.java:77)
	at java.base/jdk.internal.reflect.DelegatingMethodAccessorImpl.invoke(DelegatingMethodAccessorImpl.java:43)
</property>
  <property name="failed.exception.message">unexpected alert open: {Alert text : Are you sure you want to close this window? Unsaved changes will be lost.}
  (Session info: chrome=137.0.7151.120): Are you sure you want to close this window? Unsaved changes will be lost.
Build info: version: &apos;4.28.1&apos;, revision: &apos;73f5ad48a2&apos;
System info: os.name: &apos;Windows 11&apos;, os.arch: &apos;amd64&apos;, os.version: &apos;10.0&apos;, java.version: &apos;17.0.14&apos;
Driver info: com.kms.katalon.selenium.driver.CChromeDriver
Command: [eae85d36a7584e9f13d8d2fd59208021, findElements {value=div.text-danger, using=css selector}]
Capabilities {acceptInsecureCerts: false, browserName: chrome, browserVersion: 137.0.7151.120, chrome: {chromedriverVersion: 137.0.7151.55 (254bc711794d..., userDataDir: C:\Users\santh\AppData\Loca...}, fedcm:accounts: true, goog:chromeOptions: {debuggerAddress: localhost:60735}, networkConnectionEnabled: false, pageLoadStrategy: normal, platformName: windows, proxy: Proxy(), se:cdp: ws://localhost:60735/devtoo..., se:cdpVersion: 137.0.7151.120, setWindowRect: true, strictFileInteractability: false, timeouts: {implicit: 0, pageLoad: 300000, script: 30000}, unhandledPromptBehavior: ignore, webSocketUrl: ws://localhost:39680/sessio..., webauthn:extension:credBlob: true, webauthn:extension:largeBlob: true, webauthn:extension:minPinLength: true, webauthn:extension:prf: true, webauthn:virtualAuthenticators: true}
Session ID: eae85d36a7584e9f13d8d2fd59208021</property>
</record>
<record>
  <date>2025-07-10T08:24:32.889140800Z</date>
  <millis>1752135872889</millis>
  <nanos>140800</nanos>
  <sequence>493</sequence>
  <level>WARNING</level>
  <class>com.kms.katalon.core.logging.XmlKeywordLogger</class>
  <method>logMessage</method>
  <thread>1</thread>
  <message>Cannot take screenshot</message>
  <nestedLevel>1</nestedLevel>
  <escapedJava>false</escapedJava>
  <property name="failed.exception.class">org.openqa.selenium.UnhandledAlertException</property>
  <property name="failed.exception.stacktrace">org.openqa.selenium.UnhandledAlertException: unexpected alert open: {Alert text : Are you sure you want to close this window? Unsaved changes will be lost.}
  (Session info: chrome=137.0.7151.120): Are you sure you want to close this window? Unsaved changes will be lost.
Build info: version: &apos;4.28.1&apos;, revision: &apos;73f5ad48a2&apos;
System info: os.name: &apos;Windows 11&apos;, os.arch: &apos;amd64&apos;, os.version: &apos;10.0&apos;, java.version: &apos;17.0.14&apos;
Driver info: com.kms.katalon.selenium.driver.CChromeDriver
Command: [eae85d36a7584e9f13d8d2fd59208021, screenshot {}]
Capabilities {acceptInsecureCerts: false, browserName: chrome, browserVersion: 137.0.7151.120, chrome: {chromedriverVersion: 137.0.7151.55 (254bc711794d..., userDataDir: C:\Users\santh\AppData\Loca...}, fedcm:accounts: true, goog:chromeOptions: {debuggerAddress: localhost:60735}, networkConnectionEnabled: false, pageLoadStrategy: normal, platformName: windows, proxy: Proxy(), se:cdp: ws://localhost:60735/devtoo..., se:cdpVersion: 137.0.7151.120, setWindowRect: true, strictFileInteractability: false, timeouts: {implicit: 0, pageLoad: 300000, script: 30000}, unhandledPromptBehavior: ignore, webSocketUrl: ws://localhost:39680/sessio..., webauthn:extension:credBlob: true, webauthn:extension:largeBlob: true, webauthn:extension:minPinLength: true, webauthn:extension:prf: true, webauthn:virtualAuthenticators: true}
Session ID: eae85d36a7584e9f13d8d2fd59208021
	at org.openqa.selenium.remote.codec.w3c.W3CHttpResponseCodec.decode(W3CHttpResponseCodec.java:136)
	at org.openqa.selenium.remote.codec.w3c.W3CHttpResponseCodec.decode(W3CHttpResponseCodec.java:50)
	at org.openqa.selenium.remote.HttpCommandExecutor.execute(HttpCommandExecutor.java:215)
	at org.openqa.selenium.remote.service.DriverCommandExecutor.invokeExecute(DriverCommandExecutor.java:216)
	at org.openqa.selenium.remote.service.DriverCommandExecutor.execute(DriverCommandExecutor.java:174)
	at org.openqa.selenium.remote.RemoteWebDriver.execute(RemoteWebDriver.java:545)
	at org.openqa.selenium.remote.RemoteWebDriver.execute(RemoteWebDriver.java:618)
	at com.kms.katalon.selenium.driver.CChromeDriver.execute(CChromeDriver.java:19)
	at org.openqa.selenium.remote.RemoteWebDriver.execute(RemoteWebDriver.java:622)
	at org.openqa.selenium.remote.RemoteWebDriver.getScreenshotAs(RemoteWebDriver.java:334)
	at java.base/jdk.internal.reflect.NativeMethodAccessorImpl.invoke0(Native Method)
	at java.base/jdk.internal.reflect.NativeMethodAccessorImpl.invoke(NativeMethodAccessorImpl.java:77)
	at java.base/jdk.internal.reflect.DelegatingMethodAccessorImpl.invoke(DelegatingMethodAccessorImpl.java:43)
	at org.openqa.selenium.support.decorators.WebDriverDecorator.call(WebDriverDecorator.java:315)
	at org.openqa.selenium.support.decorators.DefaultDecorated.call(DefaultDecorated.java:48)
	at org.openqa.selenium.support.decorators.WebDriverDecorator.lambda$createProxyFactory$3(WebDriverDecorator.java:405)
	at org.openqa.selenium.remote.RemoteWebDriver$ByteBuddy$CX6c3RHg.getScreenshotAs(Unknown Source)
	at com.kms.katalon.core.webui.helper.screenshot.WebUIScreenCaptor.take(WebUIScreenCaptor.java:26)
	at com.kms.katalon.core.helper.screenshot.ScreenCaptor.takeScreenshotAndGetAttributes(ScreenCaptor.java:38)
	at com.kms.katalon.core.webui.keyword.internal.WebUIKeywordMain.stepFailed(WebUIKeywordMain.groovy:118)
	at com.kms.katalon.core.webui.keyword.internal.WebUIKeywordMain.runKeyword(WebUIKeywordMain.groovy:43)
	at com.kms.katalon.core.webui.keyword.builtin.VerifyElementTextKeyword.verifyElementText(VerifyElementTextKeyword.groovy:72)
	at com.kms.katalon.core.webui.keyword.builtin.VerifyElementTextKeyword.execute(VerifyElementTextKeyword.groovy:40)
	at com.kms.katalon.core.keyword.internal.KeywordExecutor.executeKeywordForPlatform(KeywordExecutor.groovy:64)
	at com.kms.katalon.core.webui.keyword.WebUiBuiltInKeywords.verifyElementText(WebUiBuiltInKeywords.groovy:4994)
	at Indicator Current Date-1, 1 response interval and 1 reporting days.run(Indicator Current Date-1, 1 response interval and 1 reporting days:49)
	at com.kms.katalon.core.main.ScriptEngine.run(ScriptEngine.java:194)
	at com.kms.katalon.core.main.ScriptEngine.runScriptAsRawText(ScriptEngine.java:119)
	at com.kms.katalon.core.main.TestCaseExecutor.runScript(TestCaseExecutor.java:485)
	at com.kms.katalon.core.main.TestCaseExecutor.doExecute(TestCaseExecutor.java:476)
	at com.kms.katalon.core.main.TestCaseExecutor.processExecutionPhase(TestCaseExecutor.java:455)
	at com.kms.katalon.core.main.TestCaseExecutor.accessMainPhase(TestCaseExecutor.java:447)
	at com.kms.katalon.core.main.TestCaseExecutor.execute(TestCaseExecutor.java:321)
	at com.kms.katalon.core.main.TestCaseExecutor.execute(TestCaseExecutor.java:405)
	at com.kms.katalon.core.main.TestCaseExecutor.execute(TestCaseExecutor.java:405)
	at com.kms.katalon.core.common.CommonExecutor.accessTestCaseMainPhase(CommonExecutor.java:71)
	at com.kms.katalon.core.main.TestSuiteExecutor.accessTestSuiteMainPhase(TestSuiteExecutor.java:160)
	at com.kms.katalon.core.main.TestSuiteExecutor.execute(TestSuiteExecutor.java:107)
	at com.kms.katalon.core.main.TestCaseMain.startTestSuite(TestCaseMain.java:195)
	at TempTestSuite1752135807090.run(TempTestSuite1752135807090.groovy:35)
	at java.base/jdk.internal.reflect.NativeMethodAccessorImpl.invoke0(Native Method)
	at java.base/jdk.internal.reflect.NativeMethodAccessorImpl.invoke(NativeMethodAccessorImpl.java:77)
	at java.base/jdk.internal.reflect.DelegatingMethodAccessorImpl.invoke(DelegatingMethodAccessorImpl.java:43)
</property>
  <property name="failed.exception.message">unexpected alert open: {Alert text : Are you sure you want to close this window? Unsaved changes will be lost.}
  (Session info: chrome=137.0.7151.120): Are you sure you want to close this window? Unsaved changes will be lost.
Build info: version: &apos;4.28.1&apos;, revision: &apos;73f5ad48a2&apos;
System info: os.name: &apos;Windows 11&apos;, os.arch: &apos;amd64&apos;, os.version: &apos;10.0&apos;, java.version: &apos;17.0.14&apos;
Driver info: com.kms.katalon.selenium.driver.CChromeDriver
Command: [eae85d36a7584e9f13d8d2fd59208021, screenshot {}]
Capabilities {acceptInsecureCerts: false, browserName: chrome, browserVersion: 137.0.7151.120, chrome: {chromedriverVersion: 137.0.7151.55 (254bc711794d..., userDataDir: C:\Users\santh\AppData\Loca...}, fedcm:accounts: true, goog:chromeOptions: {debuggerAddress: localhost:60735}, networkConnectionEnabled: false, pageLoadStrategy: normal, platformName: windows, proxy: Proxy(), se:cdp: ws://localhost:60735/devtoo..., se:cdpVersion: 137.0.7151.120, setWindowRect: true, strictFileInteractability: false, timeouts: {implicit: 0, pageLoad: 300000, script: 30000}, unhandledPromptBehavior: ignore, webSocketUrl: ws://localhost:39680/sessio..., webauthn:extension:credBlob: true, webauthn:extension:largeBlob: true, webauthn:extension:minPinLength: true, webauthn:extension:prf: true, webauthn:virtualAuthenticators: true}
Session ID: eae85d36a7584e9f13d8d2fd59208021</property>
</record>
<record>
  <date>2025-07-10T08:24:32.894502300Z</date>
  <millis>1752135872894</millis>
  <nanos>502300</nanos>
  <sequence>497</sequence>
  <level>FAILED</level>
  <class>com.kms.katalon.core.logging.XmlKeywordLogger</class>
  <method>logMessage</method>
  <thread>1</thread>
  <message>Verify element text of test object &amp;apos;Object Repository/Page_Indicators - CGR Foundation (6)/div_08 July, 2025&amp;apos; FAILED. (Root cause: com.kms.katalon.core.exception.StepFailedException: Verify element text of test object &amp;apos;Object Repository/Page_Indicators - CGR Foundation (6)/div_08 July, 2025&amp;apos; FAILED.
	at com.kms.katalon.core.webui.keyword.internal.WebUIKeywordMain.stepFailed(WebUIKeywordMain.groovy:118)
	at com.kms.katalon.core.webui.keyword.internal.WebUIKeywordMain.runKeyword(WebUIKeywordMain.groovy:43)
	at com.kms.katalon.core.webui.keyword.builtin.VerifyElementTextKeyword.verifyElementText(VerifyElementTextKeyword.groovy:72)
	at com.kms.katalon.core.webui.keyword.builtin.VerifyElementTextKeyword.execute(VerifyElementTextKeyword.groovy:40)
	at com.kms.katalon.core.keyword.internal.KeywordExecutor.executeKeywordForPlatform(KeywordExecutor.groovy:64)
	at com.kms.katalon.core.webui.keyword.WebUiBuiltInKeywords.verifyElementText(WebUiBuiltInKeywords.groovy:4994)
	at Indicator Current Date-1, 1 response interval and 1 reporting days.run(Indicator Current Date-1, 1 response interval and 1 reporting days:49)
	at com.kms.katalon.core.main.ScriptEngine.run(ScriptEngine.java:194)
	at com.kms.katalon.core.main.ScriptEngine.runScriptAsRawText(ScriptEngine.java:119)
	at com.kms.katalon.core.main.TestCaseExecutor.runScript(TestCaseExecutor.java:485)
	at com.kms.katalon.core.main.TestCaseExecutor.doExecute(TestCaseExecutor.java:476)
	at com.kms.katalon.core.main.TestCaseExecutor.processExecutionPhase(TestCaseExecutor.java:455)
	at com.kms.katalon.core.main.TestCaseExecutor.accessMainPhase(TestCaseExecutor.java:447)
	at com.kms.katalon.core.main.TestCaseExecutor.execute(TestCaseExecutor.java:321)
	at com.kms.katalon.core.main.TestCaseExecutor.execute(TestCaseExecutor.java:405)
	at com.kms.katalon.core.main.TestCaseExecutor.execute(TestCaseExecutor.java:405)
	at com.kms.katalon.core.common.CommonExecutor.accessTestCaseMainPhase(CommonExecutor.java:71)
	at com.kms.katalon.core.main.TestSuiteExecutor.accessTestSuiteMainPhase(TestSuiteExecutor.java:160)
	at com.kms.katalon.core.main.TestSuiteExecutor.execute(TestSuiteExecutor.java:107)
	at com.kms.katalon.core.main.TestCaseMain.startTestSuite(TestCaseMain.java:195)
	at TempTestSuite1752135807090.run(TempTestSuite1752135807090.groovy:35)
	at java.base/jdk.internal.reflect.NativeMethodAccessorImpl.invoke0(Native Method)
	at java.base/jdk.internal.reflect.NativeMethodAccessorImpl.invoke(NativeMethodAccessorImpl.java:77)
	at java.base/jdk.internal.reflect.DelegatingMethodAccessorImpl.invoke(DelegatingMethodAccessorImpl.java:43)
Caused by: org.openqa.selenium.UnhandledAlertException: unexpected alert open: {Alert text : Are you sure you want to close this window? Unsaved changes will be lost.}
  (Session info: chrome=137.0.7151.120): Are you sure you want to close this window? Unsaved changes will be lost.
Build info: version: &amp;apos;4.28.1&amp;apos;, revision: &amp;apos;73f5ad48a2&amp;apos;
System info: os.name: &amp;apos;Windows 11&amp;apos;, os.arch: &amp;apos;amd64&amp;apos;, os.version: &amp;apos;10.0&amp;apos;, java.version: &amp;apos;17.0.14&amp;apos;
Driver info: com.kms.katalon.selenium.driver.CChromeDriver
Command: [eae85d36a7584e9f13d8d2fd59208021, findElements {value=//div[@class=&amp;apos;col-xs-3&amp;apos;][.//strong[contains(text(),&amp;apos;Next Report Date&amp;apos;)]]/following-sibling::*/div, using=xpath}]
Capabilities {acceptInsecureCerts: false, browserName: chrome, browserVersion: 137.0.7151.120, chrome: {chromedriverVersion: 137.0.7151.55 (254bc711794d..., userDataDir: C:\Users\santh\AppData\Loca...}, fedcm:accounts: true, goog:chromeOptions: {debuggerAddress: localhost:60735}, networkConnectionEnabled: false, pageLoadStrategy: normal, platformName: windows, proxy: Proxy(), se:cdp: ws://localhost:60735/devtoo..., se:cdpVersion: 137.0.7151.120, setWindowRect: true, strictFileInteractability: false, timeouts: {implicit: 0, pageLoad: 300000, script: 30000}, unhandledPromptBehavior: ignore, webSocketUrl: ws://localhost:39680/sessio..., webauthn:extension:credBlob: true, webauthn:extension:largeBlob: true, webauthn:extension:minPinLength: true, webauthn:extension:prf: true, webauthn:virtualAuthenticators: true}
Session ID: eae85d36a7584e9f13d8d2fd59208021
	at org.openqa.selenium.remote.codec.w3c.W3CHttpResponseCodec.decode(W3CHttpResponseCodec.java:136)
	at org.openqa.selenium.remote.codec.w3c.W3CHttpResponseCodec.decode(W3CHttpResponseCodec.java:50)
	at org.openqa.selenium.remote.HttpCommandExecutor.execute(HttpCommandExecutor.java:215)
	at org.openqa.selenium.remote.service.DriverCommandExecutor.invokeExecute(DriverCommandExecutor.java:216)
	at org.openqa.selenium.remote.service.DriverCommandExecutor.execute(DriverCommandExecutor.java:174)
	at org.openqa.selenium.remote.RemoteWebDriver.execute(RemoteWebDriver.java:545)
	at org.openqa.selenium.remote.ElementLocation$ElementFinder$2.findElements(ElementLocation.java:182)
	at org.openqa.selenium.remote.ElementLocation.findElements(ElementLocation.java:103)
	at org.openqa.selenium.remote.RemoteWebDriver.findElements(RemoteWebDriver.java:381)
	at org.openqa.selenium.remote.RemoteWebDriver.findElements(RemoteWebDriver.java:375)
	at jdk.internal.reflect.GeneratedMethodAccessor17.invoke(Unknown Source)
	at java.base/jdk.internal.reflect.DelegatingMethodAccessorImpl.invoke(DelegatingMethodAccessorImpl.java:43)
	at org.openqa.selenium.support.decorators.WebDriverDecorator.call(WebDriverDecorator.java:315)
	at org.openqa.selenium.support.decorators.DefaultDecorated.call(DefaultDecorated.java:48)
	at org.openqa.selenium.support.decorators.WebDriverDecorator.lambda$createProxyFactory$3(WebDriverDecorator.java:405)
	at org.openqa.selenium.remote.RemoteWebDriver$ByteBuddy$CX6c3RHg.findElements(Unknown Source)
	at com.kms.katalon.core.webui.common.WebUiCommonHelper.findElementByNormalMethods(WebUiCommonHelper.java:1064)
	at com.kms.katalon.core.webui.common.WebUiCommonHelper.findElementsBySelectedMethod(WebUiCommonHelper.java:955)
	at com.kms.katalon.core.webui.common.WebUiCommonHelper.findElementsBySelectedMethod(WebUiCommonHelper.java:937)
	at com.kms.katalon.core.webui.common.WebUiCommonHelper.findElementsBySelectedMethod(WebUiCommonHelper.java:932)
	at com.kms.katalon.core.webui.common.WebUiCommonHelper.findElementsByDefault(WebUiCommonHelper.java:928)
	at com.kms.katalon.core.webui.common.WebUiCommonHelper.findElementsWithSelfHealing(WebUiCommonHelper.java:774)
	at com.kms.katalon.core.webui.common.WebUiCommonHelper.findWebElements(WebUiCommonHelper.java:758)
	at com.kms.katalon.core.webui.common.WebUiCommonHelper.findWebElement(WebUiCommonHelper.java:1448)
	at com.kms.katalon.core.webui.keyword.internal.WebUIAbstractKeyword.findWebElement(WebUIAbstractKeyword.groovy:27)
	at com.kms.katalon.core.webui.keyword.builtin.VerifyElementTextKeyword$_verifyElementText_closure1.doCall(VerifyElementTextKeyword.groovy:52)
	at com.kms.katalon.core.webui.keyword.builtin.VerifyElementTextKeyword$_verifyElementText_closure1.call(VerifyElementTextKeyword.groovy)
	at com.kms.katalon.core.webui.keyword.internal.WebUIKeywordMain.runKeyword(WebUIKeywordMain.groovy:35)
	at com.kms.katalon.core.webui.keyword.builtin.VerifyElementTextKeyword.verifyElementText(VerifyElementTextKeyword.groovy:72)
	at com.kms.katalon.core.webui.keyword.builtin.VerifyElementTextKeyword.execute(VerifyElementTextKeyword.groovy:40)
	at com.kms.katalon.core.keyword.internal.KeywordExecutor.executeKeywordForPlatform(KeywordExecutor.groovy:64)
	at com.kms.katalon.core.webui.keyword.WebUiBuiltInKeywords.verifyElementText(WebUiBuiltInKeywords.groovy:4994)
	at Script1752064572909.run(Script1752064572909.groovy:49)
	... 17 more
)</message>
  <nestedLevel>1</nestedLevel>
  <escapedJava>false</escapedJava>
  <property name="failed.exception.class">org.openqa.selenium.UnhandledAlertException</property>
  <property name="failed.exception.stacktrace">org.openqa.selenium.UnhandledAlertException: unexpected alert open: {Alert text : Are you sure you want to close this window? Unsaved changes will be lost.}
  (Session info: chrome=137.0.7151.120): Are you sure you want to close this window? Unsaved changes will be lost.
Build info: version: &apos;4.28.1&apos;, revision: &apos;73f5ad48a2&apos;
System info: os.name: &apos;Windows 11&apos;, os.arch: &apos;amd64&apos;, os.version: &apos;10.0&apos;, java.version: &apos;17.0.14&apos;
Driver info: com.kms.katalon.selenium.driver.CChromeDriver
Command: [eae85d36a7584e9f13d8d2fd59208021, findElements {value=//div[@class=&apos;col-xs-3&apos;][.//strong[contains(text(),&apos;Next Report Date&apos;)]]/following-sibling::*/div, using=xpath}]
Capabilities {acceptInsecureCerts: false, browserName: chrome, browserVersion: 137.0.7151.120, chrome: {chromedriverVersion: 137.0.7151.55 (254bc711794d..., userDataDir: C:\Users\santh\AppData\Loca...}, fedcm:accounts: true, goog:chromeOptions: {debuggerAddress: localhost:60735}, networkConnectionEnabled: false, pageLoadStrategy: normal, platformName: windows, proxy: Proxy(), se:cdp: ws://localhost:60735/devtoo..., se:cdpVersion: 137.0.7151.120, setWindowRect: true, strictFileInteractability: false, timeouts: {implicit: 0, pageLoad: 300000, script: 30000}, unhandledPromptBehavior: ignore, webSocketUrl: ws://localhost:39680/sessio..., webauthn:extension:credBlob: true, webauthn:extension:largeBlob: true, webauthn:extension:minPinLength: true, webauthn:extension:prf: true, webauthn:virtualAuthenticators: true}
Session ID: eae85d36a7584e9f13d8d2fd59208021
	at org.openqa.selenium.remote.codec.w3c.W3CHttpResponseCodec.decode(W3CHttpResponseCodec.java:136)
	at org.openqa.selenium.remote.codec.w3c.W3CHttpResponseCodec.decode(W3CHttpResponseCodec.java:50)
	at org.openqa.selenium.remote.HttpCommandExecutor.execute(HttpCommandExecutor.java:215)
	at org.openqa.selenium.remote.service.DriverCommandExecutor.invokeExecute(DriverCommandExecutor.java:216)
	at org.openqa.selenium.remote.service.DriverCommandExecutor.execute(DriverCommandExecutor.java:174)
	at org.openqa.selenium.remote.RemoteWebDriver.execute(RemoteWebDriver.java:545)
	at org.openqa.selenium.remote.ElementLocation$ElementFinder$2.findElements(ElementLocation.java:182)
	at org.openqa.selenium.remote.ElementLocation.findElements(ElementLocation.java:103)
	at org.openqa.selenium.remote.RemoteWebDriver.findElements(RemoteWebDriver.java:381)
	at org.openqa.selenium.remote.RemoteWebDriver.findElements(RemoteWebDriver.java:375)
	at jdk.internal.reflect.GeneratedMethodAccessor17.invoke(Unknown Source)
	at java.base/jdk.internal.reflect.DelegatingMethodAccessorImpl.invoke(DelegatingMethodAccessorImpl.java:43)
	at org.openqa.selenium.support.decorators.WebDriverDecorator.call(WebDriverDecorator.java:315)
	at org.openqa.selenium.support.decorators.DefaultDecorated.call(DefaultDecorated.java:48)
	at org.openqa.selenium.support.decorators.WebDriverDecorator.lambda$createProxyFactory$3(WebDriverDecorator.java:405)
	at org.openqa.selenium.remote.RemoteWebDriver$ByteBuddy$CX6c3RHg.findElements(Unknown Source)
	at com.kms.katalon.core.webui.common.WebUiCommonHelper.findElementByNormalMethods(WebUiCommonHelper.java:1064)
	at com.kms.katalon.core.webui.common.WebUiCommonHelper.findElementsBySelectedMethod(WebUiCommonHelper.java:955)
	at com.kms.katalon.core.webui.common.WebUiCommonHelper.findElementsBySelectedMethod(WebUiCommonHelper.java:937)
	at com.kms.katalon.core.webui.common.WebUiCommonHelper.findElementsBySelectedMethod(WebUiCommonHelper.java:932)
	at com.kms.katalon.core.webui.common.WebUiCommonHelper.findElementsByDefault(WebUiCommonHelper.java:928)
	at com.kms.katalon.core.webui.common.WebUiCommonHelper.findElementsWithSelfHealing(WebUiCommonHelper.java:774)
	at com.kms.katalon.core.webui.common.WebUiCommonHelper.findWebElements(WebUiCommonHelper.java:758)
	at com.kms.katalon.core.webui.common.WebUiCommonHelper.findWebElement(WebUiCommonHelper.java:1448)
	at com.kms.katalon.core.webui.keyword.internal.WebUIAbstractKeyword.findWebElement(WebUIAbstractKeyword.groovy:27)
	at com.kms.katalon.core.webui.keyword.builtin.VerifyElementTextKeyword$_verifyElementText_closure1.doCall(VerifyElementTextKeyword.groovy:52)
	at com.kms.katalon.core.webui.keyword.builtin.VerifyElementTextKeyword$_verifyElementText_closure1.call(VerifyElementTextKeyword.groovy)
	at com.kms.katalon.core.webui.keyword.internal.WebUIKeywordMain.runKeyword(WebUIKeywordMain.groovy:35)
	at com.kms.katalon.core.webui.keyword.builtin.VerifyElementTextKeyword.verifyElementText(VerifyElementTextKeyword.groovy:72)
	at com.kms.katalon.core.webui.keyword.builtin.VerifyElementTextKeyword.execute(VerifyElementTextKeyword.groovy:40)
	at com.kms.katalon.core.keyword.internal.KeywordExecutor.executeKeywordForPlatform(KeywordExecutor.groovy:64)
	at com.kms.katalon.core.webui.keyword.WebUiBuiltInKeywords.verifyElementText(WebUiBuiltInKeywords.groovy:4994)
	at Indicator Current Date-1, 1 response interval and 1 reporting days.run(Indicator Current Date-1, 1 response interval and 1 reporting days:49)
	at com.kms.katalon.core.main.ScriptEngine.run(ScriptEngine.java:194)
	at com.kms.katalon.core.main.ScriptEngine.runScriptAsRawText(ScriptEngine.java:119)
	at com.kms.katalon.core.main.TestCaseExecutor.runScript(TestCaseExecutor.java:485)
	at com.kms.katalon.core.main.TestCaseExecutor.doExecute(TestCaseExecutor.java:476)
	at com.kms.katalon.core.main.TestCaseExecutor.processExecutionPhase(TestCaseExecutor.java:455)
	at com.kms.katalon.core.main.TestCaseExecutor.accessMainPhase(TestCaseExecutor.java:447)
	at com.kms.katalon.core.main.TestCaseExecutor.execute(TestCaseExecutor.java:321)
	at com.kms.katalon.core.main.TestCaseExecutor.execute(TestCaseExecutor.java:405)
	at com.kms.katalon.core.main.TestCaseExecutor.execute(TestCaseExecutor.java:405)
	at com.kms.katalon.core.common.CommonExecutor.accessTestCaseMainPhase(CommonExecutor.java:71)
	at com.kms.katalon.core.main.TestSuiteExecutor.accessTestSuiteMainPhase(TestSuiteExecutor.java:160)
	at com.kms.katalon.core.main.TestSuiteExecutor.execute(TestSuiteExecutor.java:107)
	at com.kms.katalon.core.main.TestCaseMain.startTestSuite(TestCaseMain.java:195)
	at TempTestSuite1752135807090.run(TempTestSuite1752135807090.groovy:35)
	at java.base/jdk.internal.reflect.NativeMethodAccessorImpl.invoke0(Native Method)
	at java.base/jdk.internal.reflect.NativeMethodAccessorImpl.invoke(NativeMethodAccessorImpl.java:77)
	at java.base/jdk.internal.reflect.DelegatingMethodAccessorImpl.invoke(DelegatingMethodAccessorImpl.java:43)
</property>
  <property name="failed.exception.message">unexpected alert open: {Alert text : Are you sure you want to close this window? Unsaved changes will be lost.}
  (Session info: chrome=137.0.7151.120): Are you sure you want to close this window? Unsaved changes will be lost.
Build info: version: &apos;4.28.1&apos;, revision: &apos;73f5ad48a2&apos;
System info: os.name: &apos;Windows 11&apos;, os.arch: &apos;amd64&apos;, os.version: &apos;10.0&apos;, java.version: &apos;17.0.14&apos;
Driver info: com.kms.katalon.selenium.driver.CChromeDriver
Command: [eae85d36a7584e9f13d8d2fd59208021, findElements {value=//div[@class=&apos;col-xs-3&apos;][.//strong[contains(text(),&apos;Next Report Date&apos;)]]/following-sibling::*/div, using=xpath}]
Capabilities {acceptInsecureCerts: false, browserName: chrome, browserVersion: 137.0.7151.120, chrome: {chromedriverVersion: 137.0.7151.55 (254bc711794d..., userDataDir: C:\Users\santh\AppData\Loca...}, fedcm:accounts: true, goog:chromeOptions: {debuggerAddress: localhost:60735}, networkConnectionEnabled: false, pageLoadStrategy: normal, platformName: windows, proxy: Proxy(), se:cdp: ws://localhost:60735/devtoo..., se:cdpVersion: 137.0.7151.120, setWindowRect: true, strictFileInteractability: false, timeouts: {implicit: 0, pageLoad: 300000, script: 30000}, unhandledPromptBehavior: ignore, webSocketUrl: ws://localhost:39680/sessio..., webauthn:extension:credBlob: true, webauthn:extension:largeBlob: true, webauthn:extension:minPinLength: true, webauthn:extension:prf: true, webauthn:virtualAuthenticators: true}
Session ID: eae85d36a7584e9f13d8d2fd59208021</property>
</record>
<record>
  <date>2025-07-10T08:24:32.899436Z</date>
  <millis>1752135872899</millis>
  <nanos>436000</nanos>
  <sequence>500</sequence>
  <level>END</level>
  <class>com.kms.katalon.core.logging.XmlKeywordLogger</class>
  <method>endKeyword</method>
  <thread>1</thread>
  <message>End action : verifyElementText(findTestObject(&amp;quot;Object Repository/Page_Indicators - CGR Foundation (6)/div_08 July, 2025&amp;quot;), minusDays(1).format(DateTimeFormatter.ofPattern(&amp;quot;dd MMMM, yyyy&amp;quot;)))</message>
  <nestedLevel>1</nestedLevel>
  <escapedJava>false</escapedJava>
</record>
<record>
  <date>2025-07-10T08:24:32.901460700Z</date>
  <millis>1752135872901</millis>
  <nanos>460700</nanos>
  <sequence>503</sequence>
  <level>FAILED</level>
  <class>com.kms.katalon.core.logging.XmlKeywordLogger</class>
  <method>logMessage</method>
  <thread>1</thread>
  <message>Test Cases/Indicator Current Date-1, 1 response interval and 1 reporting days FAILED.
Reason:
com.kms.katalon.core.exception.StepFailedException: Verify element text of test object &amp;apos;Object Repository/Page_Indicators - CGR Foundation (6)/div_08 July, 2025&amp;apos; FAILED.
	at com.kms.katalon.core.webui.keyword.internal.WebUIKeywordMain.stepFailed(WebUIKeywordMain.groovy:118)
	at com.kms.katalon.core.webui.keyword.internal.WebUIKeywordMain.runKeyword(WebUIKeywordMain.groovy:43)
	at com.kms.katalon.core.webui.keyword.builtin.VerifyElementTextKeyword.verifyElementText(VerifyElementTextKeyword.groovy:72)
	at com.kms.katalon.core.webui.keyword.builtin.VerifyElementTextKeyword.execute(VerifyElementTextKeyword.groovy:40)
	at com.kms.katalon.core.keyword.internal.KeywordExecutor.executeKeywordForPlatform(KeywordExecutor.groovy:64)
	at com.kms.katalon.core.webui.keyword.WebUiBuiltInKeywords.verifyElementText(WebUiBuiltInKeywords.groovy:4994)
	at Indicator Current Date-1, 1 response interval and 1 reporting days.run(Indicator Current Date-1, 1 response interval and 1 reporting days:49)
	at com.kms.katalon.core.main.ScriptEngine.run(ScriptEngine.java:194)
	at com.kms.katalon.core.main.ScriptEngine.runScriptAsRawText(ScriptEngine.java:119)
	at com.kms.katalon.core.main.TestCaseExecutor.runScript(TestCaseExecutor.java:485)
	at com.kms.katalon.core.main.TestCaseExecutor.doExecute(TestCaseExecutor.java:476)
	at com.kms.katalon.core.main.TestCaseExecutor.processExecutionPhase(TestCaseExecutor.java:455)
	at com.kms.katalon.core.main.TestCaseExecutor.accessMainPhase(TestCaseExecutor.java:447)
	at com.kms.katalon.core.main.TestCaseExecutor.execute(TestCaseExecutor.java:321)
	at com.kms.katalon.core.main.TestCaseExecutor.execute(TestCaseExecutor.java:405)
	at com.kms.katalon.core.main.TestCaseExecutor.execute(TestCaseExecutor.java:405)
	at com.kms.katalon.core.common.CommonExecutor.accessTestCaseMainPhase(CommonExecutor.java:71)
	at com.kms.katalon.core.main.TestSuiteExecutor.accessTestSuiteMainPhase(TestSuiteExecutor.java:160)
	at com.kms.katalon.core.main.TestSuiteExecutor.execute(TestSuiteExecutor.java:107)
	at com.kms.katalon.core.main.TestCaseMain.startTestSuite(TestCaseMain.java:195)
	at TempTestSuite1752135807090.run(TempTestSuite1752135807090.groovy:35)
	at java.base/jdk.internal.reflect.NativeMethodAccessorImpl.invoke0(Native Method)
	at java.base/jdk.internal.reflect.NativeMethodAccessorImpl.invoke(NativeMethodAccessorImpl.java:77)
	at java.base/jdk.internal.reflect.DelegatingMethodAccessorImpl.invoke(DelegatingMethodAccessorImpl.java:43)
Caused by: org.openqa.selenium.UnhandledAlertException: unexpected alert open: {Alert text : Are you sure you want to close this window? Unsaved changes will be lost.}
  (Session info: chrome=137.0.7151.120): Are you sure you want to close this window? Unsaved changes will be lost.
Build info: version: &amp;apos;4.28.1&amp;apos;, revision: &amp;apos;73f5ad48a2&amp;apos;
System info: os.name: &amp;apos;Windows 11&amp;apos;, os.arch: &amp;apos;amd64&amp;apos;, os.version: &amp;apos;10.0&amp;apos;, java.version: &amp;apos;17.0.14&amp;apos;
Driver info: com.kms.katalon.selenium.driver.CChromeDriver
Command: [eae85d36a7584e9f13d8d2fd59208021, findElements {value=//div[@class=&amp;apos;col-xs-3&amp;apos;][.//strong[contains(text(),&amp;apos;Next Report Date&amp;apos;)]]/following-sibling::*/div, using=xpath}]
Capabilities {acceptInsecureCerts: false, browserName: chrome, browserVersion: 137.0.7151.120, chrome: {chromedriverVersion: 137.0.7151.55 (254bc711794d..., userDataDir: C:\Users\santh\AppData\Loca...}, fedcm:accounts: true, goog:chromeOptions: {debuggerAddress: localhost:60735}, networkConnectionEnabled: false, pageLoadStrategy: normal, platformName: windows, proxy: Proxy(), se:cdp: ws://localhost:60735/devtoo..., se:cdpVersion: 137.0.7151.120, setWindowRect: true, strictFileInteractability: false, timeouts: {implicit: 0, pageLoad: 300000, script: 30000}, unhandledPromptBehavior: ignore, webSocketUrl: ws://localhost:39680/sessio..., webauthn:extension:credBlob: true, webauthn:extension:largeBlob: true, webauthn:extension:minPinLength: true, webauthn:extension:prf: true, webauthn:virtualAuthenticators: true}
Session ID: eae85d36a7584e9f13d8d2fd59208021
	at org.openqa.selenium.remote.codec.w3c.W3CHttpResponseCodec.decode(W3CHttpResponseCodec.java:136)
	at org.openqa.selenium.remote.codec.w3c.W3CHttpResponseCodec.decode(W3CHttpResponseCodec.java:50)
	at org.openqa.selenium.remote.HttpCommandExecutor.execute(HttpCommandExecutor.java:215)
	at org.openqa.selenium.remote.service.DriverCommandExecutor.invokeExecute(DriverCommandExecutor.java:216)
	at org.openqa.selenium.remote.service.DriverCommandExecutor.execute(DriverCommandExecutor.java:174)
	at org.openqa.selenium.remote.RemoteWebDriver.execute(RemoteWebDriver.java:545)
	at org.openqa.selenium.remote.ElementLocation$ElementFinder$2.findElements(ElementLocation.java:182)
	at org.openqa.selenium.remote.ElementLocation.findElements(ElementLocation.java:103)
	at org.openqa.selenium.remote.RemoteWebDriver.findElements(RemoteWebDriver.java:381)
	at org.openqa.selenium.remote.RemoteWebDriver.findElements(RemoteWebDriver.java:375)
	at jdk.internal.reflect.GeneratedMethodAccessor17.invoke(Unknown Source)
	at java.base/jdk.internal.reflect.DelegatingMethodAccessorImpl.invoke(DelegatingMethodAccessorImpl.java:43)
	at org.openqa.selenium.support.decorators.WebDriverDecorator.call(WebDriverDecorator.java:315)
	at org.openqa.selenium.support.decorators.DefaultDecorated.call(DefaultDecorated.java:48)
	at org.openqa.selenium.support.decorators.WebDriverDecorator.lambda$createProxyFactory$3(WebDriverDecorator.java:405)
	at org.openqa.selenium.remote.RemoteWebDriver$ByteBuddy$CX6c3RHg.findElements(Unknown Source)
	at com.kms.katalon.core.webui.common.WebUiCommonHelper.findElementByNormalMethods(WebUiCommonHelper.java:1064)
	at com.kms.katalon.core.webui.common.WebUiCommonHelper.findElementsBySelectedMethod(WebUiCommonHelper.java:955)
	at com.kms.katalon.core.webui.common.WebUiCommonHelper.findElementsBySelectedMethod(WebUiCommonHelper.java:937)
	at com.kms.katalon.core.webui.common.WebUiCommonHelper.findElementsBySelectedMethod(WebUiCommonHelper.java:932)
	at com.kms.katalon.core.webui.common.WebUiCommonHelper.findElementsByDefault(WebUiCommonHelper.java:928)
	at com.kms.katalon.core.webui.common.WebUiCommonHelper.findElementsWithSelfHealing(WebUiCommonHelper.java:774)
	at com.kms.katalon.core.webui.common.WebUiCommonHelper.findWebElements(WebUiCommonHelper.java:758)
	at com.kms.katalon.core.webui.common.WebUiCommonHelper.findWebElement(WebUiCommonHelper.java:1448)
	at com.kms.katalon.core.webui.keyword.internal.WebUIAbstractKeyword.findWebElement(WebUIAbstractKeyword.groovy:27)
	at com.kms.katalon.core.webui.keyword.builtin.VerifyElementTextKeyword$_verifyElementText_closure1.doCall(VerifyElementTextKeyword.groovy:52)
	at com.kms.katalon.core.webui.keyword.builtin.VerifyElementTextKeyword$_verifyElementText_closure1.call(VerifyElementTextKeyword.groovy)
	at com.kms.katalon.core.webui.keyword.internal.WebUIKeywordMain.runKeyword(WebUIKeywordMain.groovy:35)
	... 22 more
</message>
  <exception>
    <message>com.kms.katalon.core.exception.StepFailedException: Verify element text of test object 'Object Repository/Page_Indicators - CGR Foundation (6)/div_08 July, 2025' FAILED.</message>
    <frame>
      <class>com.kms.katalon.core.logging.XmlKeywordLogger</class>
      <method>logMessage</method>
      <line>500</line>
    </frame>
    <frame>
      <class>com.kms.katalon.core.logging.KeywordLogger</class>
      <method>logMessage</method>
      <line>439</line>
    </frame>
    <frame>
      <class>com.kms.katalon.core.main.TestCaseExecutor</class>
      <method>logError</method>
      <line>593</line>
    </frame>
    <frame>
      <class>com.kms.katalon.core.main.TestCaseExecutor</class>
      <method>onExecutionError</method>
      <line>187</line>
    </frame>
    <frame>
      <class>com.kms.katalon.core.main.TestCaseExecutor</class>
      <method>processExecutionPhase</method>
      <line>465</line>
    </frame>
    <frame>
      <class>com.kms.katalon.core.main.TestCaseExecutor</class>
      <method>accessMainPhase</method>
      <line>447</line>
    </frame>
    <frame>
      <class>com.kms.katalon.core.main.TestCaseExecutor</class>
      <method>execute</method>
      <line>321</line>
    </frame>
    <frame>
      <class>com.kms.katalon.core.main.TestCaseExecutor</class>
      <method>execute</method>
      <line>405</line>
    </frame>
    <frame>
      <class>com.kms.katalon.core.main.TestCaseExecutor</class>
      <method>execute</method>
      <line>405</line>
    </frame>
    <frame>
      <class>com.kms.katalon.core.common.CommonExecutor</class>
      <method>accessTestCaseMainPhase</method>
      <line>71</line>
    </frame>
    <frame>
      <class>com.kms.katalon.core.main.TestSuiteExecutor</class>
      <method>accessTestSuiteMainPhase</method>
      <line>160</line>
    </frame>
    <frame>
      <class>com.kms.katalon.core.main.TestSuiteExecutor</class>
      <method>execute</method>
      <line>107</line>
    </frame>
    <frame>
      <class>com.kms.katalon.core.main.TestCaseMain</class>
      <method>startTestSuite</method>
      <line>195</line>
    </frame>
    <frame>
      <class>org.codehaus.groovy.vmplugin.v8.IndyInterface</class>
      <method>fromCache</method>
      <line>318</line>
    </frame>
    <frame>
      <class>TempTestSuite1752135807090</class>
      <method>run</method>
      <line>35</line>
    </frame>
    <frame>
      <class>groovy.lang.GroovyShell</class>
      <method>runScriptOrMainOrTestOrRunnable</method>
      <line>254</line>
    </frame>
    <frame>
      <class>groovy.lang.GroovyShell</class>
      <method>run</method>
      <line>360</line>
    </frame>
    <frame>
      <class>groovy.lang.GroovyShell</class>
      <method>run</method>
      <line>349</line>
    </frame>
    <frame>
      <class>groovy.ui.GroovyMain</class>
      <method>processOnce</method>
      <line>652</line>
    </frame>
    <frame>
      <class>groovy.ui.GroovyMain</class>
      <method>run</method>
      <line>398</line>
    </frame>
    <frame>
      <class>groovy.ui.GroovyMain</class>
      <method>access$1400</method>
      <line>68</line>
    </frame>
    <frame>
      <class>groovy.ui.GroovyMain$GroovyCommand</class>
      <method>process</method>
      <line>322</line>
    </frame>
    <frame>
      <class>groovy.ui.GroovyMain</class>
      <method>processArgs</method>
      <line>142</line>
    </frame>
    <frame>
      <class>groovy.ui.GroovyMain</class>
      <method>main</method>
      <line>115</line>
    </frame>
    <frame>
      <class>jdk.internal.reflect.NativeMethodAccessorImpl</class>
      <method>invoke0</method>
    </frame>
    <frame>
      <class>jdk.internal.reflect.NativeMethodAccessorImpl</class>
      <method>invoke</method>
      <line>77</line>
    </frame>
    <frame>
      <class>jdk.internal.reflect.DelegatingMethodAccessorImpl</class>
      <method>invoke</method>
      <line>43</line>
    </frame>
    <frame>
      <class>java.lang.reflect.Method</class>
      <method>invoke</method>
      <line>569</line>
    </frame>
    <frame>
      <class>org.codehaus.groovy.tools.GroovyStarter</class>
      <method>rootLoader</method>
      <line>117</line>
    </frame>
    <frame>
      <class>org.codehaus.groovy.tools.GroovyStarter</class>
      <method>main</method>
      <line>39</line>
    </frame>
  </exception>
  <nestedLevel>0</nestedLevel>
  <escapedJava>false</escapedJava>
  <property name="failed.exception.stacktrace">org.openqa.selenium.UnhandledAlertException: unexpected alert open: {Alert text : Are you sure you want to close this window? Unsaved changes will be lost.}
  (Session info: chrome=137.0.7151.120): Are you sure you want to close this window? Unsaved changes will be lost.
Build info: version: &apos;4.28.1&apos;, revision: &apos;73f5ad48a2&apos;
System info: os.name: &apos;Windows 11&apos;, os.arch: &apos;amd64&apos;, os.version: &apos;10.0&apos;, java.version: &apos;17.0.14&apos;
Driver info: com.kms.katalon.selenium.driver.CChromeDriver
Command: [eae85d36a7584e9f13d8d2fd59208021, findElements {value=//div[@class=&apos;col-xs-3&apos;][.//strong[contains(text(),&apos;Next Report Date&apos;)]]/following-sibling::*/div, using=xpath}]
Capabilities {acceptInsecureCerts: false, browserName: chrome, browserVersion: 137.0.7151.120, chrome: {chromedriverVersion: 137.0.7151.55 (254bc711794d..., userDataDir: C:\Users\santh\AppData\Loca...}, fedcm:accounts: true, goog:chromeOptions: {debuggerAddress: localhost:60735}, networkConnectionEnabled: false, pageLoadStrategy: normal, platformName: windows, proxy: Proxy(), se:cdp: ws://localhost:60735/devtoo..., se:cdpVersion: 137.0.7151.120, setWindowRect: true, strictFileInteractability: false, timeouts: {implicit: 0, pageLoad: 300000, script: 30000}, unhandledPromptBehavior: ignore, webSocketUrl: ws://localhost:39680/sessio..., webauthn:extension:credBlob: true, webauthn:extension:largeBlob: true, webauthn:extension:minPinLength: true, webauthn:extension:prf: true, webauthn:virtualAuthenticators: true}
Session ID: eae85d36a7584e9f13d8d2fd59208021
	at org.openqa.selenium.remote.codec.w3c.W3CHttpResponseCodec.decode(W3CHttpResponseCodec.java:136)
	at org.openqa.selenium.remote.codec.w3c.W3CHttpResponseCodec.decode(W3CHttpResponseCodec.java:50)
	at org.openqa.selenium.remote.HttpCommandExecutor.execute(HttpCommandExecutor.java:215)
	at org.openqa.selenium.remote.service.DriverCommandExecutor.invokeExecute(DriverCommandExecutor.java:216)
	at org.openqa.selenium.remote.service.DriverCommandExecutor.execute(DriverCommandExecutor.java:174)
	at org.openqa.selenium.remote.RemoteWebDriver.execute(RemoteWebDriver.java:545)
	at org.openqa.selenium.remote.ElementLocation$ElementFinder$2.findElements(ElementLocation.java:182)
	at org.openqa.selenium.remote.ElementLocation.findElements(ElementLocation.java:103)
	at org.openqa.selenium.remote.RemoteWebDriver.findElements(RemoteWebDriver.java:381)
	at org.openqa.selenium.remote.RemoteWebDriver.findElements(RemoteWebDriver.java:375)
	at jdk.internal.reflect.GeneratedMethodAccessor17.invoke(Unknown Source)
	at java.base/jdk.internal.reflect.DelegatingMethodAccessorImpl.invoke(DelegatingMethodAccessorImpl.java:43)
	at org.openqa.selenium.support.decorators.WebDriverDecorator.call(WebDriverDecorator.java:315)
	at org.openqa.selenium.support.decorators.DefaultDecorated.call(DefaultDecorated.java:48)
	at org.openqa.selenium.support.decorators.WebDriverDecorator.lambda$createProxyFactory$3(WebDriverDecorator.java:405)
	at org.openqa.selenium.remote.RemoteWebDriver$ByteBuddy$CX6c3RHg.findElements(Unknown Source)
	at com.kms.katalon.core.webui.common.WebUiCommonHelper.findElementByNormalMethods(WebUiCommonHelper.java:1064)
	at com.kms.katalon.core.webui.common.WebUiCommonHelper.findElementsBySelectedMethod(WebUiCommonHelper.java:955)
	at com.kms.katalon.core.webui.common.WebUiCommonHelper.findElementsBySelectedMethod(WebUiCommonHelper.java:937)
	at com.kms.katalon.core.webui.common.WebUiCommonHelper.findElementsBySelectedMethod(WebUiCommonHelper.java:932)
	at com.kms.katalon.core.webui.common.WebUiCommonHelper.findElementsByDefault(WebUiCommonHelper.java:928)
	at com.kms.katalon.core.webui.common.WebUiCommonHelper.findElementsWithSelfHealing(WebUiCommonHelper.java:774)
	at com.kms.katalon.core.webui.common.WebUiCommonHelper.findWebElements(WebUiCommonHelper.java:758)
	at com.kms.katalon.core.webui.common.WebUiCommonHelper.findWebElement(WebUiCommonHelper.java:1448)
	at com.kms.katalon.core.webui.keyword.internal.WebUIAbstractKeyword.findWebElement(WebUIAbstractKeyword.groovy:27)
	at com.kms.katalon.core.webui.keyword.builtin.VerifyElementTextKeyword$_verifyElementText_closure1.doCall(VerifyElementTextKeyword.groovy:52)
	at com.kms.katalon.core.webui.keyword.builtin.VerifyElementTextKeyword$_verifyElementText_closure1.call(VerifyElementTextKeyword.groovy)
	at com.kms.katalon.core.webui.keyword.internal.WebUIKeywordMain.runKeyword(WebUIKeywordMain.groovy:35)
	at com.kms.katalon.core.webui.keyword.builtin.VerifyElementTextKeyword.verifyElementText(VerifyElementTextKeyword.groovy:72)
	at com.kms.katalon.core.webui.keyword.builtin.VerifyElementTextKeyword.execute(VerifyElementTextKeyword.groovy:40)
	at com.kms.katalon.core.keyword.internal.KeywordExecutor.executeKeywordForPlatform(KeywordExecutor.groovy:64)
	at com.kms.katalon.core.webui.keyword.WebUiBuiltInKeywords.verifyElementText(WebUiBuiltInKeywords.groovy:4994)
	at Indicator Current Date-1, 1 response interval and 1 reporting days.run(Indicator Current Date-1, 1 response interval and 1 reporting days:49)
	at com.kms.katalon.core.main.ScriptEngine.run(ScriptEngine.java:194)
	at com.kms.katalon.core.main.ScriptEngine.runScriptAsRawText(ScriptEngine.java:119)
	at com.kms.katalon.core.main.TestCaseExecutor.runScript(TestCaseExecutor.java:485)
	at com.kms.katalon.core.main.TestCaseExecutor.doExecute(TestCaseExecutor.java:476)
	at com.kms.katalon.core.main.TestCaseExecutor.processExecutionPhase(TestCaseExecutor.java:455)
	at com.kms.katalon.core.main.TestCaseExecutor.accessMainPhase(TestCaseExecutor.java:447)
	at com.kms.katalon.core.main.TestCaseExecutor.execute(TestCaseExecutor.java:321)
	at com.kms.katalon.core.main.TestCaseExecutor.execute(TestCaseExecutor.java:405)
	at com.kms.katalon.core.main.TestCaseExecutor.execute(TestCaseExecutor.java:405)
	at com.kms.katalon.core.common.CommonExecutor.accessTestCaseMainPhase(CommonExecutor.java:71)
	at com.kms.katalon.core.main.TestSuiteExecutor.accessTestSuiteMainPhase(TestSuiteExecutor.java:160)
	at com.kms.katalon.core.main.TestSuiteExecutor.execute(TestSuiteExecutor.java:107)
	at com.kms.katalon.core.main.TestCaseMain.startTestSuite(TestCaseMain.java:195)
	at TempTestSuite1752135807090.run(TempTestSuite1752135807090.groovy:35)
	at java.base/jdk.internal.reflect.NativeMethodAccessorImpl.invoke0(Native Method)
	at java.base/jdk.internal.reflect.NativeMethodAccessorImpl.invoke(NativeMethodAccessorImpl.java:77)
	at java.base/jdk.internal.reflect.DelegatingMethodAccessorImpl.invoke(DelegatingMethodAccessorImpl.java:43)
</property>
  <property name="failed.exception.class">org.openqa.selenium.UnhandledAlertException</property>
  <property name="failed.exception.message">unexpected alert open: {Alert text : Are you sure you want to close this window? Unsaved changes will be lost.}
  (Session info: chrome=137.0.7151.120): Are you sure you want to close this window? Unsaved changes will be lost.
Build info: version: &apos;4.28.1&apos;, revision: &apos;73f5ad48a2&apos;
System info: os.name: &apos;Windows 11&apos;, os.arch: &apos;amd64&apos;, os.version: &apos;10.0&apos;, java.version: &apos;17.0.14&apos;
Driver info: com.kms.katalon.selenium.driver.CChromeDriver
Command: [eae85d36a7584e9f13d8d2fd59208021, findElements {value=//div[@class=&apos;col-xs-3&apos;][.//strong[contains(text(),&apos;Next Report Date&apos;)]]/following-sibling::*/div, using=xpath}]
Capabilities {acceptInsecureCerts: false, browserName: chrome, browserVersion: 137.0.7151.120, chrome: {chromedriverVersion: 137.0.7151.55 (254bc711794d..., userDataDir: C:\Users\santh\AppData\Loca...}, fedcm:accounts: true, goog:chromeOptions: {debuggerAddress: localhost:60735}, networkConnectionEnabled: false, pageLoadStrategy: normal, platformName: windows, proxy: Proxy(), se:cdp: ws://localhost:60735/devtoo..., se:cdpVersion: 137.0.7151.120, setWindowRect: true, strictFileInteractability: false, timeouts: {implicit: 0, pageLoad: 300000, script: 30000}, unhandledPromptBehavior: ignore, webSocketUrl: ws://localhost:39680/sessio..., webauthn:extension:credBlob: true, webauthn:extension:largeBlob: true, webauthn:extension:minPinLength: true, webauthn:extension:prf: true, webauthn:virtualAuthenticators: true}
Session ID: eae85d36a7584e9f13d8d2fd59208021</property>
</record>
<record>
  <date>2025-07-10T08:24:32.906533100Z</date>
  <millis>1752135872906</millis>
  <nanos>533100</nanos>
  <sequence>505</sequence>
  <level>END</level>
  <class>com.kms.katalon.core.logging.XmlKeywordLogger</class>
  <method>endTest</method>
  <thread>1</thread>
  <message>End Test Case : Test Cases/Indicator Current Date-1, 1 response interval and 1 reporting days</message>
  <nestedLevel>0</nestedLevel>
  <escapedJava>false</escapedJava>
  <property name="executionBindingVariables">[]</property>
  <property name="applitools">false</property>
  <property name="remainingRetryCount">1</property>
  <property name="currentRetryCount">2</property>
  <property name="keywordsUsage">{
  &quot;web_ui&quot;: true,
  &quot;web_service&quot;: false,
  &quot;cucumber&quot;: false,
  &quot;builtin&quot;: false,
  &quot;mobile&quot;: false,
  &quot;windows&quot;: false,
  &quot;testng&quot;: false
}</property>
</record>
<record>
  <date>2025-07-10T08:24:32.912439500Z</date>
  <millis>1752135872912</millis>
  <nanos>439500</nanos>
  <sequence>506</sequence>
  <level>START</level>
  <class>com.kms.katalon.core.logging.XmlKeywordLogger</class>
  <method>startTest</method>
  <thread>1</thread>
  <message>Start Test Case : Test Cases/Indicator Current Date-1, 1 response interval and 1 reporting days</message>
  <nestedLevel>1</nestedLevel>
  <escapedJava>false</escapedJava>
  <property name="remainingRetryCount">0</property>
  <property name="name">Test Cases/Indicator Current Date-1, 1 response interval and 1 reporting days</property>
  <property name="description"></property>
  <property name="iteration"></property>
  <property name="id">Test Cases/Indicator Current Date-1, 1 response interval and 1 reporting days</property>
  <property name="source">C:\Users\santh\git\RegressionSuite\Test Cases\Indicator Current Date-1, 1 response interval and 1 reporting days.tc</property>
  <property name="tag"></property>
  <property name="isOptional">false</property>
  <property name="currentRetryCount">3</property>
</record>
<record>
  <date>2025-07-10T08:24:32.955260700Z</date>
  <millis>1752135872955</millis>
  <nanos>260700</nanos>
  <sequence>508</sequence>
  <level>START</level>
  <class>com.kms.katalon.core.logging.XmlKeywordLogger</class>
  <method>startKeyword</method>
  <thread>1</thread>
  <message>Start action : openBrowser(&amp;quot;&amp;quot;)</message>
  <nestedLevel>1</nestedLevel>
  <escapedJava>false</escapedJava>
  <property name="startLine">25</property>
  <property name="stepIndex">1</property>
</record>
<record>
  <date>2025-07-10T08:24:32.960040500Z</date>
  <millis>1752135872960</millis>
  <nanos>40500</nanos>
  <sequence>510</sequence>
  <level>WARNING</level>
  <class>com.kms.katalon.core.logging.XmlKeywordLogger</class>
  <method>logMessage</method>
  <thread>1</thread>
  <message>A browser is already opened. Closing browser and opening a new one</message>
  <nestedLevel>1</nestedLevel>
  <escapedJava>false</escapedJava>
</record>
<record>
  <date>2025-07-10T08:24:33.716543100Z</date>
  <millis>1752135873716</millis>
  <nanos>543100</nanos>
  <sequence>511</sequence>
  <level>INFO</level>
  <class>com.kms.katalon.core.logging.XmlKeywordLogger</class>
  <method>logMessage</method>
  <thread>1</thread>
  <message>Starting &amp;apos;Chrome&amp;apos; driver</message>
  <nestedLevel>1</nestedLevel>
  <escapedJava>false</escapedJava>
</record>
<record>
  <date>2025-07-10T08:24:33.719887400Z</date>
  <millis>1752135873719</millis>
  <nanos>887400</nanos>
  <sequence>512</sequence>
  <level>INFO</level>
  <class>com.kms.katalon.core.logging.XmlKeywordLogger</class>
  <method>logMessage</method>
  <thread>1</thread>
  <message>Action delay is set to 0 milliseconds</message>
  <nestedLevel>1</nestedLevel>
  <escapedJava>false</escapedJava>
</record>
<record>
  <date>2025-07-10T08:24:35.240672400Z</date>
  <millis>1752135875240</millis>
  <nanos>672400</nanos>
  <sequence>514</sequence>
  <level>RUN_DATA</level>
  <class>com.kms.katalon.core.logging.XmlKeywordLogger</class>
  <method>logMessage</method>
  <thread>1</thread>
  <message>sessionId = 7a53c4bff40529f840d33cddc0aaaa21</message>
  <nestedLevel>1</nestedLevel>
  <escapedJava>false</escapedJava>
  <property name="sessionId">7a53c4bff40529f840d33cddc0aaaa21</property>
</record>
<record>
  <date>2025-07-10T08:24:35.244449300Z</date>
  <millis>1752135875244</millis>
  <nanos>449300</nanos>
  <sequence>515</sequence>
  <level>RUN_DATA</level>
  <class>com.kms.katalon.core.logging.XmlKeywordLogger</class>
  <method>logMessage</method>
  <thread>1</thread>
  <message>browser = Chrome 137.0.7151.120</message>
  <nestedLevel>1</nestedLevel>
  <escapedJava>false</escapedJava>
  <property name="browser">Chrome 137.0.7151.120</property>
</record>
<record>
  <date>2025-07-10T08:24:35.244449300Z</date>
  <millis>1752135875244</millis>
  <nanos>449300</nanos>
  <sequence>516</sequence>
  <level>RUN_DATA</level>
  <class>com.kms.katalon.core.logging.XmlKeywordLogger</class>
  <method>logMessage</method>
  <thread>1</thread>
  <message>platform = Windows 11</message>
  <nestedLevel>1</nestedLevel>
  <escapedJava>false</escapedJava>
  <property name="platform">Windows 11</property>
</record>
<record>
  <date>2025-07-10T08:24:35.246557300Z</date>
  <millis>1752135875246</millis>
  <nanos>557300</nanos>
  <sequence>517</sequence>
  <level>RUN_DATA</level>
  <class>com.kms.katalon.core.logging.XmlKeywordLogger</class>
  <method>logMessage</method>
  <thread>1</thread>
  <message>seleniumVersion = 4.28.1</message>
  <nestedLevel>1</nestedLevel>
  <escapedJava>false</escapedJava>
  <property name="seleniumVersion">4.28.1</property>
</record>
<record>
  <date>2025-07-10T08:24:35.249021Z</date>
  <millis>1752135875249</millis>
  <nanos>21000</nanos>
  <sequence>518</sequence>
  <level>RUN_DATA</level>
  <class>com.kms.katalon.core.logging.XmlKeywordLogger</class>
  <method>logMessage</method>
  <thread>1</thread>
  <message>proxyInformation = ProxyInformation { proxyOption=NO_PROXY, proxyServerType=HTTP, username=, password=********, proxyServerAddress=, proxyServerPort=0, executionList=&amp;quot;&amp;quot;, isApplyToDesiredCapabilities=true }</message>
  <nestedLevel>1</nestedLevel>
  <escapedJava>false</escapedJava>
  <property name="proxyInformation">ProxyInformation { proxyOption=NO_PROXY, proxyServerType=HTTP, username=, password=********, proxyServerAddress=, proxyServerPort=0, executionList=&quot;&quot;, isApplyToDesiredCapabilities=true }</property>
</record>
<record>
  <date>2025-07-10T08:24:35.285060100Z</date>
  <millis>1752135875285</millis>
  <nanos>60100</nanos>
  <sequence>519</sequence>
  <level>PASSED</level>
  <class>com.kms.katalon.core.logging.XmlKeywordLogger</class>
  <method>logMessage</method>
  <thread>1</thread>
  <message>Browser is opened with url: &amp;apos;&amp;apos;</message>
  <nestedLevel>1</nestedLevel>
  <escapedJava>false</escapedJava>
  <property name="testops-method-name">com.kms.katalon.core.webui.keyword.builtin.OpenBrowserKeyword.openBrowser</property>
  <property name="testops-execution-stacktrace"></property>
</record>
<record>
  <date>2025-07-10T08:24:35.286060600Z</date>
  <millis>1752135875286</millis>
  <nanos>60600</nanos>
  <sequence>520</sequence>
  <level>END</level>
  <class>com.kms.katalon.core.logging.XmlKeywordLogger</class>
  <method>endKeyword</method>
  <thread>1</thread>
  <message>End action : openBrowser(&amp;quot;&amp;quot;)</message>
  <nestedLevel>1</nestedLevel>
  <escapedJava>false</escapedJava>
</record>
<record>
  <date>2025-07-10T08:24:35.287060500Z</date>
  <millis>1752135875287</millis>
  <nanos>60500</nanos>
  <sequence>521</sequence>
  <level>START</level>
  <class>com.kms.katalon.core.logging.XmlKeywordLogger</class>
  <method>startKeyword</method>
  <thread>1</thread>
  <message>Start action : navigateToUrl(&amp;quot;https://bug-nation.cgrfoundation-staging.com/accounts/login&amp;quot;)</message>
  <nestedLevel>1</nestedLevel>
  <escapedJava>false</escapedJava>
  <property name="startLine">27</property>
  <property name="stepIndex">2</property>
</record>
<record>
  <date>2025-07-10T08:24:36.103178500Z</date>
  <millis>1752135876103</millis>
  <nanos>178500</nanos>
  <sequence>524</sequence>
  <level>PASSED</level>
  <class>com.kms.katalon.core.logging.XmlKeywordLogger</class>
  <method>logMessage</method>
  <thread>1</thread>
  <message>Navigate to &amp;apos;https://bug-nation.cgrfoundation-staging.com/accounts/login&amp;apos; successfully</message>
  <nestedLevel>1</nestedLevel>
  <escapedJava>false</escapedJava>
  <property name="testops-method-name">com.kms.katalon.core.webui.keyword.builtin.NavigateToUrlKeyword.navigateToUrl</property>
  <property name="testops-execution-stacktrace"></property>
</record>
<record>
  <date>2025-07-10T08:24:36.103178500Z</date>
  <millis>1752135876103</millis>
  <nanos>178500</nanos>
  <sequence>525</sequence>
  <level>END</level>
  <class>com.kms.katalon.core.logging.XmlKeywordLogger</class>
  <method>endKeyword</method>
  <thread>1</thread>
  <message>End action : navigateToUrl(&amp;quot;https://bug-nation.cgrfoundation-staging.com/accounts/login&amp;quot;)</message>
  <nestedLevel>1</nestedLevel>
  <escapedJava>false</escapedJava>
</record>
<record>
  <date>2025-07-10T08:24:36.103178500Z</date>
  <millis>1752135876103</millis>
  <nanos>178500</nanos>
  <sequence>526</sequence>
  <level>START</level>
  <class>com.kms.katalon.core.logging.XmlKeywordLogger</class>
  <method>startKeyword</method>
  <thread>1</thread>
  <message>Start action : maximizeWindow()</message>
  <nestedLevel>1</nestedLevel>
  <escapedJava>false</escapedJava>
  <property name="startLine">29</property>
  <property name="stepIndex">3</property>
</record>
<record>
  <date>2025-07-10T08:24:36.180256Z</date>
  <millis>1752135876180</millis>
  <nanos>256000</nanos>
  <sequence>528</sequence>
  <level>PASSED</level>
  <class>com.kms.katalon.core.logging.XmlKeywordLogger</class>
  <method>logMessage</method>
  <thread>1</thread>
  <message>Current window maximized</message>
  <nestedLevel>1</nestedLevel>
  <escapedJava>false</escapedJava>
  <property name="testops-method-name">com.kms.katalon.core.webui.keyword.builtin.MaximizeWindowKeyword.maximizeWindow</property>
  <property name="testops-execution-stacktrace"></property>
</record>
<record>
  <date>2025-07-10T08:24:36.181072Z</date>
  <millis>1752135876181</millis>
  <nanos>72000</nanos>
  <sequence>529</sequence>
  <level>END</level>
  <class>com.kms.katalon.core.logging.XmlKeywordLogger</class>
  <method>endKeyword</method>
  <thread>1</thread>
  <message>End action : maximizeWindow()</message>
  <nestedLevel>1</nestedLevel>
  <escapedJava>false</escapedJava>
</record>
<record>
  <date>2025-07-10T08:24:36.183123100Z</date>
  <millis>1752135876183</millis>
  <nanos>123100</nanos>
  <sequence>530</sequence>
  <level>START</level>
  <class>com.kms.katalon.core.logging.XmlKeywordLogger</class>
  <method>startKeyword</method>
  <thread>1</thread>
  <message>Start action : setText(findTestObject(&amp;quot;Object Repository/Page_CGR Foundation/input_Email address_accountemail&amp;quot;), &amp;quot;santhosh.nidamanuri@corpgovrisk.com&amp;quot;)</message>
  <nestedLevel>1</nestedLevel>
  <escapedJava>false</escapedJava>
  <property name="startLine">31</property>
  <property name="stepIndex">4</property>
</record>
<record>
  <date>2025-07-10T08:24:37.096050100Z</date>
  <millis>1752135877096</millis>
  <nanos>50100</nanos>
  <sequence>546</sequence>
  <level>PASSED</level>
  <class>com.kms.katalon.core.logging.XmlKeywordLogger</class>
  <method>logMessage</method>
  <thread>1</thread>
  <message>Text &amp;apos;santhosh.nidamanuri@corpgovrisk.com&amp;apos; is set on object &amp;apos;Object Repository/Page_CGR Foundation/input_Email address_accountemail&amp;apos;</message>
  <nestedLevel>1</nestedLevel>
  <escapedJava>false</escapedJava>
  <property name="testops-method-name">com.kms.katalon.core.webui.keyword.builtin.SetTextKeyword.setText</property>
  <property name="testops-execution-stacktrace"></property>
</record>
<record>
  <date>2025-07-10T08:24:37.096887700Z</date>
  <millis>1752135877096</millis>
  <nanos>887700</nanos>
  <sequence>547</sequence>
  <level>END</level>
  <class>com.kms.katalon.core.logging.XmlKeywordLogger</class>
  <method>endKeyword</method>
  <thread>1</thread>
  <message>End action : setText(findTestObject(&amp;quot;Object Repository/Page_CGR Foundation/input_Email address_accountemail&amp;quot;), &amp;quot;santhosh.nidamanuri@corpgovrisk.com&amp;quot;)</message>
  <nestedLevel>1</nestedLevel>
  <escapedJava>false</escapedJava>
</record>
<record>
  <date>2025-07-10T08:24:37.098418Z</date>
  <millis>1752135877098</millis>
  <nanos>418000</nanos>
  <sequence>548</sequence>
  <level>START</level>
  <class>com.kms.katalon.core.logging.XmlKeywordLogger</class>
  <method>startKeyword</method>
  <thread>1</thread>
  <message>Start action : setEncryptedText(findTestObject(&amp;quot;Object Repository/Page_CGR Foundation/input_Password_accountpassword&amp;quot;), &amp;quot;g9InqrzvBVyAQwkGaiz+Ig==&amp;quot;)</message>
  <nestedLevel>1</nestedLevel>
  <escapedJava>false</escapedJava>
  <property name="startLine">33</property>
  <property name="stepIndex">5</property>
</record>
<record>
  <date>2025-07-10T08:24:37.486771500Z</date>
  <millis>1752135877486</millis>
  <nanos>771500</nanos>
  <sequence>559</sequence>
  <level>PASSED</level>
  <class>com.kms.katalon.core.logging.XmlKeywordLogger</class>
  <method>logMessage</method>
  <thread>1</thread>
  <message>Text ****** has been set on object &amp;apos;Object Repository/Page_CGR Foundation/input_Password_accountpassword&amp;apos;</message>
  <nestedLevel>1</nestedLevel>
  <escapedJava>false</escapedJava>
  <property name="testops-method-name">com.kms.katalon.core.webui.keyword.builtin.SetEncryptedTextKeyword.setEncryptedText</property>
  <property name="testops-execution-stacktrace"></property>
</record>
<record>
  <date>2025-07-10T08:24:37.486771500Z</date>
  <millis>1752135877486</millis>
  <nanos>771500</nanos>
  <sequence>560</sequence>
  <level>END</level>
  <class>com.kms.katalon.core.logging.XmlKeywordLogger</class>
  <method>endKeyword</method>
  <thread>1</thread>
  <message>End action : setEncryptedText(findTestObject(&amp;quot;Object Repository/Page_CGR Foundation/input_Password_accountpassword&amp;quot;), &amp;quot;g9InqrzvBVyAQwkGaiz+Ig==&amp;quot;)</message>
  <nestedLevel>1</nestedLevel>
  <escapedJava>false</escapedJava>
</record>
<record>
  <date>2025-07-10T08:24:37.494887100Z</date>
  <millis>1752135877494</millis>
  <nanos>887100</nanos>
  <sequence>561</sequence>
  <level>START</level>
  <class>com.kms.katalon.core.logging.XmlKeywordLogger</class>
  <method>startKeyword</method>
  <thread>1</thread>
  <message>Start action : click(findTestObject(&amp;quot;Object Repository/Page_CGR Foundation/input_Remember me_commit&amp;quot;))</message>
  <nestedLevel>1</nestedLevel>
  <escapedJava>false</escapedJava>
  <property name="startLine">35</property>
  <property name="stepIndex">6</property>
</record>
<record>
  <date>2025-07-10T08:24:37.909061300Z</date>
  <millis>1752135877909</millis>
  <nanos>61300</nanos>
  <sequence>571</sequence>
  <level>PASSED</level>
  <class>com.kms.katalon.core.logging.XmlKeywordLogger</class>
  <method>logMessage</method>
  <thread>1</thread>
  <message>Object: &amp;apos;Object Repository/Page_CGR Foundation/input_Remember me_commit&amp;apos; is clicked on</message>
  <nestedLevel>1</nestedLevel>
  <escapedJava>false</escapedJava>
  <property name="testops-method-name">com.kms.katalon.core.webui.keyword.builtin.ClickKeyword.click</property>
  <property name="testops-execution-stacktrace"></property>
</record>
<record>
  <date>2025-07-10T08:24:37.910104500Z</date>
  <millis>1752135877910</millis>
  <nanos>104500</nanos>
  <sequence>572</sequence>
  <level>END</level>
  <class>com.kms.katalon.core.logging.XmlKeywordLogger</class>
  <method>endKeyword</method>
  <thread>1</thread>
  <message>End action : click(findTestObject(&amp;quot;Object Repository/Page_CGR Foundation/input_Remember me_commit&amp;quot;))</message>
  <nestedLevel>1</nestedLevel>
  <escapedJava>false</escapedJava>
</record>
<record>
  <date>2025-07-10T08:24:37.911124900Z</date>
  <millis>1752135877911</millis>
  <nanos>124900</nanos>
  <sequence>573</sequence>
  <level>START</level>
  <class>com.kms.katalon.core.logging.XmlKeywordLogger</class>
  <method>startKeyword</method>
  <thread>1</thread>
  <message>Start action : navigateToUrl(&amp;quot;https://bug-nation.cgrfoundation-staging.com/indicators/110&amp;quot;)</message>
  <nestedLevel>1</nestedLevel>
  <escapedJava>false</escapedJava>
  <property name="startLine">37</property>
  <property name="stepIndex">7</property>
</record>
<?xml version="1.0" encoding="UTF-8" standalone="no"?>
<!DOCTYPE log SYSTEM "logger.dtd">
<record>
  <date>2025-07-25T11:36:07.988216900Z</date>
  <millis>1753443367988</millis>
  <nanos>216900</nanos>
  <sequence>1614</sequence>
  <level>INFO</level>
  <class>com.kms.katalon.core.logging.XmlKeywordLogger</class>
  <method>logMessage</method>
  <thread>1169</thread>
  <message>Action delay is set to 0 milliseconds</message>
  <nestedLevel>0</nestedLevel>
  <escapedJava>false</escapedJava>
</record>
</log>