<?xml version="1.0" encoding="UTF-8" standalone="no"?>
<!DOCTYPE log SYSTEM "logger.dtd">
<log>
<record>
  <date>2025-07-28T05:17:26.507178600Z</date>
  <millis>1753679846507</millis>
  <nanos>178600</nanos>
  <sequence>0</sequence>
  <level>START</level>
  <class>com.kms.katalon.core.logging.XmlKeywordLogger</class>
  <method>startSuite</method>
  <thread>1</thread>
  <message>Start Test Suite : Test Suites/Indicator/Indicator reporting days</message>
  <nestedLevel>0</nestedLevel>
  <escapedJava>false</escapedJava>
  <property name="rerunTestFailImmediately">false</property>
  <property name="retryCount">3</property>
  <property name="name">Indicator reporting days</property>
  <property name="description"></property>
  <property name="id">Test Suites/Indicator/Indicator reporting days</property>
</record>
<record>
  <date>2025-07-28T05:17:26.541751Z</date>
  <millis>1753679846541</millis>
  <nanos>751000</nanos>
  <sequence>1</sequence>
  <level>RUN_DATA</level>
  <class>com.kms.katalon.core.logging.XmlKeywordLogger</class>
  <method>logMessage</method>
  <thread>1</thread>
  <message>userFullName = Santhosh Nidamanuri</message>
  <nestedLevel>0</nestedLevel>
  <escapedJava>false</escapedJava>
  <property name="userFullName">Santhosh Nidamanuri</property>
</record>
<record>
  <date>2025-07-28T05:17:26.542913800Z</date>
  <millis>1753679846542</millis>
  <nanos>913800</nanos>
  <sequence>2</sequence>
  <level>RUN_DATA</level>
  <class>com.kms.katalon.core.logging.XmlKeywordLogger</class>
  <method>logMessage</method>
  <thread>1</thread>
  <message>projectName = RegressionSuite</message>
  <nestedLevel>0</nestedLevel>
  <escapedJava>false</escapedJava>
  <property name="projectName">RegressionSuite</property>
</record>
<record>
  <date>2025-07-28T05:17:26.542913800Z</date>
  <millis>1753679846542</millis>
  <nanos>913800</nanos>
  <sequence>3</sequence>
  <level>RUN_DATA</level>
  <class>com.kms.katalon.core.logging.XmlKeywordLogger</class>
  <method>logMessage</method>
  <thread>1</thread>
  <message>hostName = santh - Santhosh</message>
  <nestedLevel>0</nestedLevel>
  <escapedJava>false</escapedJava>
  <property name="hostName">santh - Santhosh</property>
</record>
<record>
  <date>2025-07-28T05:17:26.544006900Z</date>
  <millis>1753679846544</millis>
  <nanos>6900</nanos>
  <sequence>4</sequence>
  <level>RUN_DATA</level>
  <class>com.kms.katalon.core.logging.XmlKeywordLogger</class>
  <method>logMessage</method>
  <thread>1</thread>
  <message>os = Windows 11 64bit</message>
  <nestedLevel>0</nestedLevel>
  <escapedJava>false</escapedJava>
  <property name="os">Windows 11 64bit</property>
</record>
<record>
  <date>2025-07-28T05:17:26.545006500Z</date>
  <millis>1753679846545</millis>
  <nanos>6500</nanos>
  <sequence>5</sequence>
  <level>RUN_DATA</level>
  <class>com.kms.katalon.core.logging.XmlKeywordLogger</class>
  <method>logMessage</method>
  <thread>1</thread>
  <message>hostAddress = 192.168.29.137</message>
  <nestedLevel>0</nestedLevel>
  <escapedJava>false</escapedJava>
  <property name="hostAddress">192.168.29.137</property>
</record>
<record>
  <date>2025-07-28T05:17:26.546007400Z</date>
  <millis>1753679846546</millis>
  <nanos>7400</nanos>
  <sequence>6</sequence>
  <level>RUN_DATA</level>
  <class>com.kms.katalon.core.logging.XmlKeywordLogger</class>
  <method>logMessage</method>
  <thread>1</thread>
  <message>katalonVersion = 10.2.3.0</message>
  <nestedLevel>0</nestedLevel>
  <escapedJava>false</escapedJava>
  <property name="katalonVersion">10.2.3.0</property>
</record>
<record>
  <date>2025-07-28T05:17:27.338260200Z</date>
  <millis>1753679847338</millis>
  <nanos>260200</nanos>
  <sequence>7</sequence>
  <level>START</level>
  <class>com.kms.katalon.core.logging.XmlKeywordLogger</class>
  <method>startTest</method>
  <thread>1</thread>
  <message>Start Test Case : Test Cases/Indicator Current Date-1, 1 response interval and 1 reporting days</message>
  <nestedLevel>1</nestedLevel>
  <escapedJava>false</escapedJava>
  <property name="name">Test Cases/Indicator Current Date-1, 1 response interval and 1 reporting days</property>
  <property name="description"></property>
  <property name="iteration"></property>
  <property name="id">Test Cases/Indicator Current Date-1, 1 response interval and 1 reporting days</property>
  <property name="source">C:\Users\santh\git\RegressionSuite\Test Cases\Indicator Current Date-1, 1 response interval and 1 reporting days.tc</property>
  <property name="tag"></property>
  <property name="isOptional">false</property>
</record>
<record>
  <date>2025-07-28T05:17:28.150371600Z</date>
  <millis>1753679848150</millis>
  <nanos>371600</nanos>
  <sequence>9</sequence>
  <level>START</level>
  <class>com.kms.katalon.core.logging.XmlKeywordLogger</class>
  <method>startKeyword</method>
  <thread>1</thread>
  <message>Start action : openBrowser(&amp;quot;https://bug-nation.cgrfoundation-staging.com/accounts/login&amp;quot;)</message>
  <nestedLevel>1</nestedLevel>
  <escapedJava>false</escapedJava>
  <property name="startLine">25</property>
  <property name="stepIndex">1</property>
</record>
<record>
  <date>2025-07-28T05:17:28.589845200Z</date>
  <millis>1753679848589</millis>
  <nanos>845200</nanos>
  <sequence>11</sequence>
  <level>INFO</level>
  <class>com.kms.katalon.core.logging.XmlKeywordLogger</class>
  <method>logMessage</method>
  <thread>1</thread>
  <message>User set preference: [&amp;apos;browserVersion&amp;apos;, &amp;apos;134&amp;apos;]</message>
  <nestedLevel>1</nestedLevel>
  <escapedJava>false</escapedJava>
</record>
<record>
  <date>2025-07-28T05:17:28.590645300Z</date>
  <millis>1753679848590</millis>
  <nanos>645300</nanos>
  <sequence>12</sequence>
  <level>INFO</level>
  <class>com.kms.katalon.core.logging.XmlKeywordLogger</class>
  <method>logMessage</method>
  <thread>1</thread>
  <message>User set preference: [&amp;apos;browserName&amp;apos;, &amp;apos;chrome&amp;apos;]</message>
  <nestedLevel>1</nestedLevel>
  <escapedJava>false</escapedJava>
</record>
<record>
  <date>2025-07-28T05:17:28.609878700Z</date>
  <millis>1753679848609</millis>
  <nanos>878700</nanos>
  <sequence>13</sequence>
  <level>INFO</level>
  <class>com.kms.katalon.core.logging.XmlKeywordLogger</class>
  <method>logMessage</method>
  <thread>1</thread>
  <message>User set preference: [&amp;apos;platformName&amp;apos;, &amp;apos;windows&amp;apos;]</message>
  <nestedLevel>1</nestedLevel>
  <escapedJava>false</escapedJava>
</record>
<record>
  <date>2025-07-28T05:17:28.612285700Z</date>
  <millis>1753679848612</millis>
  <nanos>285700</nanos>
  <sequence>14</sequence>
  <level>INFO</level>
  <class>com.kms.katalon.core.logging.XmlKeywordLogger</class>
  <method>logMessage</method>
  <thread>1</thread>
  <message>User set preference: [&amp;apos;katalon:options&amp;apos;, &amp;apos;{metadata={organizationId=2293188, accountId=1532955, channel=kse;v=10.2.3, projectId=2256648}, executionMode=queue, usingTunnel=false}&amp;apos;]</message>
  <nestedLevel>1</nestedLevel>
  <escapedJava>false</escapedJava>
</record>
<record>
  <date>2025-07-28T05:17:28.665400700Z</date>
  <millis>1753679848665</millis>
  <nanos>400700</nanos>
  <sequence>15</sequence>
  <level>INFO</level>
  <class>com.kms.katalon.core.logging.XmlKeywordLogger</class>
  <method>logMessage</method>
  <thread>1</thread>
  <message>Connecting to remote web server &amp;apos;testcloud.katalon.com/hub&amp;apos; with type &amp;apos;Selenium&amp;apos;</message>
  <nestedLevel>1</nestedLevel>
  <escapedJava>false</escapedJava>
</record>
<record>
  <date>2025-07-28T05:17:29.175289500Z</date>
  <millis>1753679849175</millis>
  <nanos>289500</nanos>
  <sequence>16</sequence>
  <level>INFO</level>
  <class>com.kms.katalon.core.logging.XmlKeywordLogger</class>
  <method>logMessage</method>
  <thread>1</thread>
  <message>Action delay is set to 0 milliseconds</message>
  <nestedLevel>1</nestedLevel>
  <escapedJava>false</escapedJava>
</record>
<record>
  <date>2025-07-28T05:20:29.332217900Z</date>
  <millis>1753680029332</millis>
  <nanos>217900</nanos>
  <sequence>22</sequence>
  <level>FAILED</level>
  <class>com.kms.katalon.core.logging.XmlKeywordLogger</class>
  <method>logMessage</method>
  <thread>1</thread>
  <message>Unable to open browser with url: &amp;apos;https://bug-nation.cgrfoundation-staging.com/accounts/login&amp;apos; (Root cause: com.kms.katalon.core.exception.StepFailedException: Unable to open browser with url: &amp;apos;https://bug-nation.cgrfoundation-staging.com/accounts/login&amp;apos;
	at com.kms.katalon.core.webui.keyword.internal.WebUIKeywordMain.stepFailed(WebUIKeywordMain.groovy:118)
	at com.kms.katalon.core.webui.keyword.internal.WebUIKeywordMain.runKeyword(WebUIKeywordMain.groovy:43)
	at com.kms.katalon.core.webui.keyword.builtin.OpenBrowserKeyword.openBrowser(OpenBrowserKeyword.groovy:47)
	at com.kms.katalon.core.webui.keyword.builtin.OpenBrowserKeyword.execute(OpenBrowserKeyword.groovy:33)
	at com.kms.katalon.core.keyword.internal.KeywordExecutor.executeKeywordForPlatform(KeywordExecutor.groovy:64)
	at com.kms.katalon.core.webui.keyword.WebUiBuiltInKeywords.openBrowser(WebUiBuiltInKeywords.groovy:62)
	at Indicator Current Date-1, 1 response interval and 1 reporting days.run(Indicator Current Date-1, 1 response interval and 1 reporting days:25)
	at com.kms.katalon.core.main.ScriptEngine.run(ScriptEngine.java:194)
	at com.kms.katalon.core.main.ScriptEngine.runScriptAsRawText(ScriptEngine.java:119)
	at com.kms.katalon.core.main.TestCaseExecutor.runScript(TestCaseExecutor.java:485)
	at com.kms.katalon.core.main.TestCaseExecutor.doExecute(TestCaseExecutor.java:476)
	at com.kms.katalon.core.main.TestCaseExecutor.processExecutionPhase(TestCaseExecutor.java:455)
	at com.kms.katalon.core.main.TestCaseExecutor.accessMainPhase(TestCaseExecutor.java:447)
	at com.kms.katalon.core.main.TestCaseExecutor.execute(TestCaseExecutor.java:321)
	at com.kms.katalon.core.common.CommonExecutor.accessTestCaseMainPhase(CommonExecutor.java:71)
	at com.kms.katalon.core.main.TestSuiteExecutor.accessTestSuiteMainPhase(TestSuiteExecutor.java:160)
	at com.kms.katalon.core.main.TestSuiteExecutor.execute(TestSuiteExecutor.java:107)
	at com.kms.katalon.core.main.TestCaseMain.startTestSuite(TestCaseMain.java:195)
	at TempTestSuite1753679840951.run(TempTestSuite1753679840951.groovy:35)
	at java.base/jdk.internal.reflect.NativeMethodAccessorImpl.invoke0(Native Method)
	at java.base/jdk.internal.reflect.NativeMethodAccessorImpl.invoke(NativeMethodAccessorImpl.java:77)
	at java.base/jdk.internal.reflect.DelegatingMethodAccessorImpl.invoke(DelegatingMethodAccessorImpl.java:43)
Caused by: org.openqa.selenium.SessionNotCreatedException: Could not start a new session. Possible causes are invalid address of the remote server or browser start-up failure. 
Host info: host: &amp;apos;SANTHOSH&amp;apos;, ip: &amp;apos;192.168.29.137&amp;apos;
	at org.openqa.selenium.remote.RemoteWebDriver.execute(RemoteWebDriver.java:563)
	at org.openqa.selenium.remote.RemoteWebDriver.startSession(RemoteWebDriver.java:245)
	at org.openqa.selenium.remote.RemoteWebDriver.&amp;lt;init&amp;gt;(RemoteWebDriver.java:174)
	at com.kms.katalon.selenium.driver.CRemoteWebDriver.&amp;lt;init&amp;gt;(CRemoteWebDriver.java:46)
	at com.kms.katalon.core.webui.driver.remote.GenericRemoteDriverBuilder.build(GenericRemoteDriverBuilder.java:69)
	at com.kms.katalon.core.webui.driver.DriverFactory.startRemoteBrowser(DriverFactory.java:220)
	at com.kms.katalon.core.webui.driver.DriverFactory.openWebDriver(DriverFactory.java:160)
	at com.kms.katalon.core.webui.keyword.builtin.OpenBrowserKeyword$_openBrowser_closure1.doCall(OpenBrowserKeyword.groovy:40)
	at com.kms.katalon.core.webui.keyword.builtin.OpenBrowserKeyword$_openBrowser_closure1.call(OpenBrowserKeyword.groovy)
	at com.kms.katalon.core.webui.keyword.internal.WebUIKeywordMain.runKeyword(WebUIKeywordMain.groovy:35)
	at com.kms.katalon.core.webui.keyword.builtin.OpenBrowserKeyword.openBrowser(OpenBrowserKeyword.groovy:47)
	at com.kms.katalon.core.webui.keyword.builtin.OpenBrowserKeyword.execute(OpenBrowserKeyword.groovy:33)
	at com.kms.katalon.core.keyword.internal.KeywordExecutor.executeKeywordForPlatform(KeywordExecutor.groovy:64)
	at com.kms.katalon.core.webui.keyword.WebUiBuiltInKeywords.openBrowser(WebUiBuiltInKeywords.groovy:62)
	at Script1752064572909.run(Script1752064572909.groovy:25)
	... 15 more
Caused by: org.openqa.selenium.TimeoutException: java.util.concurrent.TimeoutException
Build info: version: &amp;apos;4.28.1&amp;apos;, revision: &amp;apos;73f5ad48a2&amp;apos;
System info: os.name: &amp;apos;Windows 11&amp;apos;, os.arch: &amp;apos;amd64&amp;apos;, os.version: &amp;apos;10.0&amp;apos;, java.version: &amp;apos;17.0.14&amp;apos;
Driver info: driver.version: CRemoteWebDriver
	at org.openqa.selenium.remote.http.jdk.JdkHttpClient.execute(JdkHttpClient.java:424)
	at org.openqa.selenium.remote.ProtocolHandshake.createSession(ProtocolHandshake.java:89)
	at org.openqa.selenium.remote.ProtocolHandshake.createSession(ProtocolHandshake.java:75)
	at org.openqa.selenium.remote.ProtocolHandshake.createSession(ProtocolHandshake.java:61)
	at org.openqa.selenium.remote.HttpCommandExecutor.execute(HttpCommandExecutor.java:187)
	at org.openqa.selenium.remote.RemoteWebDriver.execute(RemoteWebDriver.java:545)
	... 29 more
Caused by: java.util.concurrent.TimeoutException
)</message>
  <nestedLevel>1</nestedLevel>
  <escapedJava>false</escapedJava>
  <property name="failed.exception.class">java.util.concurrent.TimeoutException</property>
  <property name="failed.exception.stacktrace">java.util.concurrent.TimeoutException
</property>
  <property name="failed.exception.message">null</property>
</record>
<record>
  <date>2025-07-28T05:20:29.337552600Z</date>
  <millis>1753680029337</millis>
  <nanos>552600</nanos>
  <sequence>27</sequence>
  <level>END</level>
  <class>com.kms.katalon.core.logging.XmlKeywordLogger</class>
  <method>endKeyword</method>
  <thread>1</thread>
  <message>End action : openBrowser(&amp;quot;https://bug-nation.cgrfoundation-staging.com/accounts/login&amp;quot;)</message>
  <nestedLevel>1</nestedLevel>
  <escapedJava>false</escapedJava>
</record>
<record>
  <date>2025-07-28T05:20:29.340548Z</date>
  <millis>1753680029340</millis>
  <nanos>548000</nanos>
  <sequence>32</sequence>
  <level>FAILED</level>
  <class>com.kms.katalon.core.logging.XmlKeywordLogger</class>
  <method>logMessage</method>
  <thread>1</thread>
  <message>Test Cases/Indicator Current Date-1, 1 response interval and 1 reporting days FAILED.
Reason:
com.kms.katalon.core.exception.StepFailedException: Unable to open browser with url: &amp;apos;https://bug-nation.cgrfoundation-staging.com/accounts/login&amp;apos;
	at com.kms.katalon.core.webui.keyword.internal.WebUIKeywordMain.stepFailed(WebUIKeywordMain.groovy:118)
	at com.kms.katalon.core.webui.keyword.internal.WebUIKeywordMain.runKeyword(WebUIKeywordMain.groovy:43)
	at com.kms.katalon.core.webui.keyword.builtin.OpenBrowserKeyword.openBrowser(OpenBrowserKeyword.groovy:47)
	at com.kms.katalon.core.webui.keyword.builtin.OpenBrowserKeyword.execute(OpenBrowserKeyword.groovy:33)
	at com.kms.katalon.core.keyword.internal.KeywordExecutor.executeKeywordForPlatform(KeywordExecutor.groovy:64)
	at com.kms.katalon.core.webui.keyword.WebUiBuiltInKeywords.openBrowser(WebUiBuiltInKeywords.groovy:62)
	at Indicator Current Date-1, 1 response interval and 1 reporting days.run(Indicator Current Date-1, 1 response interval and 1 reporting days:25)
	at com.kms.katalon.core.main.ScriptEngine.run(ScriptEngine.java:194)
	at com.kms.katalon.core.main.ScriptEngine.runScriptAsRawText(ScriptEngine.java:119)
	at com.kms.katalon.core.main.TestCaseExecutor.runScript(TestCaseExecutor.java:485)
	at com.kms.katalon.core.main.TestCaseExecutor.doExecute(TestCaseExecutor.java:476)
	at com.kms.katalon.core.main.TestCaseExecutor.processExecutionPhase(TestCaseExecutor.java:455)
	at com.kms.katalon.core.main.TestCaseExecutor.accessMainPhase(TestCaseExecutor.java:447)
	at com.kms.katalon.core.main.TestCaseExecutor.execute(TestCaseExecutor.java:321)
	at com.kms.katalon.core.common.CommonExecutor.accessTestCaseMainPhase(CommonExecutor.java:71)
	at com.kms.katalon.core.main.TestSuiteExecutor.accessTestSuiteMainPhase(TestSuiteExecutor.java:160)
	at com.kms.katalon.core.main.TestSuiteExecutor.execute(TestSuiteExecutor.java:107)
	at com.kms.katalon.core.main.TestCaseMain.startTestSuite(TestCaseMain.java:195)
	at TempTestSuite1753679840951.run(TempTestSuite1753679840951.groovy:35)
	at java.base/jdk.internal.reflect.NativeMethodAccessorImpl.invoke0(Native Method)
	at java.base/jdk.internal.reflect.NativeMethodAccessorImpl.invoke(NativeMethodAccessorImpl.java:77)
	at java.base/jdk.internal.reflect.DelegatingMethodAccessorImpl.invoke(DelegatingMethodAccessorImpl.java:43)
Caused by: org.openqa.selenium.SessionNotCreatedException: Could not start a new session. Possible causes are invalid address of the remote server or browser start-up failure. 
Host info: host: &amp;apos;SANTHOSH&amp;apos;, ip: &amp;apos;192.168.29.137&amp;apos;
	at org.openqa.selenium.remote.RemoteWebDriver.execute(RemoteWebDriver.java:563)
	at org.openqa.selenium.remote.RemoteWebDriver.startSession(RemoteWebDriver.java:245)
	at org.openqa.selenium.remote.RemoteWebDriver.&amp;lt;init&amp;gt;(RemoteWebDriver.java:174)
	at com.kms.katalon.selenium.driver.CRemoteWebDriver.&amp;lt;init&amp;gt;(CRemoteWebDriver.java:46)
	at com.kms.katalon.core.webui.driver.remote.GenericRemoteDriverBuilder.build(GenericRemoteDriverBuilder.java:69)
	at com.kms.katalon.core.webui.driver.DriverFactory.startRemoteBrowser(DriverFactory.java:220)
	at com.kms.katalon.core.webui.driver.DriverFactory.openWebDriver(DriverFactory.java:160)
	at com.kms.katalon.core.webui.keyword.builtin.OpenBrowserKeyword$_openBrowser_closure1.doCall(OpenBrowserKeyword.groovy:40)
	at com.kms.katalon.core.webui.keyword.builtin.OpenBrowserKeyword$_openBrowser_closure1.call(OpenBrowserKeyword.groovy)
	at com.kms.katalon.core.webui.keyword.internal.WebUIKeywordMain.runKeyword(WebUIKeywordMain.groovy:35)
	at com.kms.katalon.core.webui.keyword.builtin.OpenBrowserKeyword.openBrowser(OpenBrowserKeyword.groovy:47)
	at com.kms.katalon.core.webui.keyword.builtin.OpenBrowserKeyword.execute(OpenBrowserKeyword.groovy:33)
	at com.kms.katalon.core.keyword.internal.KeywordExecutor.executeKeywordForPlatform(KeywordExecutor.groovy:64)
	at com.kms.katalon.core.webui.keyword.WebUiBuiltInKeywords.openBrowser(WebUiBuiltInKeywords.groovy:62)
	at Script1752064572909.run(Script1752064572909.groovy:25)
	... 15 more
Caused by: org.openqa.selenium.TimeoutException: java.util.concurrent.TimeoutException
Build info: version: &amp;apos;4.28.1&amp;apos;, revision: &amp;apos;73f5ad48a2&amp;apos;
System info: os.name: &amp;apos;Windows 11&amp;apos;, os.arch: &amp;apos;amd64&amp;apos;, os.version: &amp;apos;10.0&amp;apos;, java.version: &amp;apos;17.0.14&amp;apos;
Driver info: driver.version: CRemoteWebDriver
	at org.openqa.selenium.remote.http.jdk.JdkHttpClient.execute(JdkHttpClient.java:424)
	at org.openqa.selenium.remote.ProtocolHandshake.createSession(ProtocolHandshake.java:89)
	at org.openqa.selenium.remote.ProtocolHandshake.createSession(ProtocolHandshake.java:75)
	at org.openqa.selenium.remote.ProtocolHandshake.createSession(ProtocolHandshake.java:61)
	at org.openqa.selenium.remote.HttpCommandExecutor.execute(HttpCommandExecutor.java:187)
	at org.openqa.selenium.remote.RemoteWebDriver.execute(RemoteWebDriver.java:545)
	... 29 more
Caused by: java.util.concurrent.TimeoutException
</message>
  <exception>
    <message>com.kms.katalon.core.exception.StepFailedException: Unable to open browser with url: 'https://bug-nation.cgrfoundation-staging.com/accounts/login'</message>
    <frame>
      <class>com.kms.katalon.core.logging.XmlKeywordLogger</class>
      <method>logMessage</method>
      <line>500</line>
    </frame>
    <frame>
      <class>com.kms.katalon.core.logging.KeywordLogger</class>
      <method>logMessage</method>
      <line>439</line>
    </frame>
    <frame>
      <class>com.kms.katalon.core.main.TestCaseExecutor</class>
      <method>logError</method>
      <line>593</line>
    </frame>
    <frame>
      <class>com.kms.katalon.core.main.TestCaseExecutor</class>
      <method>onExecutionError</method>
      <line>187</line>
    </frame>
    <frame>
      <class>com.kms.katalon.core.main.TestCaseExecutor</class>
      <method>processExecutionPhase</method>
      <line>465</line>
    </frame>
    <frame>
      <class>com.kms.katalon.core.main.TestCaseExecutor</class>
      <method>accessMainPhase</method>
      <line>447</line>
    </frame>
    <frame>
      <class>com.kms.katalon.core.main.TestCaseExecutor</class>
      <method>execute</method>
      <line>321</line>
    </frame>
    <frame>
      <class>com.kms.katalon.core.common.CommonExecutor</class>
      <method>accessTestCaseMainPhase</method>
      <line>71</line>
    </frame>
    <frame>
      <class>com.kms.katalon.core.main.TestSuiteExecutor</class>
      <method>accessTestSuiteMainPhase</method>
      <line>160</line>
    </frame>
    <frame>
      <class>com.kms.katalon.core.main.TestSuiteExecutor</class>
      <method>execute</method>
      <line>107</line>
    </frame>
    <frame>
      <class>com.kms.katalon.core.main.TestCaseMain</class>
      <method>startTestSuite</method>
      <line>195</line>
    </frame>
    <frame>
      <class>org.codehaus.groovy.vmplugin.v8.IndyInterface</class>
      <method>fromCache</method>
      <line>318</line>
    </frame>
    <frame>
      <class>TempTestSuite1753679840951</class>
      <method>run</method>
      <line>35</line>
    </frame>
    <frame>
      <class>groovy.lang.GroovyShell</class>
      <method>runScriptOrMainOrTestOrRunnable</method>
      <line>254</line>
    </frame>
    <frame>
      <class>groovy.lang.GroovyShell</class>
      <method>run</method>
      <line>360</line>
    </frame>
    <frame>
      <class>groovy.lang.GroovyShell</class>
      <method>run</method>
      <line>349</line>
    </frame>
    <frame>
      <class>groovy.ui.GroovyMain</class>
      <method>processOnce</method>
      <line>652</line>
    </frame>
    <frame>
      <class>groovy.ui.GroovyMain</class>
      <method>run</method>
      <line>398</line>
    </frame>
    <frame>
      <class>groovy.ui.GroovyMain</class>
      <method>access$1400</method>
      <line>68</line>
    </frame>
    <frame>
      <class>groovy.ui.GroovyMain$GroovyCommand</class>
      <method>process</method>
      <line>322</line>
    </frame>
    <frame>
      <class>groovy.ui.GroovyMain</class>
      <method>processArgs</method>
      <line>142</line>
    </frame>
    <frame>
      <class>groovy.ui.GroovyMain</class>
      <method>main</method>
      <line>115</line>
    </frame>
    <frame>
      <class>jdk.internal.reflect.NativeMethodAccessorImpl</class>
      <method>invoke0</method>
    </frame>
    <frame>
      <class>jdk.internal.reflect.NativeMethodAccessorImpl</class>
      <method>invoke</method>
      <line>77</line>
    </frame>
    <frame>
      <class>jdk.internal.reflect.DelegatingMethodAccessorImpl</class>
      <method>invoke</method>
      <line>43</line>
    </frame>
    <frame>
      <class>java.lang.reflect.Method</class>
      <method>invoke</method>
      <line>569</line>
    </frame>
    <frame>
      <class>org.codehaus.groovy.tools.GroovyStarter</class>
      <method>rootLoader</method>
      <line>117</line>
    </frame>
    <frame>
      <class>org.codehaus.groovy.tools.GroovyStarter</class>
      <method>main</method>
      <line>39</line>
    </frame>
  </exception>
  <nestedLevel>0</nestedLevel>
  <escapedJava>false</escapedJava>
  <property name="failed.exception.stacktrace">java.util.concurrent.TimeoutException
</property>
  <property name="failed.exception.class">java.util.concurrent.TimeoutException</property>
  <property name="failed.exception.message">null</property>
</record>
<record>
  <date>2025-07-28T05:20:29.345546800Z</date>
  <millis>1753680029345</millis>
  <nanos>546800</nanos>
  <sequence>34</sequence>
  <level>END</level>
  <class>com.kms.katalon.core.logging.XmlKeywordLogger</class>
  <method>endTest</method>
  <thread>1</thread>
  <message>End Test Case : Test Cases/Indicator Current Date-1, 1 response interval and 1 reporting days</message>
  <nestedLevel>0</nestedLevel>
  <escapedJava>false</escapedJava>
  <property name="executionBindingVariables">[]</property>
  <property name="applitools">false</property>
  <property name="keywordsUsage">{
  &quot;web_ui&quot;: true,
  &quot;web_service&quot;: false,
  &quot;cucumber&quot;: false,
  &quot;builtin&quot;: false,
  &quot;mobile&quot;: false,
  &quot;windows&quot;: false,
  &quot;testng&quot;: false
}</property>
</record>
<record>
  <date>2025-07-28T05:20:29.352547Z</date>
  <millis>1753680029352</millis>
  <nanos>547000</nanos>
  <sequence>35</sequence>
  <level>START</level>
  <class>com.kms.katalon.core.logging.XmlKeywordLogger</class>
  <method>startTest</method>
  <thread>1</thread>
  <message>Start Test Case : Test Cases/AdminSection</message>
  <nestedLevel>1</nestedLevel>
  <escapedJava>false</escapedJava>
  <property name="name">Test Cases/AdminSection</property>
  <property name="description"></property>
  <property name="iteration"></property>
  <property name="id">Test Cases/AdminSection</property>
  <property name="source">C:\Users\santh\git\RegressionSuite\Test Cases\AdminSection.tc</property>
  <property name="tag"></property>
  <property name="isOptional">false</property>
</record>
<record>
  <date>2025-07-28T05:20:29.413947Z</date>
  <millis>1753680029413</millis>
  <nanos>947000</nanos>
  <sequence>37</sequence>
  <level>START</level>
  <class>com.kms.katalon.core.logging.XmlKeywordLogger</class>
  <method>startKeyword</method>
  <thread>1</thread>
  <message>Start action : openBrowser(&amp;quot;&amp;quot;)</message>
  <nestedLevel>1</nestedLevel>
  <escapedJava>false</escapedJava>
  <property name="startLine">20</property>
  <property name="stepIndex">1</property>
</record>
<record>
  <date>2025-07-28T05:20:29.420999900Z</date>
  <millis>1753680029420</millis>
  <nanos>999900</nanos>
  <sequence>39</sequence>
  <level>INFO</level>
  <class>com.kms.katalon.core.logging.XmlKeywordLogger</class>
  <method>logMessage</method>
  <thread>1</thread>
  <message>User set preference: [&amp;apos;browserVersion&amp;apos;, &amp;apos;134&amp;apos;]</message>
  <nestedLevel>1</nestedLevel>
  <escapedJava>false</escapedJava>
</record>
<record>
  <date>2025-07-28T05:20:29.420999900Z</date>
  <millis>1753680029420</millis>
  <nanos>999900</nanos>
  <sequence>40</sequence>
  <level>INFO</level>
  <class>com.kms.katalon.core.logging.XmlKeywordLogger</class>
  <method>logMessage</method>
  <thread>1</thread>
  <message>User set preference: [&amp;apos;browserName&amp;apos;, &amp;apos;chrome&amp;apos;]</message>
  <nestedLevel>1</nestedLevel>
  <escapedJava>false</escapedJava>
</record>
<record>
  <date>2025-07-28T05:20:29.425987700Z</date>
  <millis>1753680029425</millis>
  <nanos>987700</nanos>
  <sequence>41</sequence>
  <level>INFO</level>
  <class>com.kms.katalon.core.logging.XmlKeywordLogger</class>
  <method>logMessage</method>
  <thread>1</thread>
  <message>User set preference: [&amp;apos;platformName&amp;apos;, &amp;apos;windows&amp;apos;]</message>
  <nestedLevel>1</nestedLevel>
  <escapedJava>false</escapedJava>
</record>
<record>
  <date>2025-07-28T05:20:29.425987700Z</date>
  <millis>1753680029425</millis>
  <nanos>987700</nanos>
  <sequence>42</sequence>
  <level>INFO</level>
  <class>com.kms.katalon.core.logging.XmlKeywordLogger</class>
  <method>logMessage</method>
  <thread>1</thread>
  <message>User set preference: [&amp;apos;katalon:options&amp;apos;, &amp;apos;{metadata={organizationId=2293188, accountId=1532955, channel=kse;v=10.2.3, projectId=2256648}, executionMode=queue, usingTunnel=false}&amp;apos;]</message>
  <nestedLevel>1</nestedLevel>
  <escapedJava>false</escapedJava>
</record>
<record>
  <date>2025-07-28T05:20:29.425987700Z</date>
  <millis>1753680029425</millis>
  <nanos>987700</nanos>
  <sequence>43</sequence>
  <level>INFO</level>
  <class>com.kms.katalon.core.logging.XmlKeywordLogger</class>
  <method>logMessage</method>
  <thread>1</thread>
  <message>Connecting to remote web server &amp;apos;testcloud.katalon.com/hub&amp;apos; with type &amp;apos;Selenium&amp;apos;</message>
  <nestedLevel>1</nestedLevel>
  <escapedJava>false</escapedJava>
</record>
<record>
  <date>2025-07-28T05:20:29.435017800Z</date>
  <millis>1753680029435</millis>
  <nanos>17800</nanos>
  <sequence>44</sequence>
  <level>INFO</level>
  <class>com.kms.katalon.core.logging.XmlKeywordLogger</class>
  <method>logMessage</method>
  <thread>1</thread>
  <message>Action delay is set to 0 milliseconds</message>
  <nestedLevel>1</nestedLevel>
  <escapedJava>false</escapedJava>
</record>
<record>
  <date>2025-07-28T05:23:29.445781300Z</date>
  <millis>1753680209445</millis>
  <nanos>781300</nanos>
  <sequence>50</sequence>
  <level>FAILED</level>
  <class>com.kms.katalon.core.logging.XmlKeywordLogger</class>
  <method>logMessage</method>
  <thread>1</thread>
  <message>Unable to open browser with url: &amp;apos;&amp;apos; (Root cause: com.kms.katalon.core.exception.StepFailedException: Unable to open browser with url: &amp;apos;&amp;apos;
	at com.kms.katalon.core.webui.keyword.internal.WebUIKeywordMain.stepFailed(WebUIKeywordMain.groovy:118)
	at com.kms.katalon.core.webui.keyword.internal.WebUIKeywordMain.runKeyword(WebUIKeywordMain.groovy:43)
	at com.kms.katalon.core.webui.keyword.builtin.OpenBrowserKeyword.openBrowser(OpenBrowserKeyword.groovy:47)
	at com.kms.katalon.core.webui.keyword.builtin.OpenBrowserKeyword.execute(OpenBrowserKeyword.groovy:33)
	at com.kms.katalon.core.keyword.internal.KeywordExecutor.executeKeywordForPlatform(KeywordExecutor.groovy:64)
	at com.kms.katalon.core.webui.keyword.WebUiBuiltInKeywords.openBrowser(WebUiBuiltInKeywords.groovy:62)
	at AdminSection.run(AdminSection:20)
	at com.kms.katalon.core.main.ScriptEngine.run(ScriptEngine.java:194)
	at com.kms.katalon.core.main.ScriptEngine.runScriptAsRawText(ScriptEngine.java:119)
	at com.kms.katalon.core.main.TestCaseExecutor.runScript(TestCaseExecutor.java:485)
	at com.kms.katalon.core.main.TestCaseExecutor.doExecute(TestCaseExecutor.java:476)
	at com.kms.katalon.core.main.TestCaseExecutor.processExecutionPhase(TestCaseExecutor.java:455)
	at com.kms.katalon.core.main.TestCaseExecutor.accessMainPhase(TestCaseExecutor.java:447)
	at com.kms.katalon.core.main.TestCaseExecutor.execute(TestCaseExecutor.java:321)
	at com.kms.katalon.core.common.CommonExecutor.accessTestCaseMainPhase(CommonExecutor.java:71)
	at com.kms.katalon.core.main.TestSuiteExecutor.accessTestSuiteMainPhase(TestSuiteExecutor.java:160)
	at com.kms.katalon.core.main.TestSuiteExecutor.execute(TestSuiteExecutor.java:107)
	at com.kms.katalon.core.main.TestCaseMain.startTestSuite(TestCaseMain.java:195)
	at TempTestSuite1753679840951.run(TempTestSuite1753679840951.groovy:35)
	at java.base/jdk.internal.reflect.NativeMethodAccessorImpl.invoke0(Native Method)
	at java.base/jdk.internal.reflect.NativeMethodAccessorImpl.invoke(NativeMethodAccessorImpl.java:77)
	at java.base/jdk.internal.reflect.DelegatingMethodAccessorImpl.invoke(DelegatingMethodAccessorImpl.java:43)
Caused by: org.openqa.selenium.SessionNotCreatedException: Could not start a new session. Possible causes are invalid address of the remote server or browser start-up failure. 
Host info: host: &amp;apos;SANTHOSH&amp;apos;, ip: &amp;apos;192.168.29.137&amp;apos;
	at org.openqa.selenium.remote.RemoteWebDriver.execute(RemoteWebDriver.java:563)
	at org.openqa.selenium.remote.RemoteWebDriver.startSession(RemoteWebDriver.java:245)
	at org.openqa.selenium.remote.RemoteWebDriver.&amp;lt;init&amp;gt;(RemoteWebDriver.java:174)
	at com.kms.katalon.selenium.driver.CRemoteWebDriver.&amp;lt;init&amp;gt;(CRemoteWebDriver.java:46)
	at com.kms.katalon.core.webui.driver.remote.GenericRemoteDriverBuilder.build(GenericRemoteDriverBuilder.java:69)
	at com.kms.katalon.core.webui.driver.DriverFactory.startRemoteBrowser(DriverFactory.java:220)
	at com.kms.katalon.core.webui.driver.DriverFactory.openWebDriver(DriverFactory.java:160)
	at com.kms.katalon.core.webui.keyword.builtin.OpenBrowserKeyword$_openBrowser_closure1.doCall(OpenBrowserKeyword.groovy:40)
	at com.kms.katalon.core.webui.keyword.builtin.OpenBrowserKeyword$_openBrowser_closure1.call(OpenBrowserKeyword.groovy)
	at com.kms.katalon.core.webui.keyword.internal.WebUIKeywordMain.runKeyword(WebUIKeywordMain.groovy:35)
	at com.kms.katalon.core.webui.keyword.builtin.OpenBrowserKeyword.openBrowser(OpenBrowserKeyword.groovy:47)
	at com.kms.katalon.core.webui.keyword.builtin.OpenBrowserKeyword.execute(OpenBrowserKeyword.groovy:33)
	at com.kms.katalon.core.keyword.internal.KeywordExecutor.executeKeywordForPlatform(KeywordExecutor.groovy:64)
	at com.kms.katalon.core.webui.keyword.WebUiBuiltInKeywords.openBrowser(WebUiBuiltInKeywords.groovy:62)
	at Script1752058612487.run(Script1752058612487.groovy:20)
	... 15 more
Caused by: org.openqa.selenium.TimeoutException: java.util.concurrent.TimeoutException
Build info: version: &amp;apos;4.28.1&amp;apos;, revision: &amp;apos;73f5ad48a2&amp;apos;
System info: os.name: &amp;apos;Windows 11&amp;apos;, os.arch: &amp;apos;amd64&amp;apos;, os.version: &amp;apos;10.0&amp;apos;, java.version: &amp;apos;17.0.14&amp;apos;
Driver info: driver.version: CRemoteWebDriver
	at org.openqa.selenium.remote.http.jdk.JdkHttpClient.execute(JdkHttpClient.java:424)
	at org.openqa.selenium.remote.ProtocolHandshake.createSession(ProtocolHandshake.java:89)
	at org.openqa.selenium.remote.ProtocolHandshake.createSession(ProtocolHandshake.java:75)
	at org.openqa.selenium.remote.ProtocolHandshake.createSession(ProtocolHandshake.java:61)
	at org.openqa.selenium.remote.HttpCommandExecutor.execute(HttpCommandExecutor.java:187)
	at org.openqa.selenium.remote.RemoteWebDriver.execute(RemoteWebDriver.java:545)
	... 29 more
Caused by: java.util.concurrent.TimeoutException
)</message>
  <nestedLevel>1</nestedLevel>
  <escapedJava>false</escapedJava>
  <property name="failed.exception.class">java.util.concurrent.TimeoutException</property>
  <property name="failed.exception.stacktrace">java.util.concurrent.TimeoutException
</property>
  <property name="failed.exception.message">null</property>
</record>
<record>
  <date>2025-07-28T05:23:29.449341100Z</date>
  <millis>1753680209449</millis>
  <nanos>341100</nanos>
  <sequence>55</sequence>
  <level>END</level>
  <class>com.kms.katalon.core.logging.XmlKeywordLogger</class>
  <method>endKeyword</method>
  <thread>1</thread>
  <message>End action : openBrowser(&amp;quot;&amp;quot;)</message>
  <nestedLevel>1</nestedLevel>
  <escapedJava>false</escapedJava>
</record>
<record>
  <date>2025-07-28T05:23:29.449341100Z</date>
  <millis>1753680209449</millis>
  <nanos>341100</nanos>
  <sequence>60</sequence>
  <level>FAILED</level>
  <class>com.kms.katalon.core.logging.XmlKeywordLogger</class>
  <method>logMessage</method>
  <thread>1</thread>
  <message>Test Cases/AdminSection FAILED.
Reason:
com.kms.katalon.core.exception.StepFailedException: Unable to open browser with url: &amp;apos;&amp;apos;
	at com.kms.katalon.core.webui.keyword.internal.WebUIKeywordMain.stepFailed(WebUIKeywordMain.groovy:118)
	at com.kms.katalon.core.webui.keyword.internal.WebUIKeywordMain.runKeyword(WebUIKeywordMain.groovy:43)
	at com.kms.katalon.core.webui.keyword.builtin.OpenBrowserKeyword.openBrowser(OpenBrowserKeyword.groovy:47)
	at com.kms.katalon.core.webui.keyword.builtin.OpenBrowserKeyword.execute(OpenBrowserKeyword.groovy:33)
	at com.kms.katalon.core.keyword.internal.KeywordExecutor.executeKeywordForPlatform(KeywordExecutor.groovy:64)
	at com.kms.katalon.core.webui.keyword.WebUiBuiltInKeywords.openBrowser(WebUiBuiltInKeywords.groovy:62)
	at AdminSection.run(AdminSection:20)
	at com.kms.katalon.core.main.ScriptEngine.run(ScriptEngine.java:194)
	at com.kms.katalon.core.main.ScriptEngine.runScriptAsRawText(ScriptEngine.java:119)
	at com.kms.katalon.core.main.TestCaseExecutor.runScript(TestCaseExecutor.java:485)
	at com.kms.katalon.core.main.TestCaseExecutor.doExecute(TestCaseExecutor.java:476)
	at com.kms.katalon.core.main.TestCaseExecutor.processExecutionPhase(TestCaseExecutor.java:455)
	at com.kms.katalon.core.main.TestCaseExecutor.accessMainPhase(TestCaseExecutor.java:447)
	at com.kms.katalon.core.main.TestCaseExecutor.execute(TestCaseExecutor.java:321)
	at com.kms.katalon.core.common.CommonExecutor.accessTestCaseMainPhase(CommonExecutor.java:71)
	at com.kms.katalon.core.main.TestSuiteExecutor.accessTestSuiteMainPhase(TestSuiteExecutor.java:160)
	at com.kms.katalon.core.main.TestSuiteExecutor.execute(TestSuiteExecutor.java:107)
	at com.kms.katalon.core.main.TestCaseMain.startTestSuite(TestCaseMain.java:195)
	at TempTestSuite1753679840951.run(TempTestSuite1753679840951.groovy:35)
	at java.base/jdk.internal.reflect.NativeMethodAccessorImpl.invoke0(Native Method)
	at java.base/jdk.internal.reflect.NativeMethodAccessorImpl.invoke(NativeMethodAccessorImpl.java:77)
	at java.base/jdk.internal.reflect.DelegatingMethodAccessorImpl.invoke(DelegatingMethodAccessorImpl.java:43)
Caused by: org.openqa.selenium.SessionNotCreatedException: Could not start a new session. Possible causes are invalid address of the remote server or browser start-up failure. 
Host info: host: &amp;apos;SANTHOSH&amp;apos;, ip: &amp;apos;192.168.29.137&amp;apos;
	at org.openqa.selenium.remote.RemoteWebDriver.execute(RemoteWebDriver.java:563)
	at org.openqa.selenium.remote.RemoteWebDriver.startSession(RemoteWebDriver.java:245)
	at org.openqa.selenium.remote.RemoteWebDriver.&amp;lt;init&amp;gt;(RemoteWebDriver.java:174)
	at com.kms.katalon.selenium.driver.CRemoteWebDriver.&amp;lt;init&amp;gt;(CRemoteWebDriver.java:46)
	at com.kms.katalon.core.webui.driver.remote.GenericRemoteDriverBuilder.build(GenericRemoteDriverBuilder.java:69)
	at com.kms.katalon.core.webui.driver.DriverFactory.startRemoteBrowser(DriverFactory.java:220)
	at com.kms.katalon.core.webui.driver.DriverFactory.openWebDriver(DriverFactory.java:160)
	at com.kms.katalon.core.webui.keyword.builtin.OpenBrowserKeyword$_openBrowser_closure1.doCall(OpenBrowserKeyword.groovy:40)
	at com.kms.katalon.core.webui.keyword.builtin.OpenBrowserKeyword$_openBrowser_closure1.call(OpenBrowserKeyword.groovy)
	at com.kms.katalon.core.webui.keyword.internal.WebUIKeywordMain.runKeyword(WebUIKeywordMain.groovy:35)
	at com.kms.katalon.core.webui.keyword.builtin.OpenBrowserKeyword.openBrowser(OpenBrowserKeyword.groovy:47)
	at com.kms.katalon.core.webui.keyword.builtin.OpenBrowserKeyword.execute(OpenBrowserKeyword.groovy:33)
	at com.kms.katalon.core.keyword.internal.KeywordExecutor.executeKeywordForPlatform(KeywordExecutor.groovy:64)
	at com.kms.katalon.core.webui.keyword.WebUiBuiltInKeywords.openBrowser(WebUiBuiltInKeywords.groovy:62)
	at Script1752058612487.run(Script1752058612487.groovy:20)
	... 15 more
Caused by: org.openqa.selenium.TimeoutException: java.util.concurrent.TimeoutException
Build info: version: &amp;apos;4.28.1&amp;apos;, revision: &amp;apos;73f5ad48a2&amp;apos;
System info: os.name: &amp;apos;Windows 11&amp;apos;, os.arch: &amp;apos;amd64&amp;apos;, os.version: &amp;apos;10.0&amp;apos;, java.version: &amp;apos;17.0.14&amp;apos;
Driver info: driver.version: CRemoteWebDriver
	at org.openqa.selenium.remote.http.jdk.JdkHttpClient.execute(JdkHttpClient.java:424)
	at org.openqa.selenium.remote.ProtocolHandshake.createSession(ProtocolHandshake.java:89)
	at org.openqa.selenium.remote.ProtocolHandshake.createSession(ProtocolHandshake.java:75)
	at org.openqa.selenium.remote.ProtocolHandshake.createSession(ProtocolHandshake.java:61)
	at org.openqa.selenium.remote.HttpCommandExecutor.execute(HttpCommandExecutor.java:187)
	at org.openqa.selenium.remote.RemoteWebDriver.execute(RemoteWebDriver.java:545)
	... 29 more
Caused by: java.util.concurrent.TimeoutException
</message>
  <exception>
    <message>com.kms.katalon.core.exception.StepFailedException: Unable to open browser with url: ''</message>
    <frame>
      <class>com.kms.katalon.core.logging.XmlKeywordLogger</class>
      <method>logMessage</method>
      <line>500</line>
    </frame>
    <frame>
      <class>com.kms.katalon.core.logging.KeywordLogger</class>
      <method>logMessage</method>
      <line>439</line>
    </frame>
    <frame>
      <class>com.kms.katalon.core.main.TestCaseExecutor</class>
      <method>logError</method>
      <line>593</line>
    </frame>
    <frame>
      <class>com.kms.katalon.core.main.TestCaseExecutor</class>
      <method>onExecutionError</method>
      <line>187</line>
    </frame>
    <frame>
      <class>com.kms.katalon.core.main.TestCaseExecutor</class>
      <method>processExecutionPhase</method>
      <line>465</line>
    </frame>
    <frame>
      <class>com.kms.katalon.core.main.TestCaseExecutor</class>
      <method>accessMainPhase</method>
      <line>447</line>
    </frame>
    <frame>
      <class>com.kms.katalon.core.main.TestCaseExecutor</class>
      <method>execute</method>
      <line>321</line>
    </frame>
    <frame>
      <class>com.kms.katalon.core.common.CommonExecutor</class>
      <method>accessTestCaseMainPhase</method>
      <line>71</line>
    </frame>
    <frame>
      <class>com.kms.katalon.core.main.TestSuiteExecutor</class>
      <method>accessTestSuiteMainPhase</method>
      <line>160</line>
    </frame>
    <frame>
      <class>com.kms.katalon.core.main.TestSuiteExecutor</class>
      <method>execute</method>
      <line>107</line>
    </frame>
    <frame>
      <class>com.kms.katalon.core.main.TestCaseMain</class>
      <method>startTestSuite</method>
      <line>195</line>
    </frame>
    <frame>
      <class>org.codehaus.groovy.vmplugin.v8.IndyInterface</class>
      <method>fromCache</method>
      <line>318</line>
    </frame>
    <frame>
      <class>TempTestSuite1753679840951</class>
      <method>run</method>
      <line>35</line>
    </frame>
    <frame>
      <class>groovy.lang.GroovyShell</class>
      <method>runScriptOrMainOrTestOrRunnable</method>
      <line>254</line>
    </frame>
    <frame>
      <class>groovy.lang.GroovyShell</class>
      <method>run</method>
      <line>360</line>
    </frame>
    <frame>
      <class>groovy.lang.GroovyShell</class>
      <method>run</method>
      <line>349</line>
    </frame>
    <frame>
      <class>groovy.ui.GroovyMain</class>
      <method>processOnce</method>
      <line>652</line>
    </frame>
    <frame>
      <class>groovy.ui.GroovyMain</class>
      <method>run</method>
      <line>398</line>
    </frame>
    <frame>
      <class>groovy.ui.GroovyMain</class>
      <method>access$1400</method>
      <line>68</line>
    </frame>
    <frame>
      <class>groovy.ui.GroovyMain$GroovyCommand</class>
      <method>process</method>
      <line>322</line>
    </frame>
    <frame>
      <class>groovy.ui.GroovyMain</class>
      <method>processArgs</method>
      <line>142</line>
    </frame>
    <frame>
      <class>groovy.ui.GroovyMain</class>
      <method>main</method>
      <line>115</line>
    </frame>
    <frame>
      <class>jdk.internal.reflect.NativeMethodAccessorImpl</class>
      <method>invoke0</method>
    </frame>
    <frame>
      <class>jdk.internal.reflect.NativeMethodAccessorImpl</class>
      <method>invoke</method>
      <line>77</line>
    </frame>
    <frame>
      <class>jdk.internal.reflect.DelegatingMethodAccessorImpl</class>
      <method>invoke</method>
      <line>43</line>
    </frame>
    <frame>
      <class>java.lang.reflect.Method</class>
      <method>invoke</method>
      <line>569</line>
    </frame>
    <frame>
      <class>org.codehaus.groovy.tools.GroovyStarter</class>
      <method>rootLoader</method>
      <line>117</line>
    </frame>
    <frame>
      <class>org.codehaus.groovy.tools.GroovyStarter</class>
      <method>main</method>
      <line>39</line>
    </frame>
  </exception>
  <nestedLevel>0</nestedLevel>
  <escapedJava>false</escapedJava>
  <property name="failed.exception.stacktrace">java.util.concurrent.TimeoutException
</property>
  <property name="failed.exception.class">java.util.concurrent.TimeoutException</property>
  <property name="failed.exception.message">null</property>
</record>
<record>
  <date>2025-07-28T05:23:29.460537600Z</date>
  <millis>1753680209460</millis>
  <nanos>537600</nanos>
  <sequence>62</sequence>
  <level>END</level>
  <class>com.kms.katalon.core.logging.XmlKeywordLogger</class>
  <method>endTest</method>
  <thread>1</thread>
  <message>End Test Case : Test Cases/AdminSection</message>
  <nestedLevel>0</nestedLevel>
  <escapedJava>false</escapedJava>
  <property name="executionBindingVariables">[]</property>
  <property name="applitools">false</property>
  <property name="keywordsUsage">{
  &quot;web_ui&quot;: true,
  &quot;web_service&quot;: false,
  &quot;cucumber&quot;: false,
  &quot;builtin&quot;: false,
  &quot;mobile&quot;: false,
  &quot;windows&quot;: false,
  &quot;testng&quot;: false
}</property>
</record>
<record>
  <date>2025-07-28T05:23:29.469120100Z</date>
  <millis>1753680209469</millis>
  <nanos>120100</nanos>
  <sequence>63</sequence>
  <level>START</level>
  <class>com.kms.katalon.core.logging.XmlKeywordLogger</class>
  <method>startTest</method>
  <thread>1</thread>
  <message>Start Test Case : Test Cases/TestCloud Sample</message>
  <nestedLevel>1</nestedLevel>
  <escapedJava>false</escapedJava>
  <property name="name">Test Cases/TestCloud Sample</property>
  <property name="description"></property>
  <property name="iteration"></property>
  <property name="id">Test Cases/TestCloud Sample</property>
  <property name="source">C:\Users\santh\git\RegressionSuite\Test Cases\TestCloud Sample.tc</property>
  <property name="tag"></property>
  <property name="isOptional">false</property>
</record>
<record>
  <date>2025-07-28T05:23:29.685509900Z</date>
  <millis>1753680209685</millis>
  <nanos>509900</nanos>
  <sequence>65</sequence>
  <level>START</level>
  <class>com.kms.katalon.core.logging.XmlKeywordLogger</class>
  <method>startKeyword</method>
  <thread>1</thread>
  <message>Start action : try</message>
  <nestedLevel>1</nestedLevel>
  <escapedJava>false</escapedJava>
  <property name="startLine">20</property>
  <property name="stepIndex">1</property>
</record>
<record>
  <date>2025-07-28T05:23:29.688036Z</date>
  <millis>1753680209688</millis>
  <nanos>36000</nanos>
  <sequence>66</sequence>
  <level>START</level>
  <class>com.kms.katalon.core.logging.XmlKeywordLogger</class>
  <method>startKeyword</method>
  <thread>1</thread>
  <message>Start action : openBrowser(&amp;quot;&amp;quot;)</message>
  <nestedLevel>2</nestedLevel>
  <escapedJava>false</escapedJava>
  <property name="startLine">21</property>
  <property name="stepIndex">1</property>
</record>
<record>
  <date>2025-07-28T05:23:29.696128200Z</date>
  <millis>1753680209696</millis>
  <nanos>128200</nanos>
  <sequence>68</sequence>
  <level>INFO</level>
  <class>com.kms.katalon.core.logging.XmlKeywordLogger</class>
  <method>logMessage</method>
  <thread>1</thread>
  <message>User set preference: [&amp;apos;browserVersion&amp;apos;, &amp;apos;134&amp;apos;]</message>
  <nestedLevel>1</nestedLevel>
  <escapedJava>false</escapedJava>
</record>
<record>
  <date>2025-07-28T05:23:29.696128200Z</date>
  <millis>1753680209696</millis>
  <nanos>128200</nanos>
  <sequence>69</sequence>
  <level>INFO</level>
  <class>com.kms.katalon.core.logging.XmlKeywordLogger</class>
  <method>logMessage</method>
  <thread>1</thread>
  <message>User set preference: [&amp;apos;browserName&amp;apos;, &amp;apos;chrome&amp;apos;]</message>
  <nestedLevel>1</nestedLevel>
  <escapedJava>false</escapedJava>
</record>
<record>
  <date>2025-07-28T05:23:29.696128200Z</date>
  <millis>1753680209696</millis>
  <nanos>128200</nanos>
  <sequence>70</sequence>
  <level>INFO</level>
  <class>com.kms.katalon.core.logging.XmlKeywordLogger</class>
  <method>logMessage</method>
  <thread>1</thread>
  <message>User set preference: [&amp;apos;platformName&amp;apos;, &amp;apos;windows&amp;apos;]</message>
  <nestedLevel>1</nestedLevel>
  <escapedJava>false</escapedJava>
</record>
<record>
  <date>2025-07-28T05:23:29.696128200Z</date>
  <millis>1753680209696</millis>
  <nanos>128200</nanos>
  <sequence>71</sequence>
  <level>INFO</level>
  <class>com.kms.katalon.core.logging.XmlKeywordLogger</class>
  <method>logMessage</method>
  <thread>1</thread>
  <message>User set preference: [&amp;apos;katalon:options&amp;apos;, &amp;apos;{metadata={organizationId=2293188, accountId=1532955, channel=kse;v=10.2.3, projectId=2256648}, executionMode=queue, usingTunnel=false}&amp;apos;]</message>
  <nestedLevel>1</nestedLevel>
  <escapedJava>false</escapedJava>
</record>
<record>
  <date>2025-07-28T05:23:29.700133500Z</date>
  <millis>1753680209700</millis>
  <nanos>133500</nanos>
  <sequence>72</sequence>
  <level>INFO</level>
  <class>com.kms.katalon.core.logging.XmlKeywordLogger</class>
  <method>logMessage</method>
  <thread>1</thread>
  <message>Connecting to remote web server &amp;apos;testcloud.katalon.com/hub&amp;apos; with type &amp;apos;Selenium&amp;apos;</message>
  <nestedLevel>1</nestedLevel>
  <escapedJava>false</escapedJava>
</record>
<record>
  <date>2025-07-28T05:23:29.714480900Z</date>
  <millis>1753680209714</millis>
  <nanos>480900</nanos>
  <sequence>73</sequence>
  <level>INFO</level>
  <class>com.kms.katalon.core.logging.XmlKeywordLogger</class>
  <method>logMessage</method>
  <thread>1</thread>
  <message>Action delay is set to 0 milliseconds</message>
  <nestedLevel>1</nestedLevel>
  <escapedJava>false</escapedJava>
</record>
<record>
  <date>2025-07-28T05:26:29.739423500Z</date>
  <millis>1753680389739</millis>
  <nanos>423500</nanos>
  <sequence>79</sequence>
  <level>FAILED</level>
  <class>com.kms.katalon.core.logging.XmlKeywordLogger</class>
  <method>logMessage</method>
  <thread>1</thread>
  <message>Unable to open browser with url: &amp;apos;&amp;apos; (Root cause: com.kms.katalon.core.exception.StepFailedException: Unable to open browser with url: &amp;apos;&amp;apos;
	at com.kms.katalon.core.webui.keyword.internal.WebUIKeywordMain.stepFailed(WebUIKeywordMain.groovy:118)
	at com.kms.katalon.core.webui.keyword.internal.WebUIKeywordMain.runKeyword(WebUIKeywordMain.groovy:43)
	at com.kms.katalon.core.webui.keyword.builtin.OpenBrowserKeyword.openBrowser(OpenBrowserKeyword.groovy:47)
	at com.kms.katalon.core.webui.keyword.builtin.OpenBrowserKeyword.execute(OpenBrowserKeyword.groovy:33)
	at com.kms.katalon.core.keyword.internal.KeywordExecutor.executeKeywordForPlatform(KeywordExecutor.groovy:64)
	at com.kms.katalon.core.webui.keyword.WebUiBuiltInKeywords.openBrowser(WebUiBuiltInKeywords.groovy:62)
	at TestCloud Sample.run(TestCloud Sample:21)
	at com.kms.katalon.core.main.ScriptEngine.run(ScriptEngine.java:194)
	at com.kms.katalon.core.main.ScriptEngine.runScriptAsRawText(ScriptEngine.java:119)
	at com.kms.katalon.core.main.TestCaseExecutor.runScript(TestCaseExecutor.java:485)
	at com.kms.katalon.core.main.TestCaseExecutor.doExecute(TestCaseExecutor.java:476)
	at com.kms.katalon.core.main.TestCaseExecutor.processExecutionPhase(TestCaseExecutor.java:455)
	at com.kms.katalon.core.main.TestCaseExecutor.accessMainPhase(TestCaseExecutor.java:447)
	at com.kms.katalon.core.main.TestCaseExecutor.execute(TestCaseExecutor.java:321)
	at com.kms.katalon.core.common.CommonExecutor.accessTestCaseMainPhase(CommonExecutor.java:71)
	at com.kms.katalon.core.main.TestSuiteExecutor.accessTestSuiteMainPhase(TestSuiteExecutor.java:160)
	at com.kms.katalon.core.main.TestSuiteExecutor.execute(TestSuiteExecutor.java:107)
	at com.kms.katalon.core.main.TestCaseMain.startTestSuite(TestCaseMain.java:195)
	at TempTestSuite1753679840951.run(TempTestSuite1753679840951.groovy:35)
	at java.base/jdk.internal.reflect.NativeMethodAccessorImpl.invoke0(Native Method)
	at java.base/jdk.internal.reflect.NativeMethodAccessorImpl.invoke(NativeMethodAccessorImpl.java:77)
	at java.base/jdk.internal.reflect.DelegatingMethodAccessorImpl.invoke(DelegatingMethodAccessorImpl.java:43)
Caused by: org.openqa.selenium.SessionNotCreatedException: Could not start a new session. Possible causes are invalid address of the remote server or browser start-up failure. 
Host info: host: &amp;apos;SANTHOSH&amp;apos;, ip: &amp;apos;192.168.29.137&amp;apos;
	at org.openqa.selenium.remote.RemoteWebDriver.execute(RemoteWebDriver.java:563)
	at org.openqa.selenium.remote.RemoteWebDriver.startSession(RemoteWebDriver.java:245)
	at org.openqa.selenium.remote.RemoteWebDriver.&amp;lt;init&amp;gt;(RemoteWebDriver.java:174)
	at com.kms.katalon.selenium.driver.CRemoteWebDriver.&amp;lt;init&amp;gt;(CRemoteWebDriver.java:46)
	at com.kms.katalon.core.webui.driver.remote.GenericRemoteDriverBuilder.build(GenericRemoteDriverBuilder.java:69)
	at com.kms.katalon.core.webui.driver.DriverFactory.startRemoteBrowser(DriverFactory.java:220)
	at com.kms.katalon.core.webui.driver.DriverFactory.openWebDriver(DriverFactory.java:160)
	at com.kms.katalon.core.webui.keyword.builtin.OpenBrowserKeyword$_openBrowser_closure1.doCall(OpenBrowserKeyword.groovy:40)
	at com.kms.katalon.core.webui.keyword.builtin.OpenBrowserKeyword$_openBrowser_closure1.call(OpenBrowserKeyword.groovy)
	at com.kms.katalon.core.webui.keyword.internal.WebUIKeywordMain.runKeyword(WebUIKeywordMain.groovy:35)
	at com.kms.katalon.core.webui.keyword.builtin.OpenBrowserKeyword.openBrowser(OpenBrowserKeyword.groovy:47)
	at com.kms.katalon.core.webui.keyword.builtin.OpenBrowserKeyword.execute(OpenBrowserKeyword.groovy:33)
	at com.kms.katalon.core.keyword.internal.KeywordExecutor.executeKeywordForPlatform(KeywordExecutor.groovy:64)
	at com.kms.katalon.core.webui.keyword.WebUiBuiltInKeywords.openBrowser(WebUiBuiltInKeywords.groovy:62)
	at Script1753190037592.run(Script1753190037592.groovy:21)
	... 15 more
Caused by: org.openqa.selenium.TimeoutException: java.util.concurrent.TimeoutException
Build info: version: &amp;apos;4.28.1&amp;apos;, revision: &amp;apos;73f5ad48a2&amp;apos;
System info: os.name: &amp;apos;Windows 11&amp;apos;, os.arch: &amp;apos;amd64&amp;apos;, os.version: &amp;apos;10.0&amp;apos;, java.version: &amp;apos;17.0.14&amp;apos;
Driver info: driver.version: CRemoteWebDriver
	at org.openqa.selenium.remote.http.jdk.JdkHttpClient.execute(JdkHttpClient.java:424)
	at org.openqa.selenium.remote.ProtocolHandshake.createSession(ProtocolHandshake.java:89)
	at org.openqa.selenium.remote.ProtocolHandshake.createSession(ProtocolHandshake.java:75)
	at org.openqa.selenium.remote.ProtocolHandshake.createSession(ProtocolHandshake.java:61)
	at org.openqa.selenium.remote.HttpCommandExecutor.execute(HttpCommandExecutor.java:187)
	at org.openqa.selenium.remote.RemoteWebDriver.execute(RemoteWebDriver.java:545)
	... 29 more
Caused by: java.util.concurrent.TimeoutException
)</message>
  <nestedLevel>1</nestedLevel>
  <escapedJava>false</escapedJava>
  <property name="failed.exception.class">java.util.concurrent.TimeoutException</property>
  <property name="failed.exception.stacktrace">java.util.concurrent.TimeoutException
</property>
  <property name="failed.exception.message">null</property>
</record>
<record>
  <date>2025-07-28T05:26:29.745077500Z</date>
  <millis>1753680389745</millis>
  <nanos>77500</nanos>
  <sequence>80</sequence>
  <level>END</level>
  <class>com.kms.katalon.core.logging.XmlKeywordLogger</class>
  <method>endKeyword</method>
  <thread>1</thread>
  <message>End action : openBrowser(&amp;quot;&amp;quot;)</message>
  <nestedLevel>2</nestedLevel>
  <escapedJava>false</escapedJava>
</record>
<record>
  <date>2025-07-28T05:26:29.749368400Z</date>
  <millis>1753680389749</millis>
  <nanos>368400</nanos>
  <sequence>81</sequence>
  <level>END</level>
  <class>com.kms.katalon.core.logging.XmlKeywordLogger</class>
  <method>endKeyword</method>
  <thread>1</thread>
  <message>End action : try</message>
  <nestedLevel>1</nestedLevel>
  <escapedJava>false</escapedJava>
</record>
<record>
  <date>2025-07-28T05:26:29.750333900Z</date>
  <millis>1753680389750</millis>
  <nanos>333900</nanos>
  <sequence>82</sequence>
  <level>START</level>
  <class>com.kms.katalon.core.logging.XmlKeywordLogger</class>
  <method>startKeyword</method>
  <thread>1</thread>
  <message>Start action : catch (Exception e)</message>
  <nestedLevel>1</nestedLevel>
  <escapedJava>false</escapedJava>
  <property name="startLine">27</property>
  <property name="stepIndex">2</property>
</record>
<record>
  <date>2025-07-28T05:26:29.750333900Z</date>
  <millis>1753680389750</millis>
  <nanos>333900</nanos>
  <sequence>83</sequence>
  <level>START</level>
  <class>com.kms.katalon.core.logging.XmlKeywordLogger</class>
  <method>startKeyword</method>
  <thread>1</thread>
  <message>Start action : comment(&amp;quot;Failed to open browser: &amp;quot; + e.getMessage())</message>
  <nestedLevel>2</nestedLevel>
  <escapedJava>false</escapedJava>
  <property name="startLine">28</property>
  <property name="stepIndex">1</property>
</record>
<record>
  <date>2025-07-28T05:26:29.910898800Z</date>
  <millis>1753680389910</millis>
  <nanos>898800</nanos>
  <sequence>84</sequence>
  <level>INFO</level>
  <class>com.kms.katalon.core.logging.XmlKeywordLogger</class>
  <method>logMessage</method>
  <thread>1</thread>
  <message>Failed to open browser: Unable to open browser with url: &amp;apos;&amp;apos;</message>
  <nestedLevel>1</nestedLevel>
  <escapedJava>false</escapedJava>
</record>
<record>
  <date>2025-07-28T05:26:29.910898800Z</date>
  <millis>1753680389910</millis>
  <nanos>898800</nanos>
  <sequence>85</sequence>
  <level>END</level>
  <class>com.kms.katalon.core.logging.XmlKeywordLogger</class>
  <method>endKeyword</method>
  <thread>1</thread>
  <message>End action : comment(&amp;quot;Failed to open browser: &amp;quot; + e.getMessage())</message>
  <nestedLevel>2</nestedLevel>
  <escapedJava>false</escapedJava>
</record>
<record>
  <date>2025-07-28T05:26:29.910898800Z</date>
  <millis>1753680389910</millis>
  <nanos>898800</nanos>
  <sequence>86</sequence>
  <level>END</level>
  <class>com.kms.katalon.core.logging.XmlKeywordLogger</class>
  <method>endKeyword</method>
  <thread>1</thread>
  <message>End action : catch (Exception e)</message>
  <nestedLevel>1</nestedLevel>
  <escapedJava>false</escapedJava>
</record>
<record>
  <date>2025-07-28T05:26:29.920785200Z</date>
  <millis>1753680389920</millis>
  <nanos>785200</nanos>
  <sequence>87</sequence>
  <level>START</level>
  <class>com.kms.katalon.core.logging.XmlKeywordLogger</class>
  <method>startKeyword</method>
  <thread>1</thread>
  <message>Start action : click(findTestObject(&amp;quot;Object Repository/Page_CURA Healthcare Service/a_Make Appointment&amp;quot;))</message>
  <nestedLevel>1</nestedLevel>
  <escapedJava>false</escapedJava>
  <property name="startLine">31</property>
  <property name="stepIndex">4</property>
</record>
<record>
  <date>2025-07-28T05:26:30.123822Z</date>
  <millis>1753680390123</millis>
  <nanos>822000</nanos>
  <sequence>93</sequence>
  <level>WARNING</level>
  <class>com.kms.katalon.core.logging.XmlKeywordLogger</class>
  <method>logMessage</method>
  <thread>1</thread>
  <message>[SELF-HEALING] Failed to find element with id &amp;apos;Object Repository/Page_CURA Healthcare Service/a_Make Appointment&amp;apos;. Try using Self-healing.</message>
  <nestedLevel>1</nestedLevel>
  <escapedJava>false</escapedJava>
</record>
<record>
  <date>2025-07-28T05:26:30.161474800Z</date>
  <millis>1753680390161</millis>
  <nanos>474800</nanos>
  <sequence>95</sequence>
  <level>WARNING</level>
  <class>com.kms.katalon.core.logging.XmlKeywordLogger</class>
  <method>logMessage</method>
  <thread>1</thread>
  <message>[SELF-HEALING] Browser is not opened
Build info: version: &amp;apos;4.28.1&amp;apos;, revision: &amp;apos;73f5ad48a2&amp;apos;
System info: os.name: &amp;apos;Windows 11&amp;apos;, os.arch: &amp;apos;amd64&amp;apos;, os.version: &amp;apos;10.0&amp;apos;, java.version: &amp;apos;17.0.14&amp;apos;
Driver info: driver.version: unknown</message>
  <nestedLevel>1</nestedLevel>
  <escapedJava>false</escapedJava>
  <property name="failed.exception.class">com.kms.katalon.core.webui.exception.BrowserNotOpenedException</property>
  <property name="failed.exception.stacktrace">com.kms.katalon.core.webui.exception.BrowserNotOpenedException: Browser is not opened
Build info: version: &apos;4.28.1&apos;, revision: &apos;73f5ad48a2&apos;
System info: os.name: &apos;Windows 11&apos;, os.arch: &apos;amd64&apos;, os.version: &apos;10.0&apos;, java.version: &apos;17.0.14&apos;
Driver info: driver.version: unknown
	at com.kms.katalon.core.webui.driver.DriverFactory.verifyWebDriverIsOpen(DriverFactory.java:587)
	at com.kms.katalon.core.webui.driver.DriverFactory.verifyWebDriver(DriverFactory.java:572)
	at com.kms.katalon.core.webui.driver.DriverFactory.getWebDriver(DriverFactory.java:546)
	at com.kms.katalon.core.webui.common.WebUiCommonHelper.findWebElementsWithSmartXPath(WebUiCommonHelper.java:1124)
	at com.kms.katalon.core.webui.common.WebUiCommonHelper.findElementsBySelectedMethod(WebUiCommonHelper.java:954)
	at com.kms.katalon.core.webui.common.WebUiCommonHelper.findElementsWithSelfHealing(WebUiCommonHelper.java:846)
	at com.kms.katalon.core.webui.common.WebUiCommonHelper.findWebElements(WebUiCommonHelper.java:758)
	at com.kms.katalon.core.webui.common.WebUiCommonHelper.findWebElement(WebUiCommonHelper.java:1448)
	at com.kms.katalon.core.webui.keyword.internal.WebUIAbstractKeyword.findWebElement(WebUIAbstractKeyword.groovy:27)
	at com.kms.katalon.core.webui.keyword.builtin.ClickKeyword$_click_closure1.doCall(ClickKeyword.groovy:66)
	at com.kms.katalon.core.webui.keyword.builtin.ClickKeyword$_click_closure1.call(ClickKeyword.groovy)
	at com.kms.katalon.core.webui.keyword.internal.WebUIKeywordMain.runKeyword(WebUIKeywordMain.groovy:35)
	at com.kms.katalon.core.webui.keyword.builtin.ClickKeyword.click(ClickKeyword.groovy:75)
	at com.kms.katalon.core.webui.keyword.builtin.ClickKeyword.execute(ClickKeyword.groovy:40)
	at com.kms.katalon.core.keyword.internal.KeywordExecutor.executeKeywordForPlatform(KeywordExecutor.groovy:64)
	at com.kms.katalon.core.webui.keyword.WebUiBuiltInKeywords.click(WebUiBuiltInKeywords.groovy:696)
	at TestCloud Sample.run(TestCloud Sample:31)
	at com.kms.katalon.core.main.ScriptEngine.run(ScriptEngine.java:194)
	at com.kms.katalon.core.main.ScriptEngine.runScriptAsRawText(ScriptEngine.java:119)
	at com.kms.katalon.core.main.TestCaseExecutor.runScript(TestCaseExecutor.java:485)
	at com.kms.katalon.core.main.TestCaseExecutor.doExecute(TestCaseExecutor.java:476)
	at com.kms.katalon.core.main.TestCaseExecutor.processExecutionPhase(TestCaseExecutor.java:455)
	at com.kms.katalon.core.main.TestCaseExecutor.accessMainPhase(TestCaseExecutor.java:447)
	at com.kms.katalon.core.main.TestCaseExecutor.execute(TestCaseExecutor.java:321)
	at com.kms.katalon.core.common.CommonExecutor.accessTestCaseMainPhase(CommonExecutor.java:71)
	at com.kms.katalon.core.main.TestSuiteExecutor.accessTestSuiteMainPhase(TestSuiteExecutor.java:160)
	at com.kms.katalon.core.main.TestSuiteExecutor.execute(TestSuiteExecutor.java:107)
	at com.kms.katalon.core.main.TestCaseMain.startTestSuite(TestCaseMain.java:195)
	at TempTestSuite1753679840951.run(TempTestSuite1753679840951.groovy:35)
	at java.base/jdk.internal.reflect.NativeMethodAccessorImpl.invoke0(Native Method)
	at java.base/jdk.internal.reflect.NativeMethodAccessorImpl.invoke(NativeMethodAccessorImpl.java:77)
	at java.base/jdk.internal.reflect.DelegatingMethodAccessorImpl.invoke(DelegatingMethodAccessorImpl.java:43)
</property>
  <property name="failed.exception.message">Browser is not opened
Build info: version: &apos;4.28.1&apos;, revision: &apos;73f5ad48a2&apos;
System info: os.name: &apos;Windows 11&apos;, os.arch: &apos;amd64&apos;, os.version: &apos;10.0&apos;, java.version: &apos;17.0.14&apos;
Driver info: driver.version: unknown</property>
</record>
<record>
  <date>2025-07-28T05:26:30.161474800Z</date>
  <millis>1753680390161</millis>
  <nanos>474800</nanos>
  <sequence>97</sequence>
  <level>WARNING</level>
  <class>com.kms.katalon.core.logging.XmlKeywordLogger</class>
  <method>logMessage</method>
  <thread>1</thread>
  <message>[SELF-HEALING] Browser is not opened
Build info: version: &amp;apos;4.28.1&amp;apos;, revision: &amp;apos;73f5ad48a2&amp;apos;
System info: os.name: &amp;apos;Windows 11&amp;apos;, os.arch: &amp;apos;amd64&amp;apos;, os.version: &amp;apos;10.0&amp;apos;, java.version: &amp;apos;17.0.14&amp;apos;
Driver info: driver.version: unknown</message>
  <nestedLevel>1</nestedLevel>
  <escapedJava>false</escapedJava>
  <property name="failed.exception.class">com.kms.katalon.core.webui.exception.BrowserNotOpenedException</property>
  <property name="failed.exception.stacktrace">com.kms.katalon.core.webui.exception.BrowserNotOpenedException: Browser is not opened
Build info: version: &apos;4.28.1&apos;, revision: &apos;73f5ad48a2&apos;
System info: os.name: &apos;Windows 11&apos;, os.arch: &apos;amd64&apos;, os.version: &apos;10.0&apos;, java.version: &apos;17.0.14&apos;
Driver info: driver.version: unknown
	at com.kms.katalon.core.webui.driver.DriverFactory.verifyWebDriverIsOpen(DriverFactory.java:587)
	at com.kms.katalon.core.webui.driver.DriverFactory.verifyWebDriver(DriverFactory.java:572)
	at com.kms.katalon.core.webui.driver.DriverFactory.getWebDriver(DriverFactory.java:546)
	at com.kms.katalon.core.webui.common.WebUiCommonHelper.ableExecuteWithSmartLocator(WebUiCommonHelper.java:1549)
	at com.kms.katalon.core.webui.common.WebUiCommonHelper.findElementsBySelectedMethod(WebUiCommonHelper.java:959)
	at com.kms.katalon.core.webui.common.WebUiCommonHelper.findElementsWithSelfHealing(WebUiCommonHelper.java:846)
	at com.kms.katalon.core.webui.common.WebUiCommonHelper.findWebElements(WebUiCommonHelper.java:758)
	at com.kms.katalon.core.webui.common.WebUiCommonHelper.findWebElement(WebUiCommonHelper.java:1448)
	at com.kms.katalon.core.webui.keyword.internal.WebUIAbstractKeyword.findWebElement(WebUIAbstractKeyword.groovy:27)
	at com.kms.katalon.core.webui.keyword.builtin.ClickKeyword$_click_closure1.doCall(ClickKeyword.groovy:66)
	at com.kms.katalon.core.webui.keyword.builtin.ClickKeyword$_click_closure1.call(ClickKeyword.groovy)
	at com.kms.katalon.core.webui.keyword.internal.WebUIKeywordMain.runKeyword(WebUIKeywordMain.groovy:35)
	at com.kms.katalon.core.webui.keyword.builtin.ClickKeyword.click(ClickKeyword.groovy:75)
	at com.kms.katalon.core.webui.keyword.builtin.ClickKeyword.execute(ClickKeyword.groovy:40)
	at com.kms.katalon.core.keyword.internal.KeywordExecutor.executeKeywordForPlatform(KeywordExecutor.groovy:64)
	at com.kms.katalon.core.webui.keyword.WebUiBuiltInKeywords.click(WebUiBuiltInKeywords.groovy:696)
	at TestCloud Sample.run(TestCloud Sample:31)
	at com.kms.katalon.core.main.ScriptEngine.run(ScriptEngine.java:194)
	at com.kms.katalon.core.main.ScriptEngine.runScriptAsRawText(ScriptEngine.java:119)
	at com.kms.katalon.core.main.TestCaseExecutor.runScript(TestCaseExecutor.java:485)
	at com.kms.katalon.core.main.TestCaseExecutor.doExecute(TestCaseExecutor.java:476)
	at com.kms.katalon.core.main.TestCaseExecutor.processExecutionPhase(TestCaseExecutor.java:455)
	at com.kms.katalon.core.main.TestCaseExecutor.accessMainPhase(TestCaseExecutor.java:447)
	at com.kms.katalon.core.main.TestCaseExecutor.execute(TestCaseExecutor.java:321)
	at com.kms.katalon.core.common.CommonExecutor.accessTestCaseMainPhase(CommonExecutor.java:71)
	at com.kms.katalon.core.main.TestSuiteExecutor.accessTestSuiteMainPhase(TestSuiteExecutor.java:160)
	at com.kms.katalon.core.main.TestSuiteExecutor.execute(TestSuiteExecutor.java:107)
	at com.kms.katalon.core.main.TestCaseMain.startTestSuite(TestCaseMain.java:195)
	at TempTestSuite1753679840951.run(TempTestSuite1753679840951.groovy:35)
	at java.base/jdk.internal.reflect.NativeMethodAccessorImpl.invoke0(Native Method)
	at java.base/jdk.internal.reflect.NativeMethodAccessorImpl.invoke(NativeMethodAccessorImpl.java:77)
	at java.base/jdk.internal.reflect.DelegatingMethodAccessorImpl.invoke(DelegatingMethodAccessorImpl.java:43)
</property>
  <property name="failed.exception.message">Browser is not opened
Build info: version: &apos;4.28.1&apos;, revision: &apos;73f5ad48a2&apos;
System info: os.name: &apos;Windows 11&apos;, os.arch: &apos;amd64&apos;, os.version: &apos;10.0&apos;, java.version: &apos;17.0.14&apos;
Driver info: driver.version: unknown</property>
</record>
<record>
  <date>2025-07-28T05:26:30.161474800Z</date>
  <millis>1753680390161</millis>
  <nanos>474800</nanos>
  <sequence>99</sequence>
  <level>WARNING</level>
  <class>com.kms.katalon.core.logging.XmlKeywordLogger</class>
  <method>logMessage</method>
  <thread>1</thread>
  <message>[SELF-HEALING] Browser is not opened
Build info: version: &amp;apos;4.28.1&amp;apos;, revision: &amp;apos;73f5ad48a2&amp;apos;
System info: os.name: &amp;apos;Windows 11&amp;apos;, os.arch: &amp;apos;amd64&amp;apos;, os.version: &amp;apos;10.0&amp;apos;, java.version: &amp;apos;17.0.14&amp;apos;
Driver info: driver.version: unknown</message>
  <nestedLevel>1</nestedLevel>
  <escapedJava>false</escapedJava>
  <property name="failed.exception.class">com.kms.katalon.core.webui.exception.BrowserNotOpenedException</property>
  <property name="failed.exception.stacktrace">com.kms.katalon.core.webui.exception.BrowserNotOpenedException: Browser is not opened
Build info: version: &apos;4.28.1&apos;, revision: &apos;73f5ad48a2&apos;
System info: os.name: &apos;Windows 11&apos;, os.arch: &apos;amd64&apos;, os.version: &apos;10.0&apos;, java.version: &apos;17.0.14&apos;
Driver info: driver.version: unknown
	at com.kms.katalon.core.webui.driver.DriverFactory.verifyWebDriverIsOpen(DriverFactory.java:587)
	at com.kms.katalon.core.webui.driver.DriverFactory.verifyWebDriver(DriverFactory.java:572)
	at com.kms.katalon.core.webui.driver.DriverFactory.getWebDriver(DriverFactory.java:546)
	at com.kms.katalon.core.webui.common.WebUiCommonHelper.findElementByNormalMethods(WebUiCommonHelper.java:1048)
	at com.kms.katalon.core.webui.common.WebUiCommonHelper.findElementsBySelectedMethod(WebUiCommonHelper.java:949)
	at com.kms.katalon.core.webui.common.WebUiCommonHelper.findElementsWithSelfHealing(WebUiCommonHelper.java:846)
	at com.kms.katalon.core.webui.common.WebUiCommonHelper.findWebElements(WebUiCommonHelper.java:758)
	at com.kms.katalon.core.webui.common.WebUiCommonHelper.findWebElement(WebUiCommonHelper.java:1448)
	at com.kms.katalon.core.webui.keyword.internal.WebUIAbstractKeyword.findWebElement(WebUIAbstractKeyword.groovy:27)
	at com.kms.katalon.core.webui.keyword.builtin.ClickKeyword$_click_closure1.doCall(ClickKeyword.groovy:66)
	at com.kms.katalon.core.webui.keyword.builtin.ClickKeyword$_click_closure1.call(ClickKeyword.groovy)
	at com.kms.katalon.core.webui.keyword.internal.WebUIKeywordMain.runKeyword(WebUIKeywordMain.groovy:35)
	at com.kms.katalon.core.webui.keyword.builtin.ClickKeyword.click(ClickKeyword.groovy:75)
	at com.kms.katalon.core.webui.keyword.builtin.ClickKeyword.execute(ClickKeyword.groovy:40)
	at com.kms.katalon.core.keyword.internal.KeywordExecutor.executeKeywordForPlatform(KeywordExecutor.groovy:64)
	at com.kms.katalon.core.webui.keyword.WebUiBuiltInKeywords.click(WebUiBuiltInKeywords.groovy:696)
	at TestCloud Sample.run(TestCloud Sample:31)
	at com.kms.katalon.core.main.ScriptEngine.run(ScriptEngine.java:194)
	at com.kms.katalon.core.main.ScriptEngine.runScriptAsRawText(ScriptEngine.java:119)
	at com.kms.katalon.core.main.TestCaseExecutor.runScript(TestCaseExecutor.java:485)
	at com.kms.katalon.core.main.TestCaseExecutor.doExecute(TestCaseExecutor.java:476)
	at com.kms.katalon.core.main.TestCaseExecutor.processExecutionPhase(TestCaseExecutor.java:455)
	at com.kms.katalon.core.main.TestCaseExecutor.accessMainPhase(TestCaseExecutor.java:447)
	at com.kms.katalon.core.main.TestCaseExecutor.execute(TestCaseExecutor.java:321)
	at com.kms.katalon.core.common.CommonExecutor.accessTestCaseMainPhase(CommonExecutor.java:71)
	at com.kms.katalon.core.main.TestSuiteExecutor.accessTestSuiteMainPhase(TestSuiteExecutor.java:160)
	at com.kms.katalon.core.main.TestSuiteExecutor.execute(TestSuiteExecutor.java:107)
	at com.kms.katalon.core.main.TestCaseMain.startTestSuite(TestCaseMain.java:195)
	at TempTestSuite1753679840951.run(TempTestSuite1753679840951.groovy:35)
	at java.base/jdk.internal.reflect.NativeMethodAccessorImpl.invoke0(Native Method)
	at java.base/jdk.internal.reflect.NativeMethodAccessorImpl.invoke(NativeMethodAccessorImpl.java:77)
	at java.base/jdk.internal.reflect.DelegatingMethodAccessorImpl.invoke(DelegatingMethodAccessorImpl.java:43)
</property>
  <property name="failed.exception.message">Browser is not opened
Build info: version: &apos;4.28.1&apos;, revision: &apos;73f5ad48a2&apos;
System info: os.name: &apos;Windows 11&apos;, os.arch: &apos;amd64&apos;, os.version: &apos;10.0&apos;, java.version: &apos;17.0.14&apos;
Driver info: driver.version: unknown</property>
</record>
<record>
  <date>2025-07-28T05:26:30.169581500Z</date>
  <millis>1753680390169</millis>
  <nanos>581500</nanos>
  <sequence>101</sequence>
  <level>WARNING</level>
  <class>com.kms.katalon.core.logging.XmlKeywordLogger</class>
  <method>logMessage</method>
  <thread>1</thread>
  <message>[SELF-HEALING] Browser is not opened
Build info: version: &amp;apos;4.28.1&amp;apos;, revision: &amp;apos;73f5ad48a2&amp;apos;
System info: os.name: &amp;apos;Windows 11&amp;apos;, os.arch: &amp;apos;amd64&amp;apos;, os.version: &amp;apos;10.0&amp;apos;, java.version: &amp;apos;17.0.14&amp;apos;
Driver info: driver.version: unknown</message>
  <nestedLevel>1</nestedLevel>
  <escapedJava>false</escapedJava>
  <property name="failed.exception.class">com.kms.katalon.core.webui.exception.BrowserNotOpenedException</property>
  <property name="failed.exception.stacktrace">com.kms.katalon.core.webui.exception.BrowserNotOpenedException: Browser is not opened
Build info: version: &apos;4.28.1&apos;, revision: &apos;73f5ad48a2&apos;
System info: os.name: &apos;Windows 11&apos;, os.arch: &apos;amd64&apos;, os.version: &apos;10.0&apos;, java.version: &apos;17.0.14&apos;
Driver info: driver.version: unknown
	at com.kms.katalon.core.webui.driver.DriverFactory.verifyWebDriverIsOpen(DriverFactory.java:587)
	at com.kms.katalon.core.webui.driver.DriverFactory.verifyWebDriver(DriverFactory.java:572)
	at com.kms.katalon.core.webui.driver.DriverFactory.getWebDriver(DriverFactory.java:546)
	at com.kms.katalon.core.webui.common.WebUiCommonHelper.findElementByNormalMethods(WebUiCommonHelper.java:1048)
	at com.kms.katalon.core.webui.common.WebUiCommonHelper.findElementsBySelectedMethod(WebUiCommonHelper.java:951)
	at com.kms.katalon.core.webui.common.WebUiCommonHelper.findElementsWithSelfHealing(WebUiCommonHelper.java:846)
	at com.kms.katalon.core.webui.common.WebUiCommonHelper.findWebElements(WebUiCommonHelper.java:758)
	at com.kms.katalon.core.webui.common.WebUiCommonHelper.findWebElement(WebUiCommonHelper.java:1448)
	at com.kms.katalon.core.webui.keyword.internal.WebUIAbstractKeyword.findWebElement(WebUIAbstractKeyword.groovy:27)
	at com.kms.katalon.core.webui.keyword.builtin.ClickKeyword$_click_closure1.doCall(ClickKeyword.groovy:66)
	at com.kms.katalon.core.webui.keyword.builtin.ClickKeyword$_click_closure1.call(ClickKeyword.groovy)
	at com.kms.katalon.core.webui.keyword.internal.WebUIKeywordMain.runKeyword(WebUIKeywordMain.groovy:35)
	at com.kms.katalon.core.webui.keyword.builtin.ClickKeyword.click(ClickKeyword.groovy:75)
	at com.kms.katalon.core.webui.keyword.builtin.ClickKeyword.execute(ClickKeyword.groovy:40)
	at com.kms.katalon.core.keyword.internal.KeywordExecutor.executeKeywordForPlatform(KeywordExecutor.groovy:64)
	at com.kms.katalon.core.webui.keyword.WebUiBuiltInKeywords.click(WebUiBuiltInKeywords.groovy:696)
	at TestCloud Sample.run(TestCloud Sample:31)
	at com.kms.katalon.core.main.ScriptEngine.run(ScriptEngine.java:194)
	at com.kms.katalon.core.main.ScriptEngine.runScriptAsRawText(ScriptEngine.java:119)
	at com.kms.katalon.core.main.TestCaseExecutor.runScript(TestCaseExecutor.java:485)
	at com.kms.katalon.core.main.TestCaseExecutor.doExecute(TestCaseExecutor.java:476)
	at com.kms.katalon.core.main.TestCaseExecutor.processExecutionPhase(TestCaseExecutor.java:455)
	at com.kms.katalon.core.main.TestCaseExecutor.accessMainPhase(TestCaseExecutor.java:447)
	at com.kms.katalon.core.main.TestCaseExecutor.execute(TestCaseExecutor.java:321)
	at com.kms.katalon.core.common.CommonExecutor.accessTestCaseMainPhase(CommonExecutor.java:71)
	at com.kms.katalon.core.main.TestSuiteExecutor.accessTestSuiteMainPhase(TestSuiteExecutor.java:160)
	at com.kms.katalon.core.main.TestSuiteExecutor.execute(TestSuiteExecutor.java:107)
	at com.kms.katalon.core.main.TestCaseMain.startTestSuite(TestCaseMain.java:195)
	at TempTestSuite1753679840951.run(TempTestSuite1753679840951.groovy:35)
	at java.base/jdk.internal.reflect.NativeMethodAccessorImpl.invoke0(Native Method)
	at java.base/jdk.internal.reflect.NativeMethodAccessorImpl.invoke(NativeMethodAccessorImpl.java:77)
	at java.base/jdk.internal.reflect.DelegatingMethodAccessorImpl.invoke(DelegatingMethodAccessorImpl.java:43)
</property>
  <property name="failed.exception.message">Browser is not opened
Build info: version: &apos;4.28.1&apos;, revision: &apos;73f5ad48a2&apos;
System info: os.name: &apos;Windows 11&apos;, os.arch: &apos;amd64&apos;, os.version: &apos;10.0&apos;, java.version: &apos;17.0.14&apos;
Driver info: driver.version: unknown</property>
</record>
<record>
  <date>2025-07-28T05:26:30.169581500Z</date>
  <millis>1753680390169</millis>
  <nanos>581500</nanos>
  <sequence>103</sequence>
  <level>WARNING</level>
  <class>com.kms.katalon.core.logging.XmlKeywordLogger</class>
  <method>logMessage</method>
  <thread>1</thread>
  <message>[SELF-HEALING] Browser is not opened
Build info: version: &amp;apos;4.28.1&amp;apos;, revision: &amp;apos;73f5ad48a2&amp;apos;
System info: os.name: &amp;apos;Windows 11&amp;apos;, os.arch: &amp;apos;amd64&amp;apos;, os.version: &amp;apos;10.0&amp;apos;, java.version: &amp;apos;17.0.14&amp;apos;
Driver info: driver.version: unknown</message>
  <nestedLevel>1</nestedLevel>
  <escapedJava>false</escapedJava>
  <property name="failed.exception.class">com.kms.katalon.core.webui.exception.BrowserNotOpenedException</property>
  <property name="failed.exception.stacktrace">com.kms.katalon.core.webui.exception.BrowserNotOpenedException: Browser is not opened
Build info: version: &apos;4.28.1&apos;, revision: &apos;73f5ad48a2&apos;
System info: os.name: &apos;Windows 11&apos;, os.arch: &apos;amd64&apos;, os.version: &apos;10.0&apos;, java.version: &apos;17.0.14&apos;
Driver info: driver.version: unknown
	at com.kms.katalon.core.webui.driver.DriverFactory.verifyWebDriverIsOpen(DriverFactory.java:587)
	at com.kms.katalon.core.webui.driver.DriverFactory.verifyWebDriver(DriverFactory.java:572)
	at com.kms.katalon.core.webui.driver.DriverFactory.getWebDriver(DriverFactory.java:546)
	at com.kms.katalon.core.webui.common.WebUiCommonHelper.findElementsByImage(WebUiCommonHelper.java:1175)
	at com.kms.katalon.core.webui.common.WebUiCommonHelper.findElementsBySelectedMethod(WebUiCommonHelper.java:957)
	at com.kms.katalon.core.webui.common.WebUiCommonHelper.findElementsWithSelfHealing(WebUiCommonHelper.java:846)
	at com.kms.katalon.core.webui.common.WebUiCommonHelper.findWebElements(WebUiCommonHelper.java:758)
	at com.kms.katalon.core.webui.common.WebUiCommonHelper.findWebElement(WebUiCommonHelper.java:1448)
	at com.kms.katalon.core.webui.keyword.internal.WebUIAbstractKeyword.findWebElement(WebUIAbstractKeyword.groovy:27)
	at com.kms.katalon.core.webui.keyword.builtin.ClickKeyword$_click_closure1.doCall(ClickKeyword.groovy:66)
	at com.kms.katalon.core.webui.keyword.builtin.ClickKeyword$_click_closure1.call(ClickKeyword.groovy)
	at com.kms.katalon.core.webui.keyword.internal.WebUIKeywordMain.runKeyword(WebUIKeywordMain.groovy:35)
	at com.kms.katalon.core.webui.keyword.builtin.ClickKeyword.click(ClickKeyword.groovy:75)
	at com.kms.katalon.core.webui.keyword.builtin.ClickKeyword.execute(ClickKeyword.groovy:40)
	at com.kms.katalon.core.keyword.internal.KeywordExecutor.executeKeywordForPlatform(KeywordExecutor.groovy:64)
	at com.kms.katalon.core.webui.keyword.WebUiBuiltInKeywords.click(WebUiBuiltInKeywords.groovy:696)
	at TestCloud Sample.run(TestCloud Sample:31)
	at com.kms.katalon.core.main.ScriptEngine.run(ScriptEngine.java:194)
	at com.kms.katalon.core.main.ScriptEngine.runScriptAsRawText(ScriptEngine.java:119)
	at com.kms.katalon.core.main.TestCaseExecutor.runScript(TestCaseExecutor.java:485)
	at com.kms.katalon.core.main.TestCaseExecutor.doExecute(TestCaseExecutor.java:476)
	at com.kms.katalon.core.main.TestCaseExecutor.processExecutionPhase(TestCaseExecutor.java:455)
	at com.kms.katalon.core.main.TestCaseExecutor.accessMainPhase(TestCaseExecutor.java:447)
	at com.kms.katalon.core.main.TestCaseExecutor.execute(TestCaseExecutor.java:321)
	at com.kms.katalon.core.common.CommonExecutor.accessTestCaseMainPhase(CommonExecutor.java:71)
	at com.kms.katalon.core.main.TestSuiteExecutor.accessTestSuiteMainPhase(TestSuiteExecutor.java:160)
	at com.kms.katalon.core.main.TestSuiteExecutor.execute(TestSuiteExecutor.java:107)
	at com.kms.katalon.core.main.TestCaseMain.startTestSuite(TestCaseMain.java:195)
	at TempTestSuite1753679840951.run(TempTestSuite1753679840951.groovy:35)
	at java.base/jdk.internal.reflect.NativeMethodAccessorImpl.invoke0(Native Method)
	at java.base/jdk.internal.reflect.NativeMethodAccessorImpl.invoke(NativeMethodAccessorImpl.java:77)
	at java.base/jdk.internal.reflect.DelegatingMethodAccessorImpl.invoke(DelegatingMethodAccessorImpl.java:43)
</property>
  <property name="failed.exception.message">Browser is not opened
Build info: version: &apos;4.28.1&apos;, revision: &apos;73f5ad48a2&apos;
System info: os.name: &apos;Windows 11&apos;, os.arch: &apos;amd64&apos;, os.version: &apos;10.0&apos;, java.version: &apos;17.0.14&apos;
Driver info: driver.version: unknown</property>
</record>
<record>
  <date>2025-07-28T05:26:30.169581500Z</date>
  <millis>1753680390169</millis>
  <nanos>581500</nanos>
  <sequence>105</sequence>
  <level>WARNING</level>
  <class>com.kms.katalon.core.logging.XmlKeywordLogger</class>
  <method>logMessage</method>
  <thread>1</thread>
  <message>Cannot take screenshot</message>
  <nestedLevel>1</nestedLevel>
  <escapedJava>false</escapedJava>
  <property name="failed.exception.class">com.kms.katalon.core.webui.exception.BrowserNotOpenedException</property>
  <property name="failed.exception.stacktrace">com.kms.katalon.core.webui.exception.BrowserNotOpenedException: Browser is not opened
Build info: version: &apos;4.28.1&apos;, revision: &apos;73f5ad48a2&apos;
System info: os.name: &apos;Windows 11&apos;, os.arch: &apos;amd64&apos;, os.version: &apos;10.0&apos;, java.version: &apos;17.0.14&apos;
Driver info: driver.version: unknown
	at com.kms.katalon.core.webui.driver.DriverFactory.verifyWebDriverIsOpen(DriverFactory.java:587)
	at com.kms.katalon.core.webui.driver.DriverFactory.verifyWebDriver(DriverFactory.java:572)
	at com.kms.katalon.core.webui.driver.DriverFactory.getWebDriver(DriverFactory.java:546)
	at com.kms.katalon.core.webui.helper.screenshot.WebUIScreenCaptor.take(WebUIScreenCaptor.java:26)
	at com.kms.katalon.core.helper.screenshot.ScreenCaptor.takeScreenshotAndGetAttributes(ScreenCaptor.java:38)
	at com.kms.katalon.core.webui.keyword.internal.WebUIKeywordMain.stepFailed(WebUIKeywordMain.groovy:118)
	at com.kms.katalon.core.webui.keyword.internal.WebUIKeywordMain.runKeyword(WebUIKeywordMain.groovy:43)
	at com.kms.katalon.core.webui.keyword.builtin.ClickKeyword.click(ClickKeyword.groovy:75)
	at com.kms.katalon.core.webui.keyword.builtin.ClickKeyword.execute(ClickKeyword.groovy:40)
	at com.kms.katalon.core.keyword.internal.KeywordExecutor.executeKeywordForPlatform(KeywordExecutor.groovy:64)
	at com.kms.katalon.core.webui.keyword.WebUiBuiltInKeywords.click(WebUiBuiltInKeywords.groovy:696)
	at TestCloud Sample.run(TestCloud Sample:31)
	at com.kms.katalon.core.main.ScriptEngine.run(ScriptEngine.java:194)
	at com.kms.katalon.core.main.ScriptEngine.runScriptAsRawText(ScriptEngine.java:119)
	at com.kms.katalon.core.main.TestCaseExecutor.runScript(TestCaseExecutor.java:485)
	at com.kms.katalon.core.main.TestCaseExecutor.doExecute(TestCaseExecutor.java:476)
	at com.kms.katalon.core.main.TestCaseExecutor.processExecutionPhase(TestCaseExecutor.java:455)
	at com.kms.katalon.core.main.TestCaseExecutor.accessMainPhase(TestCaseExecutor.java:447)
	at com.kms.katalon.core.main.TestCaseExecutor.execute(TestCaseExecutor.java:321)
	at com.kms.katalon.core.common.CommonExecutor.accessTestCaseMainPhase(CommonExecutor.java:71)
	at com.kms.katalon.core.main.TestSuiteExecutor.accessTestSuiteMainPhase(TestSuiteExecutor.java:160)
	at com.kms.katalon.core.main.TestSuiteExecutor.execute(TestSuiteExecutor.java:107)
	at com.kms.katalon.core.main.TestCaseMain.startTestSuite(TestCaseMain.java:195)
	at TempTestSuite1753679840951.run(TempTestSuite1753679840951.groovy:35)
	at java.base/jdk.internal.reflect.NativeMethodAccessorImpl.invoke0(Native Method)
	at java.base/jdk.internal.reflect.NativeMethodAccessorImpl.invoke(NativeMethodAccessorImpl.java:77)
	at java.base/jdk.internal.reflect.DelegatingMethodAccessorImpl.invoke(DelegatingMethodAccessorImpl.java:43)
</property>
  <property name="failed.exception.message">Browser is not opened
Build info: version: &apos;4.28.1&apos;, revision: &apos;73f5ad48a2&apos;
System info: os.name: &apos;Windows 11&apos;, os.arch: &apos;amd64&apos;, os.version: &apos;10.0&apos;, java.version: &apos;17.0.14&apos;
Driver info: driver.version: unknown</property>
</record>
<record>
  <date>2025-07-28T05:26:30.185510900Z</date>
  <millis>1753680390185</millis>
  <nanos>510900</nanos>
  <sequence>109</sequence>
  <level>FAILED</level>
  <class>com.kms.katalon.core.logging.XmlKeywordLogger</class>
  <method>logMessage</method>
  <thread>1</thread>
  <message>Unable to click on object &amp;apos;Object Repository/Page_CURA Healthcare Service/a_Make Appointment&amp;apos; (Root cause: com.kms.katalon.core.exception.StepFailedException: Unable to click on object &amp;apos;Object Repository/Page_CURA Healthcare Service/a_Make Appointment&amp;apos;
	at com.kms.katalon.core.webui.keyword.internal.WebUIKeywordMain.stepFailed(WebUIKeywordMain.groovy:118)
	at com.kms.katalon.core.webui.keyword.internal.WebUIKeywordMain.runKeyword(WebUIKeywordMain.groovy:43)
	at com.kms.katalon.core.webui.keyword.builtin.ClickKeyword.click(ClickKeyword.groovy:75)
	at com.kms.katalon.core.webui.keyword.builtin.ClickKeyword.execute(ClickKeyword.groovy:40)
	at com.kms.katalon.core.keyword.internal.KeywordExecutor.executeKeywordForPlatform(KeywordExecutor.groovy:64)
	at com.kms.katalon.core.webui.keyword.WebUiBuiltInKeywords.click(WebUiBuiltInKeywords.groovy:696)
	at TestCloud Sample.run(TestCloud Sample:31)
	at com.kms.katalon.core.main.ScriptEngine.run(ScriptEngine.java:194)
	at com.kms.katalon.core.main.ScriptEngine.runScriptAsRawText(ScriptEngine.java:119)
	at com.kms.katalon.core.main.TestCaseExecutor.runScript(TestCaseExecutor.java:485)
	at com.kms.katalon.core.main.TestCaseExecutor.doExecute(TestCaseExecutor.java:476)
	at com.kms.katalon.core.main.TestCaseExecutor.processExecutionPhase(TestCaseExecutor.java:455)
	at com.kms.katalon.core.main.TestCaseExecutor.accessMainPhase(TestCaseExecutor.java:447)
	at com.kms.katalon.core.main.TestCaseExecutor.execute(TestCaseExecutor.java:321)
	at com.kms.katalon.core.common.CommonExecutor.accessTestCaseMainPhase(CommonExecutor.java:71)
	at com.kms.katalon.core.main.TestSuiteExecutor.accessTestSuiteMainPhase(TestSuiteExecutor.java:160)
	at com.kms.katalon.core.main.TestSuiteExecutor.execute(TestSuiteExecutor.java:107)
	at com.kms.katalon.core.main.TestCaseMain.startTestSuite(TestCaseMain.java:195)
	at TempTestSuite1753679840951.run(TempTestSuite1753679840951.groovy:35)
	at java.base/jdk.internal.reflect.NativeMethodAccessorImpl.invoke0(Native Method)
	at java.base/jdk.internal.reflect.NativeMethodAccessorImpl.invoke(NativeMethodAccessorImpl.java:77)
	at java.base/jdk.internal.reflect.DelegatingMethodAccessorImpl.invoke(DelegatingMethodAccessorImpl.java:43)
Caused by: com.kms.katalon.core.webui.exception.BrowserNotOpenedException: Browser is not opened
Build info: version: &amp;apos;4.28.1&amp;apos;, revision: &amp;apos;73f5ad48a2&amp;apos;
System info: os.name: &amp;apos;Windows 11&amp;apos;, os.arch: &amp;apos;amd64&amp;apos;, os.version: &amp;apos;10.0&amp;apos;, java.version: &amp;apos;17.0.14&amp;apos;
Driver info: driver.version: unknown
	at com.kms.katalon.core.webui.driver.DriverFactory.verifyWebDriverIsOpen(DriverFactory.java:587)
	at com.kms.katalon.core.webui.driver.DriverFactory.verifyWebDriver(DriverFactory.java:572)
	at com.kms.katalon.core.webui.driver.DriverFactory.getWebDriver(DriverFactory.java:546)
	at com.kms.katalon.core.webui.common.WebUiCommonHelper.findElementByNormalMethods(WebUiCommonHelper.java:1048)
	at com.kms.katalon.core.webui.common.WebUiCommonHelper.findElementsBySelectedMethod(WebUiCommonHelper.java:955)
	at com.kms.katalon.core.webui.common.WebUiCommonHelper.findElementsBySelectedMethod(WebUiCommonHelper.java:937)
	at com.kms.katalon.core.webui.common.WebUiCommonHelper.findElementsBySelectedMethod(WebUiCommonHelper.java:932)
	at com.kms.katalon.core.webui.common.WebUiCommonHelper.findElementsByDefault(WebUiCommonHelper.java:928)
	at com.kms.katalon.core.webui.common.WebUiCommonHelper.findElementsWithSelfHealing(WebUiCommonHelper.java:774)
	at com.kms.katalon.core.webui.common.WebUiCommonHelper.findWebElements(WebUiCommonHelper.java:758)
	at com.kms.katalon.core.webui.common.WebUiCommonHelper.findWebElement(WebUiCommonHelper.java:1448)
	at com.kms.katalon.core.webui.keyword.internal.WebUIAbstractKeyword.findWebElement(WebUIAbstractKeyword.groovy:27)
	at com.kms.katalon.core.webui.keyword.builtin.ClickKeyword$_click_closure1.doCall(ClickKeyword.groovy:66)
	at com.kms.katalon.core.webui.keyword.builtin.ClickKeyword$_click_closure1.call(ClickKeyword.groovy)
	at com.kms.katalon.core.webui.keyword.internal.WebUIKeywordMain.runKeyword(WebUIKeywordMain.groovy:35)
	at com.kms.katalon.core.webui.keyword.builtin.ClickKeyword.click(ClickKeyword.groovy:75)
	at com.kms.katalon.core.webui.keyword.builtin.ClickKeyword.execute(ClickKeyword.groovy:40)
	at com.kms.katalon.core.keyword.internal.KeywordExecutor.executeKeywordForPlatform(KeywordExecutor.groovy:64)
	at com.kms.katalon.core.webui.keyword.WebUiBuiltInKeywords.click(WebUiBuiltInKeywords.groovy:696)
	at Script1753190037592.run(Script1753190037592.groovy:31)
	... 15 more
)</message>
  <nestedLevel>1</nestedLevel>
  <escapedJava>false</escapedJava>
  <property name="failed.exception.class">com.kms.katalon.core.webui.exception.BrowserNotOpenedException</property>
  <property name="failed.exception.stacktrace">com.kms.katalon.core.webui.exception.BrowserNotOpenedException: Browser is not opened
Build info: version: &apos;4.28.1&apos;, revision: &apos;73f5ad48a2&apos;
System info: os.name: &apos;Windows 11&apos;, os.arch: &apos;amd64&apos;, os.version: &apos;10.0&apos;, java.version: &apos;17.0.14&apos;
Driver info: driver.version: unknown
	at com.kms.katalon.core.webui.driver.DriverFactory.verifyWebDriverIsOpen(DriverFactory.java:587)
	at com.kms.katalon.core.webui.driver.DriverFactory.verifyWebDriver(DriverFactory.java:572)
	at com.kms.katalon.core.webui.driver.DriverFactory.getWebDriver(DriverFactory.java:546)
	at com.kms.katalon.core.webui.common.WebUiCommonHelper.findElementByNormalMethods(WebUiCommonHelper.java:1048)
	at com.kms.katalon.core.webui.common.WebUiCommonHelper.findElementsBySelectedMethod(WebUiCommonHelper.java:955)
	at com.kms.katalon.core.webui.common.WebUiCommonHelper.findElementsBySelectedMethod(WebUiCommonHelper.java:937)
	at com.kms.katalon.core.webui.common.WebUiCommonHelper.findElementsBySelectedMethod(WebUiCommonHelper.java:932)
	at com.kms.katalon.core.webui.common.WebUiCommonHelper.findElementsByDefault(WebUiCommonHelper.java:928)
	at com.kms.katalon.core.webui.common.WebUiCommonHelper.findElementsWithSelfHealing(WebUiCommonHelper.java:774)
	at com.kms.katalon.core.webui.common.WebUiCommonHelper.findWebElements(WebUiCommonHelper.java:758)
	at com.kms.katalon.core.webui.common.WebUiCommonHelper.findWebElement(WebUiCommonHelper.java:1448)
	at com.kms.katalon.core.webui.keyword.internal.WebUIAbstractKeyword.findWebElement(WebUIAbstractKeyword.groovy:27)
	at com.kms.katalon.core.webui.keyword.builtin.ClickKeyword$_click_closure1.doCall(ClickKeyword.groovy:66)
	at com.kms.katalon.core.webui.keyword.builtin.ClickKeyword$_click_closure1.call(ClickKeyword.groovy)
	at com.kms.katalon.core.webui.keyword.internal.WebUIKeywordMain.runKeyword(WebUIKeywordMain.groovy:35)
	at com.kms.katalon.core.webui.keyword.builtin.ClickKeyword.click(ClickKeyword.groovy:75)
	at com.kms.katalon.core.webui.keyword.builtin.ClickKeyword.execute(ClickKeyword.groovy:40)
	at com.kms.katalon.core.keyword.internal.KeywordExecutor.executeKeywordForPlatform(KeywordExecutor.groovy:64)
	at com.kms.katalon.core.webui.keyword.WebUiBuiltInKeywords.click(WebUiBuiltInKeywords.groovy:696)
	at TestCloud Sample.run(TestCloud Sample:31)
	at com.kms.katalon.core.main.ScriptEngine.run(ScriptEngine.java:194)
	at com.kms.katalon.core.main.ScriptEngine.runScriptAsRawText(ScriptEngine.java:119)
	at com.kms.katalon.core.main.TestCaseExecutor.runScript(TestCaseExecutor.java:485)
	at com.kms.katalon.core.main.TestCaseExecutor.doExecute(TestCaseExecutor.java:476)
	at com.kms.katalon.core.main.TestCaseExecutor.processExecutionPhase(TestCaseExecutor.java:455)
	at com.kms.katalon.core.main.TestCaseExecutor.accessMainPhase(TestCaseExecutor.java:447)
	at com.kms.katalon.core.main.TestCaseExecutor.execute(TestCaseExecutor.java:321)
	at com.kms.katalon.core.common.CommonExecutor.accessTestCaseMainPhase(CommonExecutor.java:71)
	at com.kms.katalon.core.main.TestSuiteExecutor.accessTestSuiteMainPhase(TestSuiteExecutor.java:160)
	at com.kms.katalon.core.main.TestSuiteExecutor.execute(TestSuiteExecutor.java:107)
	at com.kms.katalon.core.main.TestCaseMain.startTestSuite(TestCaseMain.java:195)
	at TempTestSuite1753679840951.run(TempTestSuite1753679840951.groovy:35)
	at java.base/jdk.internal.reflect.NativeMethodAccessorImpl.invoke0(Native Method)
	at java.base/jdk.internal.reflect.NativeMethodAccessorImpl.invoke(NativeMethodAccessorImpl.java:77)
	at java.base/jdk.internal.reflect.DelegatingMethodAccessorImpl.invoke(DelegatingMethodAccessorImpl.java:43)
</property>
  <property name="failed.exception.message">Browser is not opened
Build info: version: &apos;4.28.1&apos;, revision: &apos;73f5ad48a2&apos;
System info: os.name: &apos;Windows 11&apos;, os.arch: &apos;amd64&apos;, os.version: &apos;10.0&apos;, java.version: &apos;17.0.14&apos;
Driver info: driver.version: unknown</property>
</record>
<record>
  <date>2025-07-28T05:26:30.189657600Z</date>
  <millis>1753680390189</millis>
  <nanos>657600</nanos>
  <sequence>112</sequence>
  <level>END</level>
  <class>com.kms.katalon.core.logging.XmlKeywordLogger</class>
  <method>endKeyword</method>
  <thread>1</thread>
  <message>End action : click(findTestObject(&amp;quot;Object Repository/Page_CURA Healthcare Service/a_Make Appointment&amp;quot;))</message>
  <nestedLevel>1</nestedLevel>
  <escapedJava>false</escapedJava>
</record>
<record>
  <date>2025-07-28T05:26:30.191797800Z</date>
  <millis>1753680390191</millis>
  <nanos>797800</nanos>
  <sequence>115</sequence>
  <level>FAILED</level>
  <class>com.kms.katalon.core.logging.XmlKeywordLogger</class>
  <method>logMessage</method>
  <thread>1</thread>
  <message>Test Cases/TestCloud Sample FAILED.
Reason:
com.kms.katalon.core.exception.StepFailedException: Unable to click on object &amp;apos;Object Repository/Page_CURA Healthcare Service/a_Make Appointment&amp;apos;
	at com.kms.katalon.core.webui.keyword.internal.WebUIKeywordMain.stepFailed(WebUIKeywordMain.groovy:118)
	at com.kms.katalon.core.webui.keyword.internal.WebUIKeywordMain.runKeyword(WebUIKeywordMain.groovy:43)
	at com.kms.katalon.core.webui.keyword.builtin.ClickKeyword.click(ClickKeyword.groovy:75)
	at com.kms.katalon.core.webui.keyword.builtin.ClickKeyword.execute(ClickKeyword.groovy:40)
	at com.kms.katalon.core.keyword.internal.KeywordExecutor.executeKeywordForPlatform(KeywordExecutor.groovy:64)
	at com.kms.katalon.core.webui.keyword.WebUiBuiltInKeywords.click(WebUiBuiltInKeywords.groovy:696)
	at TestCloud Sample.run(TestCloud Sample:31)
	at com.kms.katalon.core.main.ScriptEngine.run(ScriptEngine.java:194)
	at com.kms.katalon.core.main.ScriptEngine.runScriptAsRawText(ScriptEngine.java:119)
	at com.kms.katalon.core.main.TestCaseExecutor.runScript(TestCaseExecutor.java:485)
	at com.kms.katalon.core.main.TestCaseExecutor.doExecute(TestCaseExecutor.java:476)
	at com.kms.katalon.core.main.TestCaseExecutor.processExecutionPhase(TestCaseExecutor.java:455)
	at com.kms.katalon.core.main.TestCaseExecutor.accessMainPhase(TestCaseExecutor.java:447)
	at com.kms.katalon.core.main.TestCaseExecutor.execute(TestCaseExecutor.java:321)
	at com.kms.katalon.core.common.CommonExecutor.accessTestCaseMainPhase(CommonExecutor.java:71)
	at com.kms.katalon.core.main.TestSuiteExecutor.accessTestSuiteMainPhase(TestSuiteExecutor.java:160)
	at com.kms.katalon.core.main.TestSuiteExecutor.execute(TestSuiteExecutor.java:107)
	at com.kms.katalon.core.main.TestCaseMain.startTestSuite(TestCaseMain.java:195)
	at TempTestSuite1753679840951.run(TempTestSuite1753679840951.groovy:35)
	at java.base/jdk.internal.reflect.NativeMethodAccessorImpl.invoke0(Native Method)
	at java.base/jdk.internal.reflect.NativeMethodAccessorImpl.invoke(NativeMethodAccessorImpl.java:77)
	at java.base/jdk.internal.reflect.DelegatingMethodAccessorImpl.invoke(DelegatingMethodAccessorImpl.java:43)
Caused by: com.kms.katalon.core.webui.exception.BrowserNotOpenedException: Browser is not opened
Build info: version: &amp;apos;4.28.1&amp;apos;, revision: &amp;apos;73f5ad48a2&amp;apos;
System info: os.name: &amp;apos;Windows 11&amp;apos;, os.arch: &amp;apos;amd64&amp;apos;, os.version: &amp;apos;10.0&amp;apos;, java.version: &amp;apos;17.0.14&amp;apos;
Driver info: driver.version: unknown
	at com.kms.katalon.core.webui.driver.DriverFactory.verifyWebDriverIsOpen(DriverFactory.java:587)
	at com.kms.katalon.core.webui.driver.DriverFactory.verifyWebDriver(DriverFactory.java:572)
	at com.kms.katalon.core.webui.driver.DriverFactory.getWebDriver(DriverFactory.java:546)
	at com.kms.katalon.core.webui.common.WebUiCommonHelper.findElementByNormalMethods(WebUiCommonHelper.java:1048)
	at com.kms.katalon.core.webui.common.WebUiCommonHelper.findElementsBySelectedMethod(WebUiCommonHelper.java:955)
	at com.kms.katalon.core.webui.common.WebUiCommonHelper.findElementsBySelectedMethod(WebUiCommonHelper.java:937)
	at com.kms.katalon.core.webui.common.WebUiCommonHelper.findElementsBySelectedMethod(WebUiCommonHelper.java:932)
	at com.kms.katalon.core.webui.common.WebUiCommonHelper.findElementsByDefault(WebUiCommonHelper.java:928)
	at com.kms.katalon.core.webui.common.WebUiCommonHelper.findElementsWithSelfHealing(WebUiCommonHelper.java:774)
	at com.kms.katalon.core.webui.common.WebUiCommonHelper.findWebElements(WebUiCommonHelper.java:758)
	at com.kms.katalon.core.webui.common.WebUiCommonHelper.findWebElement(WebUiCommonHelper.java:1448)
	at com.kms.katalon.core.webui.keyword.internal.WebUIAbstractKeyword.findWebElement(WebUIAbstractKeyword.groovy:27)
	at com.kms.katalon.core.webui.keyword.builtin.ClickKeyword$_click_closure1.doCall(ClickKeyword.groovy:66)
	at com.kms.katalon.core.webui.keyword.builtin.ClickKeyword$_click_closure1.call(ClickKeyword.groovy)
	at com.kms.katalon.core.webui.keyword.internal.WebUIKeywordMain.runKeyword(WebUIKeywordMain.groovy:35)
	... 20 more
</message>
  <exception>
    <message>com.kms.katalon.core.exception.StepFailedException: Unable to click on object 'Object Repository/Page_CURA Healthcare Service/a_Make Appointment'</message>
    <frame>
      <class>com.kms.katalon.core.logging.XmlKeywordLogger</class>
      <method>logMessage</method>
      <line>500</line>
    </frame>
    <frame>
      <class>com.kms.katalon.core.logging.KeywordLogger</class>
      <method>logMessage</method>
      <line>439</line>
    </frame>
    <frame>
      <class>com.kms.katalon.core.main.TestCaseExecutor</class>
      <method>logError</method>
      <line>593</line>
    </frame>
    <frame>
      <class>com.kms.katalon.core.main.TestCaseExecutor</class>
      <method>onExecutionError</method>
      <line>187</line>
    </frame>
    <frame>
      <class>com.kms.katalon.core.main.TestCaseExecutor</class>
      <method>processExecutionPhase</method>
      <line>465</line>
    </frame>
    <frame>
      <class>com.kms.katalon.core.main.TestCaseExecutor</class>
      <method>accessMainPhase</method>
      <line>447</line>
    </frame>
    <frame>
      <class>com.kms.katalon.core.main.TestCaseExecutor</class>
      <method>execute</method>
      <line>321</line>
    </frame>
    <frame>
      <class>com.kms.katalon.core.common.CommonExecutor</class>
      <method>accessTestCaseMainPhase</method>
      <line>71</line>
    </frame>
    <frame>
      <class>com.kms.katalon.core.main.TestSuiteExecutor</class>
      <method>accessTestSuiteMainPhase</method>
      <line>160</line>
    </frame>
    <frame>
      <class>com.kms.katalon.core.main.TestSuiteExecutor</class>
      <method>execute</method>
      <line>107</line>
    </frame>
    <frame>
      <class>com.kms.katalon.core.main.TestCaseMain</class>
      <method>startTestSuite</method>
      <line>195</line>
    </frame>
    <frame>
      <class>org.codehaus.groovy.vmplugin.v8.IndyInterface</class>
      <method>fromCache</method>
      <line>318</line>
    </frame>
    <frame>
      <class>TempTestSuite1753679840951</class>
      <method>run</method>
      <line>35</line>
    </frame>
    <frame>
      <class>groovy.lang.GroovyShell</class>
      <method>runScriptOrMainOrTestOrRunnable</method>
      <line>254</line>
    </frame>
    <frame>
      <class>groovy.lang.GroovyShell</class>
      <method>run</method>
      <line>360</line>
    </frame>
    <frame>
      <class>groovy.lang.GroovyShell</class>
      <method>run</method>
      <line>349</line>
    </frame>
    <frame>
      <class>groovy.ui.GroovyMain</class>
      <method>processOnce</method>
      <line>652</line>
    </frame>
    <frame>
      <class>groovy.ui.GroovyMain</class>
      <method>run</method>
      <line>398</line>
    </frame>
    <frame>
      <class>groovy.ui.GroovyMain</class>
      <method>access$1400</method>
      <line>68</line>
    </frame>
    <frame>
      <class>groovy.ui.GroovyMain$GroovyCommand</class>
      <method>process</method>
      <line>322</line>
    </frame>
    <frame>
      <class>groovy.ui.GroovyMain</class>
      <method>processArgs</method>
      <line>142</line>
    </frame>
    <frame>
      <class>groovy.ui.GroovyMain</class>
      <method>main</method>
      <line>115</line>
    </frame>
    <frame>
      <class>jdk.internal.reflect.NativeMethodAccessorImpl</class>
      <method>invoke0</method>
    </frame>
    <frame>
      <class>jdk.internal.reflect.NativeMethodAccessorImpl</class>
      <method>invoke</method>
      <line>77</line>
    </frame>
    <frame>
      <class>jdk.internal.reflect.DelegatingMethodAccessorImpl</class>
      <method>invoke</method>
      <line>43</line>
    </frame>
    <frame>
      <class>java.lang.reflect.Method</class>
      <method>invoke</method>
      <line>569</line>
    </frame>
    <frame>
      <class>org.codehaus.groovy.tools.GroovyStarter</class>
      <method>rootLoader</method>
      <line>117</line>
    </frame>
    <frame>
      <class>org.codehaus.groovy.tools.GroovyStarter</class>
      <method>main</method>
      <line>39</line>
    </frame>
  </exception>
  <nestedLevel>0</nestedLevel>
  <escapedJava>false</escapedJava>
  <property name="failed.exception.stacktrace">com.kms.katalon.core.webui.exception.BrowserNotOpenedException: Browser is not opened
Build info: version: &apos;4.28.1&apos;, revision: &apos;73f5ad48a2&apos;
System info: os.name: &apos;Windows 11&apos;, os.arch: &apos;amd64&apos;, os.version: &apos;10.0&apos;, java.version: &apos;17.0.14&apos;
Driver info: driver.version: unknown
	at com.kms.katalon.core.webui.driver.DriverFactory.verifyWebDriverIsOpen(DriverFactory.java:587)
	at com.kms.katalon.core.webui.driver.DriverFactory.verifyWebDriver(DriverFactory.java:572)
	at com.kms.katalon.core.webui.driver.DriverFactory.getWebDriver(DriverFactory.java:546)
	at com.kms.katalon.core.webui.common.WebUiCommonHelper.findElementByNormalMethods(WebUiCommonHelper.java:1048)
	at com.kms.katalon.core.webui.common.WebUiCommonHelper.findElementsBySelectedMethod(WebUiCommonHelper.java:955)
	at com.kms.katalon.core.webui.common.WebUiCommonHelper.findElementsBySelectedMethod(WebUiCommonHelper.java:937)
	at com.kms.katalon.core.webui.common.WebUiCommonHelper.findElementsBySelectedMethod(WebUiCommonHelper.java:932)
	at com.kms.katalon.core.webui.common.WebUiCommonHelper.findElementsByDefault(WebUiCommonHelper.java:928)
	at com.kms.katalon.core.webui.common.WebUiCommonHelper.findElementsWithSelfHealing(WebUiCommonHelper.java:774)
	at com.kms.katalon.core.webui.common.WebUiCommonHelper.findWebElements(WebUiCommonHelper.java:758)
	at com.kms.katalon.core.webui.common.WebUiCommonHelper.findWebElement(WebUiCommonHelper.java:1448)
	at com.kms.katalon.core.webui.keyword.internal.WebUIAbstractKeyword.findWebElement(WebUIAbstractKeyword.groovy:27)
	at com.kms.katalon.core.webui.keyword.builtin.ClickKeyword$_click_closure1.doCall(ClickKeyword.groovy:66)
	at com.kms.katalon.core.webui.keyword.builtin.ClickKeyword$_click_closure1.call(ClickKeyword.groovy)
	at com.kms.katalon.core.webui.keyword.internal.WebUIKeywordMain.runKeyword(WebUIKeywordMain.groovy:35)
	at com.kms.katalon.core.webui.keyword.builtin.ClickKeyword.click(ClickKeyword.groovy:75)
	at com.kms.katalon.core.webui.keyword.builtin.ClickKeyword.execute(ClickKeyword.groovy:40)
	at com.kms.katalon.core.keyword.internal.KeywordExecutor.executeKeywordForPlatform(KeywordExecutor.groovy:64)
	at com.kms.katalon.core.webui.keyword.WebUiBuiltInKeywords.click(WebUiBuiltInKeywords.groovy:696)
	at TestCloud Sample.run(TestCloud Sample:31)
	at com.kms.katalon.core.main.ScriptEngine.run(ScriptEngine.java:194)
	at com.kms.katalon.core.main.ScriptEngine.runScriptAsRawText(ScriptEngine.java:119)
	at com.kms.katalon.core.main.TestCaseExecutor.runScript(TestCaseExecutor.java:485)
	at com.kms.katalon.core.main.TestCaseExecutor.doExecute(TestCaseExecutor.java:476)
	at com.kms.katalon.core.main.TestCaseExecutor.processExecutionPhase(TestCaseExecutor.java:455)
	at com.kms.katalon.core.main.TestCaseExecutor.accessMainPhase(TestCaseExecutor.java:447)
	at com.kms.katalon.core.main.TestCaseExecutor.execute(TestCaseExecutor.java:321)
	at com.kms.katalon.core.common.CommonExecutor.accessTestCaseMainPhase(CommonExecutor.java:71)
	at com.kms.katalon.core.main.TestSuiteExecutor.accessTestSuiteMainPhase(TestSuiteExecutor.java:160)
	at com.kms.katalon.core.main.TestSuiteExecutor.execute(TestSuiteExecutor.java:107)
	at com.kms.katalon.core.main.TestCaseMain.startTestSuite(TestCaseMain.java:195)
	at TempTestSuite1753679840951.run(TempTestSuite1753679840951.groovy:35)
	at java.base/jdk.internal.reflect.NativeMethodAccessorImpl.invoke0(Native Method)
	at java.base/jdk.internal.reflect.NativeMethodAccessorImpl.invoke(NativeMethodAccessorImpl.java:77)
	at java.base/jdk.internal.reflect.DelegatingMethodAccessorImpl.invoke(DelegatingMethodAccessorImpl.java:43)
</property>
  <property name="failed.exception.class">com.kms.katalon.core.webui.exception.BrowserNotOpenedException</property>
  <property name="failed.exception.message">Browser is not opened
Build info: version: &apos;4.28.1&apos;, revision: &apos;73f5ad48a2&apos;
System info: os.name: &apos;Windows 11&apos;, os.arch: &apos;amd64&apos;, os.version: &apos;10.0&apos;, java.version: &apos;17.0.14&apos;
Driver info: driver.version: unknown</property>
</record>
<record>
  <date>2025-07-28T05:26:30.191797800Z</date>
  <millis>1753680390191</millis>
  <nanos>797800</nanos>
  <sequence>117</sequence>
  <level>END</level>
  <class>com.kms.katalon.core.logging.XmlKeywordLogger</class>
  <method>endTest</method>
  <thread>1</thread>
  <message>End Test Case : Test Cases/TestCloud Sample</message>
  <nestedLevel>0</nestedLevel>
  <escapedJava>false</escapedJava>
  <property name="executionBindingVariables">[]</property>
  <property name="applitools">false</property>
  <property name="keywordsUsage">{
  &quot;web_ui&quot;: true,
  &quot;web_service&quot;: false,
  &quot;cucumber&quot;: false,
  &quot;builtin&quot;: true,
  &quot;mobile&quot;: false,
  &quot;windows&quot;: false,
  &quot;testng&quot;: false
}</property>
</record>
<record>
  <date>2025-07-28T05:26:30.269563Z</date>
  <millis>1753680390269</millis>
  <nanos>563000</nanos>
  <sequence>118</sequence>
  <level>END</level>
  <class>com.kms.katalon.core.logging.XmlKeywordLogger</class>
  <method>endSuite</method>
  <thread>1</thread>
  <message>End Test Suite : Test Suites/Indicator/Indicator reporting days</message>
  <nestedLevel>0</nestedLevel>
  <escapedJava>false</escapedJava>
</record>
</log>
