<?xml version="1.0" encoding="UTF-8" standalone="no"?>
<!DOCTYPE log SYSTEM "logger.dtd">
<log>
<record>
  <date>2025-08-05T06:27:56.957023500Z</date>
  <millis>1754375276957</millis>
  <nanos>23500</nanos>
  <sequence>0</sequence>
  <level>START</level>
  <class>com.kms.katalon.core.logging.XmlKeywordLogger</class>
  <method>startSuite</method>
  <thread>1</thread>
  <message>Start Test Suite : Test Suites/Indicator/Indicator reporting days</message>
  <nestedLevel>0</nestedLevel>
  <escapedJava>false</escapedJava>
  <property name="rerunTestFailImmediately">false</property>
  <property name="retryCount">2</property>
  <property name="name">Indicator reporting days</property>
  <property name="description"></property>
  <property name="id">Test Suites/Indicator/Indicator reporting days</property>
</record>
<record>
  <date>2025-08-05T06:27:56.997858800Z</date>
  <millis>1754375276997</millis>
  <nanos>858800</nanos>
  <sequence>1</sequence>
  <level>RUN_DATA</level>
  <class>com.kms.katalon.core.logging.XmlKeywordLogger</class>
  <method>logMessage</method>
  <thread>1</thread>
  <message>userFullName = Santhosh Nidamanuri</message>
  <nestedLevel>0</nestedLevel>
  <escapedJava>false</escapedJava>
  <property name="userFullName">Santhosh Nidamanuri</property>
</record>
<record>
  <date>2025-08-05T06:27:56.998856600Z</date>
  <millis>1754375276998</millis>
  <nanos>856600</nanos>
  <sequence>2</sequence>
  <level>RUN_DATA</level>
  <class>com.kms.katalon.core.logging.XmlKeywordLogger</class>
  <method>logMessage</method>
  <thread>1</thread>
  <message>projectName = RegressionSuite</message>
  <nestedLevel>0</nestedLevel>
  <escapedJava>false</escapedJava>
  <property name="projectName">RegressionSuite</property>
</record>
<record>
  <date>2025-08-05T06:27:56.999857700Z</date>
  <millis>1754375276999</millis>
  <nanos>857700</nanos>
  <sequence>3</sequence>
  <level>RUN_DATA</level>
  <class>com.kms.katalon.core.logging.XmlKeywordLogger</class>
  <method>logMessage</method>
  <thread>1</thread>
  <message>hostName = santh - Santhosh</message>
  <nestedLevel>0</nestedLevel>
  <escapedJava>false</escapedJava>
  <property name="hostName">santh - Santhosh</property>
</record>
<record>
  <date>2025-08-05T06:27:56.999857700Z</date>
  <millis>1754375276999</millis>
  <nanos>857700</nanos>
  <sequence>4</sequence>
  <level>RUN_DATA</level>
  <class>com.kms.katalon.core.logging.XmlKeywordLogger</class>
  <method>logMessage</method>
  <thread>1</thread>
  <message>os = Windows 11 64bit</message>
  <nestedLevel>0</nestedLevel>
  <escapedJava>false</escapedJava>
  <property name="os">Windows 11 64bit</property>
</record>
<record>
  <date>2025-08-05T06:27:57.000856400Z</date>
  <millis>1754375277000</millis>
  <nanos>856400</nanos>
  <sequence>5</sequence>
  <level>RUN_DATA</level>
  <class>com.kms.katalon.core.logging.XmlKeywordLogger</class>
  <method>logMessage</method>
  <thread>1</thread>
  <message>hostAddress = 192.168.29.137</message>
  <nestedLevel>0</nestedLevel>
  <escapedJava>false</escapedJava>
  <property name="hostAddress">192.168.29.137</property>
</record>
<record>
  <date>2025-08-05T06:27:57.001857Z</date>
  <millis>1754375277001</millis>
  <nanos>857000</nanos>
  <sequence>6</sequence>
  <level>RUN_DATA</level>
  <class>com.kms.katalon.core.logging.XmlKeywordLogger</class>
  <method>logMessage</method>
  <thread>1</thread>
  <message>katalonVersion = 10.2.3.0</message>
  <nestedLevel>0</nestedLevel>
  <escapedJava>false</escapedJava>
  <property name="katalonVersion">10.2.3.0</property>
</record>
<record>
  <date>2025-08-05T06:27:57.723408300Z</date>
  <millis>1754375277723</millis>
  <nanos>408300</nanos>
  <sequence>7</sequence>
  <level>START</level>
  <class>com.kms.katalon.core.logging.XmlKeywordLogger</class>
  <method>startTest</method>
  <thread>1</thread>
  <message>Start Test Case : Test Cases/TestCloud Sample</message>
  <nestedLevel>1</nestedLevel>
  <escapedJava>false</escapedJava>
  <property name="name">Test Cases/TestCloud Sample</property>
  <property name="description"></property>
  <property name="iteration"></property>
  <property name="id">Test Cases/TestCloud Sample</property>
  <property name="source">C:\Users\santh\git\RegressionSuite\Test Cases\TestCloud Sample.tc</property>
  <property name="tag"></property>
  <property name="isOptional">false</property>
</record>
<record>
  <date>2025-08-05T06:27:58.173929300Z</date>
  <millis>1754375278173</millis>
  <nanos>929300</nanos>
  <sequence>9</sequence>
  <level>START</level>
  <class>com.kms.katalon.core.logging.XmlKeywordLogger</class>
  <method>startKeyword</method>
  <thread>1</thread>
  <message>Start action : try</message>
  <nestedLevel>1</nestedLevel>
  <escapedJava>false</escapedJava>
  <property name="startLine">20</property>
  <property name="stepIndex">1</property>
</record>
<record>
  <date>2025-08-05T06:27:58.177930800Z</date>
  <millis>1754375278177</millis>
  <nanos>930800</nanos>
  <sequence>10</sequence>
  <level>START</level>
  <class>com.kms.katalon.core.logging.XmlKeywordLogger</class>
  <method>startKeyword</method>
  <thread>1</thread>
  <message>Start action : openBrowser(&amp;quot;&amp;quot;)</message>
  <nestedLevel>2</nestedLevel>
  <escapedJava>false</escapedJava>
  <property name="startLine">21</property>
  <property name="stepIndex">1</property>
</record>
<record>
  <date>2025-08-05T06:27:58.450786600Z</date>
  <millis>1754375278450</millis>
  <nanos>786600</nanos>
  <sequence>12</sequence>
  <level>INFO</level>
  <class>com.kms.katalon.core.logging.XmlKeywordLogger</class>
  <method>logMessage</method>
  <thread>1</thread>
  <message>User set preference: [&amp;apos;browserVersion&amp;apos;, &amp;apos;134&amp;apos;]</message>
  <nestedLevel>1</nestedLevel>
  <escapedJava>false</escapedJava>
</record>
<record>
  <date>2025-08-05T06:27:58.451791700Z</date>
  <millis>1754375278451</millis>
  <nanos>791700</nanos>
  <sequence>13</sequence>
  <level>INFO</level>
  <class>com.kms.katalon.core.logging.XmlKeywordLogger</class>
  <method>logMessage</method>
  <thread>1</thread>
  <message>User set preference: [&amp;apos;browserName&amp;apos;, &amp;apos;chrome&amp;apos;]</message>
  <nestedLevel>1</nestedLevel>
  <escapedJava>false</escapedJava>
</record>
<record>
  <date>2025-08-05T06:27:58.465737600Z</date>
  <millis>1754375278465</millis>
  <nanos>737600</nanos>
  <sequence>14</sequence>
  <level>INFO</level>
  <class>com.kms.katalon.core.logging.XmlKeywordLogger</class>
  <method>logMessage</method>
  <thread>1</thread>
  <message>User set preference: [&amp;apos;platformName&amp;apos;, &amp;apos;windows&amp;apos;]</message>
  <nestedLevel>1</nestedLevel>
  <escapedJava>false</escapedJava>
</record>
<record>
  <date>2025-08-05T06:27:58.466753300Z</date>
  <millis>1754375278466</millis>
  <nanos>753300</nanos>
  <sequence>15</sequence>
  <level>INFO</level>
  <class>com.kms.katalon.core.logging.XmlKeywordLogger</class>
  <method>logMessage</method>
  <thread>1</thread>
  <message>User set preference: [&amp;apos;katalon:options&amp;apos;, &amp;apos;{metadata={organizationId=2293188, accountId=1532955, channel=kse;v=10.2.3, projectId=2256648}, executionMode=queue, usingTunnel=false}&amp;apos;]</message>
  <nestedLevel>1</nestedLevel>
  <escapedJava>false</escapedJava>
</record>
<record>
  <date>2025-08-05T06:27:58.508505200Z</date>
  <millis>1754375278508</millis>
  <nanos>505200</nanos>
  <sequence>16</sequence>
  <level>INFO</level>
  <class>com.kms.katalon.core.logging.XmlKeywordLogger</class>
  <method>logMessage</method>
  <thread>1</thread>
  <message>Connecting to remote web server &amp;apos;testcloud.katalon.com/hub&amp;apos; with type &amp;apos;Selenium&amp;apos;</message>
  <nestedLevel>1</nestedLevel>
  <escapedJava>false</escapedJava>
</record>
<record>
  <date>2025-08-05T06:27:58.802177900Z</date>
  <millis>1754375278802</millis>
  <nanos>177900</nanos>
  <sequence>17</sequence>
  <level>INFO</level>
  <class>com.kms.katalon.core.logging.XmlKeywordLogger</class>
  <method>logMessage</method>
  <thread>1</thread>
  <message>Action delay is set to 0 milliseconds</message>
  <nestedLevel>1</nestedLevel>
  <escapedJava>false</escapedJava>
</record>
<record>
  <date>2025-08-05T06:28:44.476568400Z</date>
  <millis>1754375324476</millis>
  <nanos>568400</nanos>
  <sequence>18</sequence>
  <level>WARNING</level>
  <class>com.kms.katalon.core.logging.XmlKeywordLogger</class>
  <method>logMessage</method>
  <thread>1</thread>
  <message>Your browser version or type does not support the BiDirectional WebDriver Protocol which is required for Smart Locator functionality. Please update your browser or switch to a compatible one.</message>
  <nestedLevel>1</nestedLevel>
  <escapedJava>false</escapedJava>
</record>
<record>
  <date>2025-08-05T06:28:44.478508700Z</date>
  <millis>1754375324478</millis>
  <nanos>508700</nanos>
  <sequence>19</sequence>
  <level>WARNING</level>
  <class>com.kms.katalon.core.logging.XmlKeywordLogger</class>
  <method>logMessage</method>
  <thread>1</thread>
  <message>Your browser version or type does not support the BiDirectional WebDriver Protocol which is required for Smart Locator functionality. Please update your browser or switch to a compatible one.</message>
  <nestedLevel>1</nestedLevel>
  <escapedJava>false</escapedJava>
</record>
<record>
  <date>2025-08-05T06:28:44.478508700Z</date>
  <millis>1754375324478</millis>
  <nanos>508700</nanos>
  <sequence>20</sequence>
  <level>WARNING</level>
  <class>com.kms.katalon.core.logging.XmlKeywordLogger</class>
  <method>logMessage</method>
  <thread>1</thread>
  <message>Your browser version or type does not support the BiDirectional WebDriver Protocol which is required for Smart Locator functionality. Please update your browser or switch to a compatible one.</message>
  <nestedLevel>1</nestedLevel>
  <escapedJava>false</escapedJava>
</record>
<record>
  <date>2025-08-05T06:28:45.438102500Z</date>
  <millis>1754375325438</millis>
  <nanos>102500</nanos>
  <sequence>21</sequence>
  <level>RUN_DATA</level>
  <class>com.kms.katalon.core.logging.XmlKeywordLogger</class>
  <method>logMessage</method>
  <thread>1</thread>
  <message>remoteDriverUrl = testcloud.katalon.com/hub</message>
  <nestedLevel>1</nestedLevel>
  <escapedJava>false</escapedJava>
  <property name="remoteDriverUrl">testcloud.katalon.com/hub</property>
</record>
<record>
  <date>2025-08-05T06:28:45.438102500Z</date>
  <millis>1754375325438</millis>
  <nanos>102500</nanos>
  <sequence>22</sequence>
  <level>RUN_DATA</level>
  <class>com.kms.katalon.core.logging.XmlKeywordLogger</class>
  <method>logMessage</method>
  <thread>1</thread>
  <message>remoteOS = Windows</message>
  <nestedLevel>1</nestedLevel>
  <escapedJava>false</escapedJava>
  <property name="remoteOS">Windows</property>
</record>
<record>
  <date>2025-08-05T06:28:45.450413200Z</date>
  <millis>1754375325450</millis>
  <nanos>413200</nanos>
  <sequence>23</sequence>
  <level>RUN_DATA</level>
  <class>com.kms.katalon.core.logging.XmlKeywordLogger</class>
  <method>logMessage</method>
  <thread>1</thread>
  <message>desiredCapabilities = {
  &amp;quot;timeouts&amp;quot;: {
    &amp;quot;implicit&amp;quot;: 0,
    &amp;quot;pageLoad&amp;quot;: 300000,
    &amp;quot;script&amp;quot;: 30000
  },
  &amp;quot;se:cdpEnabled&amp;quot;: false,
  &amp;quot;goog:chromeOptions&amp;quot;: {
    &amp;quot;debuggerAddress&amp;quot;: &amp;quot;localhost:9225&amp;quot;
  },
  &amp;quot;webauthn:extension:credBlob&amp;quot;: true,
  &amp;quot;acceptInsecureCerts&amp;quot;: false,
  &amp;quot;browserVersion&amp;quot;: &amp;quot;134.0.6998.178&amp;quot;,
  &amp;quot;fedcm:accounts&amp;quot;: true,
  &amp;quot;kt:requestId&amp;quot;: &amp;quot;74dd93af-0b3a-487c-b624-e02b2e6f98b2&amp;quot;,
  &amp;quot;browserName&amp;quot;: &amp;quot;chrome&amp;quot;,
  &amp;quot;platformName&amp;quot;: &amp;quot;WINDOWS&amp;quot;,
  &amp;quot;setWindowRect&amp;quot;: true,
  &amp;quot;webauthn:extension:largeBlob&amp;quot;: true,
  &amp;quot;networkConnectionEnabled&amp;quot;: false,
  &amp;quot;chrome&amp;quot;: {
    &amp;quot;chromedriverVersion&amp;quot;: &amp;quot;134.0.6998.178 (81fef1e264547cc88c9450117b091ea5798a5adf-refs/branch-heads/6998@{#2329})&amp;quot;,
    &amp;quot;userDataDir&amp;quot;: &amp;quot;C:\\Windows\\SystemTemp\\scoped_dir8876_713153458&amp;quot;
  },
  &amp;quot;kt:rid&amp;quot;: &amp;quot;74dd93af-0b3a-487c-b624-e02b2e6f98b2&amp;quot;,
  &amp;quot;pageLoadStrategy&amp;quot;: &amp;quot;normal&amp;quot;,
  &amp;quot;unhandledPromptBehavior&amp;quot;: &amp;quot;dismiss and notify&amp;quot;,
  &amp;quot;strictFileInteractability&amp;quot;: false,
  &amp;quot;se:bidiEnabled&amp;quot;: false,
  &amp;quot;proxy&amp;quot;: {
    &amp;quot;proxyType&amp;quot;: &amp;quot;UNSPECIFIED&amp;quot;,
    &amp;quot;autodetect&amp;quot;: false
  },
  &amp;quot;webauthn:extension:minPinLength&amp;quot;: true,
  &amp;quot;webauthn:extension:prf&amp;quot;: true,
  &amp;quot;katalon:caps&amp;quot;: {
    &amp;quot;executionId&amp;quot;: &amp;quot;867d5918-352f-47a8-9d24-dc837ba16214&amp;quot;,
    &amp;quot;executionSessionId&amp;quot;: &amp;quot;74dd93af-0b3a-487c-b624-e02b2e6f98b2&amp;quot;
  },
  &amp;quot;katalon:options&amp;quot;: {
    &amp;quot;executionId&amp;quot;: &amp;quot;867d5918-352f-47a8-9d24-dc837ba16214&amp;quot;,
    &amp;quot;executionMode&amp;quot;: &amp;quot;queue&amp;quot;,
    &amp;quot;executionSessionId&amp;quot;: &amp;quot;74dd93af-0b3a-487c-b624-e02b2e6f98b2&amp;quot;,
    &amp;quot;metadata&amp;quot;: {
      &amp;quot;usingTunnel&amp;quot;: false,
      &amp;quot;accountUuid&amp;quot;: &amp;quot;c44afe3b-f76f-4921-9346-27f35171bd65&amp;quot;,
      &amp;quot;organizationId&amp;quot;: &amp;quot;2293188&amp;quot;,
      &amp;quot;projectId&amp;quot;: &amp;quot;2256648&amp;quot;,
      &amp;quot;channel&amp;quot;: &amp;quot;kse;v\u003d10.2.3&amp;quot;
    },
    &amp;quot;runFromTestCloud&amp;quot;: true,
    &amp;quot;userId&amp;quot;: 1718855,
    &amp;quot;usingTunnel&amp;quot;: false
  },
  &amp;quot;webauthn:virtualAuthenticators&amp;quot;: true
}</message>
  <nestedLevel>1</nestedLevel>
  <escapedJava>false</escapedJava>
  <property name="desiredCapabilities">{
  &quot;timeouts&quot;: {
    &quot;implicit&quot;: 0,
    &quot;pageLoad&quot;: 300000,
    &quot;script&quot;: 30000
  },
  &quot;se:cdpEnabled&quot;: false,
  &quot;goog:chromeOptions&quot;: {
    &quot;debuggerAddress&quot;: &quot;localhost:9225&quot;
  },
  &quot;webauthn:extension:credBlob&quot;: true,
  &quot;acceptInsecureCerts&quot;: false,
  &quot;browserVersion&quot;: &quot;134.0.6998.178&quot;,
  &quot;fedcm:accounts&quot;: true,
  &quot;kt:requestId&quot;: &quot;74dd93af-0b3a-487c-b624-e02b2e6f98b2&quot;,
  &quot;browserName&quot;: &quot;chrome&quot;,
  &quot;platformName&quot;: &quot;WINDOWS&quot;,
  &quot;setWindowRect&quot;: true,
  &quot;webauthn:extension:largeBlob&quot;: true,
  &quot;networkConnectionEnabled&quot;: false,
  &quot;chrome&quot;: {
    &quot;chromedriverVersion&quot;: &quot;134.0.6998.178 (81fef1e264547cc88c9450117b091ea5798a5adf-refs/branch-heads/6998@{#2329})&quot;,
    &quot;userDataDir&quot;: &quot;C:\\Windows\\SystemTemp\\scoped_dir8876_713153458&quot;
  },
  &quot;kt:rid&quot;: &quot;74dd93af-0b3a-487c-b624-e02b2e6f98b2&quot;,
  &quot;pageLoadStrategy&quot;: &quot;normal&quot;,
  &quot;unhandledPromptBehavior&quot;: &quot;dismiss and notify&quot;,
  &quot;strictFileInteractability&quot;: false,
  &quot;se:bidiEnabled&quot;: false,
  &quot;proxy&quot;: {
    &quot;proxyType&quot;: &quot;UNSPECIFIED&quot;,
    &quot;autodetect&quot;: false
  },
  &quot;webauthn:extension:minPinLength&quot;: true,
  &quot;webauthn:extension:prf&quot;: true,
  &quot;katalon:caps&quot;: {
    &quot;executionId&quot;: &quot;867d5918-352f-47a8-9d24-dc837ba16214&quot;,
    &quot;executionSessionId&quot;: &quot;74dd93af-0b3a-487c-b624-e02b2e6f98b2&quot;
  },
  &quot;katalon:options&quot;: {
    &quot;executionId&quot;: &quot;867d5918-352f-47a8-9d24-dc837ba16214&quot;,
    &quot;executionMode&quot;: &quot;queue&quot;,
    &quot;executionSessionId&quot;: &quot;74dd93af-0b3a-487c-b624-e02b2e6f98b2&quot;,
    &quot;metadata&quot;: {
      &quot;usingTunnel&quot;: false,
      &quot;accountUuid&quot;: &quot;c44afe3b-f76f-4921-9346-27f35171bd65&quot;,
      &quot;organizationId&quot;: &quot;2293188&quot;,
      &quot;projectId&quot;: &quot;2256648&quot;,
      &quot;channel&quot;: &quot;kse;v\u003d10.2.3&quot;
    },
    &quot;runFromTestCloud&quot;: true,
    &quot;userId&quot;: 1718855,
    &quot;usingTunnel&quot;: false
  },
  &quot;webauthn:virtualAuthenticators&quot;: true
}</property>
</record>
<record>
  <date>2025-08-05T06:28:45.455363800Z</date>
  <millis>1754375325455</millis>
  <nanos>363800</nanos>
  <sequence>24</sequence>
  <level>RUN_DATA</level>
  <class>com.kms.katalon.core.logging.XmlKeywordLogger</class>
  <method>logMessage</method>
  <thread>1</thread>
  <message>katalon:caps = {
  &amp;quot;executionId&amp;quot;: &amp;quot;867d5918-352f-47a8-9d24-dc837ba16214&amp;quot;,
  &amp;quot;executionSessionId&amp;quot;: &amp;quot;74dd93af-0b3a-487c-b624-e02b2e6f98b2&amp;quot;
}</message>
  <nestedLevel>1</nestedLevel>
  <escapedJava>false</escapedJava>
  <property name="katalon:caps">{
  &quot;executionId&quot;: &quot;867d5918-352f-47a8-9d24-dc837ba16214&quot;,
  &quot;executionSessionId&quot;: &quot;74dd93af-0b3a-487c-b624-e02b2e6f98b2&quot;
}</property>
</record>
<record>
  <date>2025-08-05T06:28:45.457419800Z</date>
  <millis>1754375325457</millis>
  <nanos>419800</nanos>
  <sequence>25</sequence>
  <level>RUN_DATA</level>
  <class>com.kms.katalon.core.logging.XmlKeywordLogger</class>
  <method>logMessage</method>
  <thread>1</thread>
  <message>sessionId = 495d6fac588f936cadeb7578ce0d96bf</message>
  <nestedLevel>1</nestedLevel>
  <escapedJava>false</escapedJava>
  <property name="sessionId">495d6fac588f936cadeb7578ce0d96bf</property>
</record>
<record>
  <date>2025-08-05T06:28:45.459237100Z</date>
  <millis>1754375325459</millis>
  <nanos>237100</nanos>
  <sequence>26</sequence>
  <level>RUN_DATA</level>
  <class>com.kms.katalon.core.logging.XmlKeywordLogger</class>
  <method>logMessage</method>
  <thread>1</thread>
  <message>browser = Chrome 134.0.6998.178</message>
  <nestedLevel>1</nestedLevel>
  <escapedJava>false</escapedJava>
  <property name="browser">Chrome 134.0.6998.178</property>
</record>
<record>
  <date>2025-08-05T06:28:45.460252500Z</date>
  <millis>1754375325460</millis>
  <nanos>252500</nanos>
  <sequence>27</sequence>
  <level>RUN_DATA</level>
  <class>com.kms.katalon.core.logging.XmlKeywordLogger</class>
  <method>logMessage</method>
  <thread>1</thread>
  <message>platform = Windows 11</message>
  <nestedLevel>1</nestedLevel>
  <escapedJava>false</escapedJava>
  <property name="platform">Windows 11</property>
</record>
<record>
  <date>2025-08-05T06:28:45.461250700Z</date>
  <millis>1754375325461</millis>
  <nanos>250700</nanos>
  <sequence>28</sequence>
  <level>RUN_DATA</level>
  <class>com.kms.katalon.core.logging.XmlKeywordLogger</class>
  <method>logMessage</method>
  <thread>1</thread>
  <message>seleniumVersion = 4.28.1</message>
  <nestedLevel>1</nestedLevel>
  <escapedJava>false</escapedJava>
  <property name="seleniumVersion">4.28.1</property>
</record>
<record>
  <date>2025-08-05T06:28:45.476813800Z</date>
  <millis>1754375325476</millis>
  <nanos>813800</nanos>
  <sequence>29</sequence>
  <level>RUN_DATA</level>
  <class>com.kms.katalon.core.logging.XmlKeywordLogger</class>
  <method>logMessage</method>
  <thread>1</thread>
  <message>proxyInformation = ProxyInformation { proxyOption=NO_PROXY, proxyServerType=HTTP, username=, password=********, proxyServerAddress=, proxyServerPort=0, executionList=&amp;quot;&amp;quot;, isApplyToDesiredCapabilities=true }</message>
  <nestedLevel>1</nestedLevel>
  <escapedJava>false</escapedJava>
  <property name="proxyInformation">ProxyInformation { proxyOption=NO_PROXY, proxyServerType=HTTP, username=, password=********, proxyServerAddress=, proxyServerPort=0, executionList=&quot;&quot;, isApplyToDesiredCapabilities=true }</property>
</record>
<record>
  <date>2025-08-05T06:28:45.844150500Z</date>
  <millis>1754375325844</millis>
  <nanos>150500</nanos>
  <sequence>30</sequence>
  <level>PASSED</level>
  <class>com.kms.katalon.core.logging.XmlKeywordLogger</class>
  <method>logMessage</method>
  <thread>1</thread>
  <message>Browser is opened with url: &amp;apos;&amp;apos;</message>
  <nestedLevel>1</nestedLevel>
  <escapedJava>false</escapedJava>
  <property name="testops-method-name">com.kms.katalon.core.webui.keyword.builtin.OpenBrowserKeyword.openBrowser</property>
  <property name="testops-execution-stacktrace"></property>
</record>
<record>
  <date>2025-08-05T06:28:45.844150500Z</date>
  <millis>1754375325844</millis>
  <nanos>150500</nanos>
  <sequence>31</sequence>
  <level>END</level>
  <class>com.kms.katalon.core.logging.XmlKeywordLogger</class>
  <method>endKeyword</method>
  <thread>1</thread>
  <message>End action : openBrowser(&amp;quot;&amp;quot;)</message>
  <nestedLevel>2</nestedLevel>
  <escapedJava>false</escapedJava>
</record>
<record>
  <date>2025-08-05T06:28:45.844150500Z</date>
  <millis>1754375325844</millis>
  <nanos>150500</nanos>
  <sequence>32</sequence>
  <level>START</level>
  <class>com.kms.katalon.core.logging.XmlKeywordLogger</class>
  <method>startKeyword</method>
  <thread>1</thread>
  <message>Start action : delay(5)</message>
  <nestedLevel>2</nestedLevel>
  <escapedJava>false</escapedJava>
  <property name="startLine">23</property>
  <property name="stepIndex">2</property>
</record>
<record>
  <date>2025-08-05T06:28:50.943841Z</date>
  <millis>1754375330943</millis>
  <nanos>841000</nanos>
  <sequence>34</sequence>
  <level>PASSED</level>
  <class>com.kms.katalon.core.logging.XmlKeywordLogger</class>
  <method>logMessage</method>
  <thread>1</thread>
  <message>Delayed 5 second(s)</message>
  <nestedLevel>1</nestedLevel>
  <escapedJava>false</escapedJava>
  <property name="testops-method-name">com.kms.katalon.core.keyword.builtin.DelayKeyword.delay</property>
  <property name="testops-execution-stacktrace"></property>
</record>
<record>
  <date>2025-08-05T06:28:50.949227600Z</date>
  <millis>1754375330949</millis>
  <nanos>227600</nanos>
  <sequence>35</sequence>
  <level>END</level>
  <class>com.kms.katalon.core.logging.XmlKeywordLogger</class>
  <method>endKeyword</method>
  <thread>1</thread>
  <message>End action : delay(5)</message>
  <nestedLevel>2</nestedLevel>
  <escapedJava>false</escapedJava>
</record>
<record>
  <date>2025-08-05T06:28:50.951116300Z</date>
  <millis>1754375330951</millis>
  <nanos>116300</nanos>
  <sequence>36</sequence>
  <level>START</level>
  <class>com.kms.katalon.core.logging.XmlKeywordLogger</class>
  <method>startKeyword</method>
  <thread>1</thread>
  <message>Start action : navigateToUrl(&amp;quot;https://katalon-demo-cura.herokuapp.com/&amp;quot;)</message>
  <nestedLevel>2</nestedLevel>
  <escapedJava>false</escapedJava>
  <property name="startLine">25</property>
  <property name="stepIndex">3</property>
</record>
<record>
  <date>2025-08-05T06:28:51.879102300Z</date>
  <millis>1754375331879</millis>
  <nanos>102300</nanos>
  <sequence>39</sequence>
  <level>PASSED</level>
  <class>com.kms.katalon.core.logging.XmlKeywordLogger</class>
  <method>logMessage</method>
  <thread>1</thread>
  <message>Navigate to &amp;apos;https://katalon-demo-cura.herokuapp.com/&amp;apos; successfully</message>
  <nestedLevel>1</nestedLevel>
  <escapedJava>false</escapedJava>
  <property name="testops-method-name">com.kms.katalon.core.webui.keyword.builtin.NavigateToUrlKeyword.navigateToUrl</property>
  <property name="testops-execution-stacktrace"></property>
</record>
<record>
  <date>2025-08-05T06:28:51.879102300Z</date>
  <millis>1754375331879</millis>
  <nanos>102300</nanos>
  <sequence>40</sequence>
  <level>END</level>
  <class>com.kms.katalon.core.logging.XmlKeywordLogger</class>
  <method>endKeyword</method>
  <thread>1</thread>
  <message>End action : navigateToUrl(&amp;quot;https://katalon-demo-cura.herokuapp.com/&amp;quot;)</message>
  <nestedLevel>2</nestedLevel>
  <escapedJava>false</escapedJava>
</record>
<record>
  <date>2025-08-05T06:28:51.879102300Z</date>
  <millis>1754375331879</millis>
  <nanos>102300</nanos>
  <sequence>41</sequence>
  <level>END</level>
  <class>com.kms.katalon.core.logging.XmlKeywordLogger</class>
  <method>endKeyword</method>
  <thread>1</thread>
  <message>End action : try</message>
  <nestedLevel>1</nestedLevel>
  <escapedJava>false</escapedJava>
</record>
<record>
  <date>2025-08-05T06:28:51.879102300Z</date>
  <millis>1754375331879</millis>
  <nanos>102300</nanos>
  <sequence>42</sequence>
  <level>START</level>
  <class>com.kms.katalon.core.logging.XmlKeywordLogger</class>
  <method>startKeyword</method>
  <thread>1</thread>
  <message>Start action : click(findTestObject(&amp;quot;Object Repository/Page_CURA Healthcare Service/a_Make Appointment&amp;quot;))</message>
  <nestedLevel>1</nestedLevel>
  <escapedJava>false</escapedJava>
  <property name="startLine">31</property>
  <property name="stepIndex">4</property>
</record>
<record>
  <date>2025-08-05T06:28:54.561334400Z</date>
  <millis>1754375334561</millis>
  <nanos>334400</nanos>
  <sequence>52</sequence>
  <level>PASSED</level>
  <class>com.kms.katalon.core.logging.XmlKeywordLogger</class>
  <method>logMessage</method>
  <thread>1</thread>
  <message>Object: &amp;apos;Object Repository/Page_CURA Healthcare Service/a_Make Appointment&amp;apos; is clicked on</message>
  <nestedLevel>1</nestedLevel>
  <escapedJava>false</escapedJava>
  <property name="testops-method-name">com.kms.katalon.core.webui.keyword.builtin.ClickKeyword.click</property>
  <property name="testops-execution-stacktrace"></property>
</record>
<record>
  <date>2025-08-05T06:28:54.561334400Z</date>
  <millis>1754375334561</millis>
  <nanos>334400</nanos>
  <sequence>53</sequence>
  <level>END</level>
  <class>com.kms.katalon.core.logging.XmlKeywordLogger</class>
  <method>endKeyword</method>
  <thread>1</thread>
  <message>End action : click(findTestObject(&amp;quot;Object Repository/Page_CURA Healthcare Service/a_Make Appointment&amp;quot;))</message>
  <nestedLevel>1</nestedLevel>
  <escapedJava>false</escapedJava>
</record>
<record>
  <date>2025-08-05T06:28:54.561334400Z</date>
  <millis>1754375334561</millis>
  <nanos>334400</nanos>
  <sequence>54</sequence>
  <level>START</level>
  <class>com.kms.katalon.core.logging.XmlKeywordLogger</class>
  <method>startKeyword</method>
  <thread>1</thread>
  <message>Start action : setText(findTestObject(&amp;quot;Object Repository/Page_CURA Healthcare Service/input_Username_username&amp;quot;), &amp;quot;John Doe&amp;quot;)</message>
  <nestedLevel>1</nestedLevel>
  <escapedJava>false</escapedJava>
  <property name="startLine">33</property>
  <property name="stepIndex">5</property>
</record>
<record>
  <date>2025-08-05T06:28:58.568508200Z</date>
  <millis>1754375338568</millis>
  <nanos>508200</nanos>
  <sequence>70</sequence>
  <level>PASSED</level>
  <class>com.kms.katalon.core.logging.XmlKeywordLogger</class>
  <method>logMessage</method>
  <thread>1</thread>
  <message>Text &amp;apos;John Doe&amp;apos; is set on object &amp;apos;Object Repository/Page_CURA Healthcare Service/input_Username_username&amp;apos;</message>
  <nestedLevel>1</nestedLevel>
  <escapedJava>false</escapedJava>
  <property name="testops-method-name">com.kms.katalon.core.webui.keyword.builtin.SetTextKeyword.setText</property>
  <property name="testops-execution-stacktrace"></property>
</record>
<record>
  <date>2025-08-05T06:28:58.572747800Z</date>
  <millis>1754375338572</millis>
  <nanos>747800</nanos>
  <sequence>71</sequence>
  <level>END</level>
  <class>com.kms.katalon.core.logging.XmlKeywordLogger</class>
  <method>endKeyword</method>
  <thread>1</thread>
  <message>End action : setText(findTestObject(&amp;quot;Object Repository/Page_CURA Healthcare Service/input_Username_username&amp;quot;), &amp;quot;John Doe&amp;quot;)</message>
  <nestedLevel>1</nestedLevel>
  <escapedJava>false</escapedJava>
</record>
<record>
  <date>2025-08-05T06:28:58.574814900Z</date>
  <millis>1754375338574</millis>
  <nanos>814900</nanos>
  <sequence>72</sequence>
  <level>START</level>
  <class>com.kms.katalon.core.logging.XmlKeywordLogger</class>
  <method>startKeyword</method>
  <thread>1</thread>
  <message>Start action : doubleClick(findTestObject(&amp;quot;Object Repository/Page_CURA Healthcare Service/input_Demo account_form-control&amp;quot;))</message>
  <nestedLevel>1</nestedLevel>
  <escapedJava>false</escapedJava>
  <property name="startLine">35</property>
  <property name="stepIndex">6</property>
</record>
<record>
  <date>2025-08-05T06:29:00.378201600Z</date>
  <millis>1754375340378</millis>
  <nanos>201600</nanos>
  <sequence>81</sequence>
  <level>PASSED</level>
  <class>com.kms.katalon.core.logging.XmlKeywordLogger</class>
  <method>logMessage</method>
  <thread>1</thread>
  <message>Object: &amp;apos;Object Repository/Page_CURA Healthcare Service/input_Demo account_form-control&amp;apos; is double clicked on</message>
  <nestedLevel>1</nestedLevel>
  <escapedJava>false</escapedJava>
  <property name="testops-method-name">com.kms.katalon.core.webui.keyword.builtin.DoubleClickKeyword.doubleClick</property>
  <property name="testops-execution-stacktrace"></property>
</record>
<record>
  <date>2025-08-05T06:29:00.383327600Z</date>
  <millis>1754375340383</millis>
  <nanos>327600</nanos>
  <sequence>82</sequence>
  <level>END</level>
  <class>com.kms.katalon.core.logging.XmlKeywordLogger</class>
  <method>endKeyword</method>
  <thread>1</thread>
  <message>End action : doubleClick(findTestObject(&amp;quot;Object Repository/Page_CURA Healthcare Service/input_Demo account_form-control&amp;quot;))</message>
  <nestedLevel>1</nestedLevel>
  <escapedJava>false</escapedJava>
</record>
<record>
  <date>2025-08-05T06:29:00.383327600Z</date>
  <millis>1754375340383</millis>
  <nanos>327600</nanos>
  <sequence>83</sequence>
  <level>START</level>
  <class>com.kms.katalon.core.logging.XmlKeywordLogger</class>
  <method>startKeyword</method>
  <thread>1</thread>
  <message>Start action : click(findTestObject(&amp;quot;Object Repository/Page_CURA Healthcare Service/input_Demo account_form-control&amp;quot;))</message>
  <nestedLevel>1</nestedLevel>
  <escapedJava>false</escapedJava>
  <property name="startLine">37</property>
  <property name="stepIndex">7</property>
</record>
<record>
  <date>2025-08-05T06:29:02.958829400Z</date>
  <millis>1754375342958</millis>
  <nanos>829400</nanos>
  <sequence>93</sequence>
  <level>PASSED</level>
  <class>com.kms.katalon.core.logging.XmlKeywordLogger</class>
  <method>logMessage</method>
  <thread>1</thread>
  <message>Object: &amp;apos;Object Repository/Page_CURA Healthcare Service/input_Demo account_form-control&amp;apos; is clicked on</message>
  <nestedLevel>1</nestedLevel>
  <escapedJava>false</escapedJava>
  <property name="testops-method-name">com.kms.katalon.core.webui.keyword.builtin.ClickKeyword.click</property>
  <property name="testops-execution-stacktrace"></property>
</record>
<record>
  <date>2025-08-05T06:29:02.961057100Z</date>
  <millis>1754375342961</millis>
  <nanos>57100</nanos>
  <sequence>94</sequence>
  <level>END</level>
  <class>com.kms.katalon.core.logging.XmlKeywordLogger</class>
  <method>endKeyword</method>
  <thread>1</thread>
  <message>End action : click(findTestObject(&amp;quot;Object Repository/Page_CURA Healthcare Service/input_Demo account_form-control&amp;quot;))</message>
  <nestedLevel>1</nestedLevel>
  <escapedJava>false</escapedJava>
</record>
<record>
  <date>2025-08-05T06:29:02.962736200Z</date>
  <millis>1754375342962</millis>
  <nanos>736200</nanos>
  <sequence>95</sequence>
  <level>START</level>
  <class>com.kms.katalon.core.logging.XmlKeywordLogger</class>
  <method>startKeyword</method>
  <thread>1</thread>
  <message>Start action : setEncryptedText(findTestObject(&amp;quot;Object Repository/Page_CURA Healthcare Service/input_Password_password&amp;quot;), &amp;quot;g3/DOGG74jC3Flrr3yH+3D/yKbOqqUNM&amp;quot;)</message>
  <nestedLevel>1</nestedLevel>
  <escapedJava>false</escapedJava>
  <property name="startLine">39</property>
  <property name="stepIndex">8</property>
</record>
<record>
  <date>2025-08-05T06:29:05.659627800Z</date>
  <millis>1754375345659</millis>
  <nanos>627800</nanos>
  <sequence>106</sequence>
  <level>PASSED</level>
  <class>com.kms.katalon.core.logging.XmlKeywordLogger</class>
  <method>logMessage</method>
  <thread>1</thread>
  <message>Text ****** has been set on object &amp;apos;Object Repository/Page_CURA Healthcare Service/input_Password_password&amp;apos;</message>
  <nestedLevel>1</nestedLevel>
  <escapedJava>false</escapedJava>
  <property name="testops-method-name">com.kms.katalon.core.webui.keyword.builtin.SetEncryptedTextKeyword.setEncryptedText</property>
  <property name="testops-execution-stacktrace"></property>
</record>
<record>
  <date>2025-08-05T06:29:05.661219500Z</date>
  <millis>1754375345661</millis>
  <nanos>219500</nanos>
  <sequence>107</sequence>
  <level>END</level>
  <class>com.kms.katalon.core.logging.XmlKeywordLogger</class>
  <method>endKeyword</method>
  <thread>1</thread>
  <message>End action : setEncryptedText(findTestObject(&amp;quot;Object Repository/Page_CURA Healthcare Service/input_Password_password&amp;quot;), &amp;quot;g3/DOGG74jC3Flrr3yH+3D/yKbOqqUNM&amp;quot;)</message>
  <nestedLevel>1</nestedLevel>
  <escapedJava>false</escapedJava>
</record>
<record>
  <date>2025-08-05T06:29:05.664937Z</date>
  <millis>1754375345664</millis>
  <nanos>937000</nanos>
  <sequence>108</sequence>
  <level>START</level>
  <class>com.kms.katalon.core.logging.XmlKeywordLogger</class>
  <method>startKeyword</method>
  <thread>1</thread>
  <message>Start action : click(findTestObject(&amp;quot;Object Repository/Page_CURA Healthcare Service/button_Login&amp;quot;))</message>
  <nestedLevel>1</nestedLevel>
  <escapedJava>false</escapedJava>
  <property name="startLine">41</property>
  <property name="stepIndex">9</property>
</record>
<record>
  <date>2025-08-05T06:29:07.314313300Z</date>
  <millis>1754375347314</millis>
  <nanos>313300</nanos>
  <sequence>118</sequence>
  <level>PASSED</level>
  <class>com.kms.katalon.core.logging.XmlKeywordLogger</class>
  <method>logMessage</method>
  <thread>1</thread>
  <message>Object: &amp;apos;Object Repository/Page_CURA Healthcare Service/button_Login&amp;apos; is clicked on</message>
  <nestedLevel>1</nestedLevel>
  <escapedJava>false</escapedJava>
  <property name="testops-method-name">com.kms.katalon.core.webui.keyword.builtin.ClickKeyword.click</property>
  <property name="testops-execution-stacktrace"></property>
</record>
<record>
  <date>2025-08-05T06:29:07.318411200Z</date>
  <millis>1754375347318</millis>
  <nanos>411200</nanos>
  <sequence>119</sequence>
  <level>END</level>
  <class>com.kms.katalon.core.logging.XmlKeywordLogger</class>
  <method>endKeyword</method>
  <thread>1</thread>
  <message>End action : click(findTestObject(&amp;quot;Object Repository/Page_CURA Healthcare Service/button_Login&amp;quot;))</message>
  <nestedLevel>1</nestedLevel>
  <escapedJava>false</escapedJava>
</record>
<record>
  <date>2025-08-05T06:29:07.319652300Z</date>
  <millis>1754375347319</millis>
  <nanos>652300</nanos>
  <sequence>120</sequence>
  <level>START</level>
  <class>com.kms.katalon.core.logging.XmlKeywordLogger</class>
  <method>startKeyword</method>
  <thread>1</thread>
  <message>Start action : closeBrowser()</message>
  <nestedLevel>1</nestedLevel>
  <escapedJava>false</escapedJava>
  <property name="startLine">43</property>
  <property name="stepIndex">10</property>
</record>
<record>
  <date>2025-08-05T06:29:09.731017Z</date>
  <millis>1754375349731</millis>
  <nanos>17000</nanos>
  <sequence>123</sequence>
  <level>WARNING</level>
  <class>com.kms.katalon.core.logging.XmlKeywordLogger</class>
  <method>logMessage</method>
  <thread>1</thread>
  <message>Cannot take screenshot</message>
  <nestedLevel>1</nestedLevel>
  <escapedJava>false</escapedJava>
  <property name="failed.exception.class">org.openqa.selenium.NoSuchSessionException</property>
  <property name="failed.exception.stacktrace">org.openqa.selenium.NoSuchSessionException: Session ID is null. Using WebDriver after calling quit()?
Build info: version: &apos;4.28.1&apos;, revision: &apos;73f5ad48a2&apos;
System info: os.name: &apos;Windows 11&apos;, os.arch: &apos;amd64&apos;, os.version: &apos;10.0&apos;, java.version: &apos;17.0.14&apos;
Driver info: com.kms.katalon.selenium.driver.CRemoteWebDriver
Command: [null, switchToWindow {handle=}]
Capabilities {acceptInsecureCerts: false, browserName: chrome, browserVersion: 134.0.6998.178, chrome: {chromedriverVersion: 134.0.6998.178 (81fef1e2645..., userDataDir: C:\Windows\SystemTemp\scope...}, fedcm:accounts: true, goog:chromeOptions: {debuggerAddress: localhost:9225}, katalon:caps: {executionId: 867d5918-352f-47a8-9d24-dc8..., executionSessionId: 74dd93af-0b3a-487c-b624-e02...}, katalon:options: {executionId: 867d5918-352f-47a8-9d24-dc8..., executionMode: queue, executionSessionId: 74dd93af-0b3a-487c-b624-e02..., metadata: {accountUuid: c44afe3b-f76f-4921-9346-27f..., channel: kse;v=10.2.3, organizationId: 2293188, projectId: 2256648, usingTunnel: false}, runFromTestCloud: true, userId: 1718855, usingTunnel: false}, kt:requestId: 74dd93af-0b3a-487c-b624-e02..., kt:rid: 74dd93af-0b3a-487c-b624-e02..., networkConnectionEnabled: false, pageLoadStrategy: normal, platformName: windows, proxy: Proxy(), se:bidiEnabled: false, se:cdpEnabled: false, setWindowRect: true, strictFileInteractability: false, timeouts: {implicit: 0, pageLoad: 300000, script: 30000}, unhandledPromptBehavior: dismiss and notify, webauthn:extension:credBlob: true, webauthn:extension:largeBlob: true, webauthn:extension:minPinLength: true, webauthn:extension:prf: true, webauthn:virtualAuthenticators: true}
	at org.openqa.selenium.remote.HttpCommandExecutor.execute(HttpCommandExecutor.java:176)
	at org.openqa.selenium.remote.RemoteWebDriver.execute(RemoteWebDriver.java:545)
	at org.openqa.selenium.remote.RemoteWebDriver$RemoteTargetLocator.window(RemoteWebDriver.java:1145)
	at java.base/jdk.internal.reflect.NativeMethodAccessorImpl.invoke0(Native Method)
	at java.base/jdk.internal.reflect.NativeMethodAccessorImpl.invoke(NativeMethodAccessorImpl.java:77)
	at java.base/jdk.internal.reflect.DelegatingMethodAccessorImpl.invoke(DelegatingMethodAccessorImpl.java:43)
	at org.openqa.selenium.support.decorators.WebDriverDecorator.call(WebDriverDecorator.java:315)
	at org.openqa.selenium.support.decorators.DefaultDecorated.call(DefaultDecorated.java:48)
	at org.openqa.selenium.support.decorators.WebDriverDecorator.lambda$createProxyFactory$3(WebDriverDecorator.java:405)
	at net.bytebuddy.renamed.java.lang.Object$ByteBuddy$1kTcDQ5D.window(Unknown Source)
	at com.kms.katalon.core.webui.driver.DriverFactory.switchToAvailableWindow(DriverFactory.java:687)
	at com.kms.katalon.core.webui.driver.DriverFactory.verifyWebDriver(DriverFactory.java:575)
	at com.kms.katalon.core.webui.driver.DriverFactory.getWebDriver(DriverFactory.java:546)
	at com.kms.katalon.core.webui.helper.screenshot.WebUIScreenCaptor.take(WebUIScreenCaptor.java:26)
	at com.kms.katalon.core.helper.screenshot.ScreenCaptor.takeScreenshotAndGetAttributes(ScreenCaptor.java:38)
	at com.kms.katalon.core.webui.keyword.internal.WebUIKeywordMain.stepFailed(WebUIKeywordMain.groovy:118)
	at com.kms.katalon.core.webui.keyword.internal.WebUIKeywordMain.runKeyword(WebUIKeywordMain.groovy:43)
	at com.kms.katalon.core.webui.keyword.builtin.CloseBrowserKeyword.closeBrowser(CloseBrowserKeyword.groovy:72)
	at com.kms.katalon.core.webui.keyword.builtin.CloseBrowserKeyword.execute(CloseBrowserKeyword.groovy:67)
	at com.kms.katalon.core.keyword.internal.KeywordExecutor.executeKeywordForPlatform(KeywordExecutor.groovy:64)
	at com.kms.katalon.core.webui.keyword.WebUiBuiltInKeywords.closeBrowser(WebUiBuiltInKeywords.groovy:83)
	at TestCloud Sample.run(TestCloud Sample:43)
	at com.kms.katalon.core.main.ScriptEngine.run(ScriptEngine.java:194)
	at com.kms.katalon.core.main.ScriptEngine.runScriptAsRawText(ScriptEngine.java:119)
	at com.kms.katalon.core.main.TestCaseExecutor.runScript(TestCaseExecutor.java:485)
	at com.kms.katalon.core.main.TestCaseExecutor.doExecute(TestCaseExecutor.java:476)
	at com.kms.katalon.core.main.TestCaseExecutor.processExecutionPhase(TestCaseExecutor.java:455)
	at com.kms.katalon.core.main.TestCaseExecutor.accessMainPhase(TestCaseExecutor.java:447)
	at com.kms.katalon.core.main.TestCaseExecutor.execute(TestCaseExecutor.java:321)
	at com.kms.katalon.core.common.CommonExecutor.accessTestCaseMainPhase(CommonExecutor.java:71)
	at com.kms.katalon.core.main.TestSuiteExecutor.accessTestSuiteMainPhase(TestSuiteExecutor.java:160)
	at com.kms.katalon.core.main.TestSuiteExecutor.execute(TestSuiteExecutor.java:107)
	at com.kms.katalon.core.main.TestCaseMain.startTestSuite(TestCaseMain.java:195)
	at TempTestSuite1754375272522.run(TempTestSuite1754375272522.groovy:35)
	at java.base/jdk.internal.reflect.NativeMethodAccessorImpl.invoke0(Native Method)
	at java.base/jdk.internal.reflect.NativeMethodAccessorImpl.invoke(NativeMethodAccessorImpl.java:77)
	at java.base/jdk.internal.reflect.DelegatingMethodAccessorImpl.invoke(DelegatingMethodAccessorImpl.java:43)
</property>
  <property name="failed.exception.message">Session ID is null. Using WebDriver after calling quit()?
Build info: version: &apos;4.28.1&apos;, revision: &apos;73f5ad48a2&apos;
System info: os.name: &apos;Windows 11&apos;, os.arch: &apos;amd64&apos;, os.version: &apos;10.0&apos;, java.version: &apos;17.0.14&apos;
Driver info: com.kms.katalon.selenium.driver.CRemoteWebDriver
Command: [null, switchToWindow {handle=}]
Capabilities {acceptInsecureCerts: false, browserName: chrome, browserVersion: 134.0.6998.178, chrome: {chromedriverVersion: 134.0.6998.178 (81fef1e2645..., userDataDir: C:\Windows\SystemTemp\scope...}, fedcm:accounts: true, goog:chromeOptions: {debuggerAddress: localhost:9225}, katalon:caps: {executionId: 867d5918-352f-47a8-9d24-dc8..., executionSessionId: 74dd93af-0b3a-487c-b624-e02...}, katalon:options: {executionId: 867d5918-352f-47a8-9d24-dc8..., executionMode: queue, executionSessionId: 74dd93af-0b3a-487c-b624-e02..., metadata: {accountUuid: c44afe3b-f76f-4921-9346-27f..., channel: kse;v=10.2.3, organizationId: 2293188, projectId: 2256648, usingTunnel: false}, runFromTestCloud: true, userId: 1718855, usingTunnel: false}, kt:requestId: 74dd93af-0b3a-487c-b624-e02..., kt:rid: 74dd93af-0b3a-487c-b624-e02..., networkConnectionEnabled: false, pageLoadStrategy: normal, platformName: windows, proxy: Proxy(), se:bidiEnabled: false, se:cdpEnabled: false, setWindowRect: true, strictFileInteractability: false, timeouts: {implicit: 0, pageLoad: 300000, script: 30000}, unhandledPromptBehavior: dismiss and notify, webauthn:extension:credBlob: true, webauthn:extension:largeBlob: true, webauthn:extension:minPinLength: true, webauthn:extension:prf: true, webauthn:virtualAuthenticators: true}</property>
</record>
<record>
  <date>2025-08-05T06:29:09.731017Z</date>
  <millis>1754375349731</millis>
  <nanos>17000</nanos>
  <sequence>127</sequence>
  <level>FAILED</level>
  <class>com.kms.katalon.core.logging.XmlKeywordLogger</class>
  <method>logMessage</method>
  <thread>1</thread>
  <message>Unable to close browser (Root cause: com.kms.katalon.core.exception.StepFailedException: Unable to close browser
	at com.kms.katalon.core.webui.keyword.internal.WebUIKeywordMain.stepFailed(WebUIKeywordMain.groovy:118)
	at com.kms.katalon.core.webui.keyword.internal.WebUIKeywordMain.runKeyword(WebUIKeywordMain.groovy:43)
	at com.kms.katalon.core.webui.keyword.builtin.CloseBrowserKeyword.closeBrowser(CloseBrowserKeyword.groovy:72)
	at com.kms.katalon.core.webui.keyword.builtin.CloseBrowserKeyword.execute(CloseBrowserKeyword.groovy:67)
	at com.kms.katalon.core.keyword.internal.KeywordExecutor.executeKeywordForPlatform(KeywordExecutor.groovy:64)
	at com.kms.katalon.core.webui.keyword.WebUiBuiltInKeywords.closeBrowser(WebUiBuiltInKeywords.groovy:83)
	at TestCloud Sample.run(TestCloud Sample:43)
	at com.kms.katalon.core.main.ScriptEngine.run(ScriptEngine.java:194)
	at com.kms.katalon.core.main.ScriptEngine.runScriptAsRawText(ScriptEngine.java:119)
	at com.kms.katalon.core.main.TestCaseExecutor.runScript(TestCaseExecutor.java:485)
	at com.kms.katalon.core.main.TestCaseExecutor.doExecute(TestCaseExecutor.java:476)
	at com.kms.katalon.core.main.TestCaseExecutor.processExecutionPhase(TestCaseExecutor.java:455)
	at com.kms.katalon.core.main.TestCaseExecutor.accessMainPhase(TestCaseExecutor.java:447)
	at com.kms.katalon.core.main.TestCaseExecutor.execute(TestCaseExecutor.java:321)
	at com.kms.katalon.core.common.CommonExecutor.accessTestCaseMainPhase(CommonExecutor.java:71)
	at com.kms.katalon.core.main.TestSuiteExecutor.accessTestSuiteMainPhase(TestSuiteExecutor.java:160)
	at com.kms.katalon.core.main.TestSuiteExecutor.execute(TestSuiteExecutor.java:107)
	at com.kms.katalon.core.main.TestCaseMain.startTestSuite(TestCaseMain.java:195)
	at TempTestSuite1754375272522.run(TempTestSuite1754375272522.groovy:35)
	at java.base/jdk.internal.reflect.NativeMethodAccessorImpl.invoke0(Native Method)
	at java.base/jdk.internal.reflect.NativeMethodAccessorImpl.invoke(NativeMethodAccessorImpl.java:77)
	at java.base/jdk.internal.reflect.DelegatingMethodAccessorImpl.invoke(DelegatingMethodAccessorImpl.java:43)
Caused by: org.openqa.selenium.WebDriverException: RESTEASY004655: Unable to invoke request: java.net.SocketException: Socket closed
Build info: version: &amp;apos;4.28.1&amp;apos;, revision: &amp;apos;73f5ad48a2&amp;apos;
System info: os.name: &amp;apos;Windows 11&amp;apos;, os.arch: &amp;apos;amd64&amp;apos;, os.version: &amp;apos;10.0&amp;apos;, java.version: &amp;apos;17.0.14&amp;apos;
Driver info: com.kms.katalon.selenium.driver.CRemoteWebDriver
Command: [495d6fac588f936cadeb7578ce0d96bf, quit {}]
Capabilities {acceptInsecureCerts: false, browserName: chrome, browserVersion: 134.0.6998.178, chrome: {chromedriverVersion: 134.0.6998.178 (81fef1e2645..., userDataDir: C:\Windows\SystemTemp\scope...}, fedcm:accounts: true, goog:chromeOptions: {debuggerAddress: localhost:9225}, katalon:caps: {executionId: 867d5918-352f-47a8-9d24-dc8..., executionSessionId: 74dd93af-0b3a-487c-b624-e02...}, katalon:options: {executionId: 867d5918-352f-47a8-9d24-dc8..., executionMode: queue, executionSessionId: 74dd93af-0b3a-487c-b624-e02..., metadata: {accountUuid: c44afe3b-f76f-4921-9346-27f..., channel: kse;v=10.2.3, organizationId: 2293188, projectId: 2256648, usingTunnel: false}, runFromTestCloud: true, userId: 1718855, usingTunnel: false}, kt:requestId: 74dd93af-0b3a-487c-b624-e02..., kt:rid: 74dd93af-0b3a-487c-b624-e02..., networkConnectionEnabled: false, pageLoadStrategy: normal, platformName: windows, proxy: Proxy(), se:bidiEnabled: false, se:cdpEnabled: false, setWindowRect: true, strictFileInteractability: false, timeouts: {implicit: 0, pageLoad: 300000, script: 30000}, unhandledPromptBehavior: dismiss and notify, webauthn:extension:credBlob: true, webauthn:extension:largeBlob: true, webauthn:extension:minPinLength: true, webauthn:extension:prf: true, webauthn:virtualAuthenticators: true}
Session ID: 495d6fac588f936cadeb7578ce0d96bf
	at java.base/jdk.internal.reflect.NativeConstructorAccessorImpl.newInstance0(Native Method)
	at java.base/jdk.internal.reflect.NativeConstructorAccessorImpl.newInstance(NativeConstructorAccessorImpl.java:77)
	at java.base/jdk.internal.reflect.DelegatingConstructorAccessorImpl.newInstance(DelegatingConstructorAccessorImpl.java:45)
	at org.openqa.selenium.remote.ErrorCodec.decode(ErrorCodec.java:167)
	at org.openqa.selenium.remote.codec.w3c.W3CHttpResponseCodec.decode(W3CHttpResponseCodec.java:138)
	at org.openqa.selenium.remote.codec.w3c.W3CHttpResponseCodec.decode(W3CHttpResponseCodec.java:50)
	at org.openqa.selenium.remote.HttpCommandExecutor.execute(HttpCommandExecutor.java:215)
	at org.openqa.selenium.remote.RemoteWebDriver.execute(RemoteWebDriver.java:545)
	at org.openqa.selenium.remote.RemoteWebDriver.execute(RemoteWebDriver.java:618)
	at com.kms.katalon.selenium.driver.CRemoteWebDriver.execute(CRemoteWebDriver.java:96)
	at org.openqa.selenium.remote.RemoteWebDriver.execute(RemoteWebDriver.java:622)
	at org.openqa.selenium.remote.RemoteWebDriver.quit(RemoteWebDriver.java:446)
	at java.base/jdk.internal.reflect.NativeMethodAccessorImpl.invoke0(Native Method)
	at java.base/jdk.internal.reflect.NativeMethodAccessorImpl.invoke(NativeMethodAccessorImpl.java:77)
	at java.base/jdk.internal.reflect.DelegatingMethodAccessorImpl.invoke(DelegatingMethodAccessorImpl.java:43)
	at org.openqa.selenium.support.decorators.WebDriverDecorator.call(WebDriverDecorator.java:315)
	at org.openqa.selenium.support.decorators.DefaultDecorated.call(DefaultDecorated.java:48)
	at org.openqa.selenium.support.decorators.WebDriverDecorator.lambda$createProxyFactory$3(WebDriverDecorator.java:405)
	at org.openqa.selenium.remote.RemoteWebDriver$ByteBuddy$IRo4ymZu.quit(Unknown Source)
	at com.kms.katalon.core.webui.driver.DriverFactory.closeWebDriver(DriverFactory.java:868)
	at com.kms.katalon.core.webui.keyword.builtin.CloseBrowserKeyword$_closeBrowser_closure1.doCall(CloseBrowserKeyword.groovy:74)
	at com.kms.katalon.core.webui.keyword.builtin.CloseBrowserKeyword$_closeBrowser_closure1.call(CloseBrowserKeyword.groovy)
	at com.kms.katalon.core.webui.keyword.internal.WebUIKeywordMain.runKeyword(WebUIKeywordMain.groovy:35)
	at com.kms.katalon.core.webui.keyword.builtin.CloseBrowserKeyword.closeBrowser(CloseBrowserKeyword.groovy:72)
	at com.kms.katalon.core.webui.keyword.builtin.CloseBrowserKeyword.execute(CloseBrowserKeyword.groovy:67)
	at com.kms.katalon.core.keyword.internal.KeywordExecutor.executeKeywordForPlatform(KeywordExecutor.groovy:64)
	at com.kms.katalon.core.webui.keyword.WebUiBuiltInKeywords.closeBrowser(WebUiBuiltInKeywords.groovy:83)
	at Script1753190037592.run(Script1753190037592.groovy:43)
	... 15 more
)</message>
  <nestedLevel>1</nestedLevel>
  <escapedJava>false</escapedJava>
  <property name="failed.exception.class">org.openqa.selenium.WebDriverException</property>
  <property name="failed.exception.stacktrace">org.openqa.selenium.WebDriverException: RESTEASY004655: Unable to invoke request: java.net.SocketException: Socket closed
Build info: version: &apos;4.28.1&apos;, revision: &apos;73f5ad48a2&apos;
System info: os.name: &apos;Windows 11&apos;, os.arch: &apos;amd64&apos;, os.version: &apos;10.0&apos;, java.version: &apos;17.0.14&apos;
Driver info: com.kms.katalon.selenium.driver.CRemoteWebDriver
Command: [495d6fac588f936cadeb7578ce0d96bf, quit {}]
Capabilities {acceptInsecureCerts: false, browserName: chrome, browserVersion: 134.0.6998.178, chrome: {chromedriverVersion: 134.0.6998.178 (81fef1e2645..., userDataDir: C:\Windows\SystemTemp\scope...}, fedcm:accounts: true, goog:chromeOptions: {debuggerAddress: localhost:9225}, katalon:caps: {executionId: 867d5918-352f-47a8-9d24-dc8..., executionSessionId: 74dd93af-0b3a-487c-b624-e02...}, katalon:options: {executionId: 867d5918-352f-47a8-9d24-dc8..., executionMode: queue, executionSessionId: 74dd93af-0b3a-487c-b624-e02..., metadata: {accountUuid: c44afe3b-f76f-4921-9346-27f..., channel: kse;v=10.2.3, organizationId: 2293188, projectId: 2256648, usingTunnel: false}, runFromTestCloud: true, userId: 1718855, usingTunnel: false}, kt:requestId: 74dd93af-0b3a-487c-b624-e02..., kt:rid: 74dd93af-0b3a-487c-b624-e02..., networkConnectionEnabled: false, pageLoadStrategy: normal, platformName: windows, proxy: Proxy(), se:bidiEnabled: false, se:cdpEnabled: false, setWindowRect: true, strictFileInteractability: false, timeouts: {implicit: 0, pageLoad: 300000, script: 30000}, unhandledPromptBehavior: dismiss and notify, webauthn:extension:credBlob: true, webauthn:extension:largeBlob: true, webauthn:extension:minPinLength: true, webauthn:extension:prf: true, webauthn:virtualAuthenticators: true}
Session ID: 495d6fac588f936cadeb7578ce0d96bf
	at java.base/jdk.internal.reflect.NativeConstructorAccessorImpl.newInstance0(Native Method)
	at java.base/jdk.internal.reflect.NativeConstructorAccessorImpl.newInstance(NativeConstructorAccessorImpl.java:77)
	at java.base/jdk.internal.reflect.DelegatingConstructorAccessorImpl.newInstance(DelegatingConstructorAccessorImpl.java:45)
	at org.openqa.selenium.remote.ErrorCodec.decode(ErrorCodec.java:167)
	at org.openqa.selenium.remote.codec.w3c.W3CHttpResponseCodec.decode(W3CHttpResponseCodec.java:138)
	at org.openqa.selenium.remote.codec.w3c.W3CHttpResponseCodec.decode(W3CHttpResponseCodec.java:50)
	at org.openqa.selenium.remote.HttpCommandExecutor.execute(HttpCommandExecutor.java:215)
	at org.openqa.selenium.remote.RemoteWebDriver.execute(RemoteWebDriver.java:545)
	at org.openqa.selenium.remote.RemoteWebDriver.execute(RemoteWebDriver.java:618)
	at com.kms.katalon.selenium.driver.CRemoteWebDriver.execute(CRemoteWebDriver.java:96)
	at org.openqa.selenium.remote.RemoteWebDriver.execute(RemoteWebDriver.java:622)
	at org.openqa.selenium.remote.RemoteWebDriver.quit(RemoteWebDriver.java:446)
	at java.base/jdk.internal.reflect.NativeMethodAccessorImpl.invoke0(Native Method)
	at java.base/jdk.internal.reflect.NativeMethodAccessorImpl.invoke(NativeMethodAccessorImpl.java:77)
	at java.base/jdk.internal.reflect.DelegatingMethodAccessorImpl.invoke(DelegatingMethodAccessorImpl.java:43)
	at org.openqa.selenium.support.decorators.WebDriverDecorator.call(WebDriverDecorator.java:315)
	at org.openqa.selenium.support.decorators.DefaultDecorated.call(DefaultDecorated.java:48)
	at org.openqa.selenium.support.decorators.WebDriverDecorator.lambda$createProxyFactory$3(WebDriverDecorator.java:405)
	at org.openqa.selenium.remote.RemoteWebDriver$ByteBuddy$IRo4ymZu.quit(Unknown Source)
	at com.kms.katalon.core.webui.driver.DriverFactory.closeWebDriver(DriverFactory.java:868)
	at com.kms.katalon.core.webui.keyword.builtin.CloseBrowserKeyword$_closeBrowser_closure1.doCall(CloseBrowserKeyword.groovy:74)
	at com.kms.katalon.core.webui.keyword.builtin.CloseBrowserKeyword$_closeBrowser_closure1.call(CloseBrowserKeyword.groovy)
	at com.kms.katalon.core.webui.keyword.internal.WebUIKeywordMain.runKeyword(WebUIKeywordMain.groovy:35)
	at com.kms.katalon.core.webui.keyword.builtin.CloseBrowserKeyword.closeBrowser(CloseBrowserKeyword.groovy:72)
	at com.kms.katalon.core.webui.keyword.builtin.CloseBrowserKeyword.execute(CloseBrowserKeyword.groovy:67)
	at com.kms.katalon.core.keyword.internal.KeywordExecutor.executeKeywordForPlatform(KeywordExecutor.groovy:64)
	at com.kms.katalon.core.webui.keyword.WebUiBuiltInKeywords.closeBrowser(WebUiBuiltInKeywords.groovy:83)
	at TestCloud Sample.run(TestCloud Sample:43)
	at com.kms.katalon.core.main.ScriptEngine.run(ScriptEngine.java:194)
	at com.kms.katalon.core.main.ScriptEngine.runScriptAsRawText(ScriptEngine.java:119)
	at com.kms.katalon.core.main.TestCaseExecutor.runScript(TestCaseExecutor.java:485)
	at com.kms.katalon.core.main.TestCaseExecutor.doExecute(TestCaseExecutor.java:476)
	at com.kms.katalon.core.main.TestCaseExecutor.processExecutionPhase(TestCaseExecutor.java:455)
	at com.kms.katalon.core.main.TestCaseExecutor.accessMainPhase(TestCaseExecutor.java:447)
	at com.kms.katalon.core.main.TestCaseExecutor.execute(TestCaseExecutor.java:321)
	at com.kms.katalon.core.common.CommonExecutor.accessTestCaseMainPhase(CommonExecutor.java:71)
	at com.kms.katalon.core.main.TestSuiteExecutor.accessTestSuiteMainPhase(TestSuiteExecutor.java:160)
	at com.kms.katalon.core.main.TestSuiteExecutor.execute(TestSuiteExecutor.java:107)
	at com.kms.katalon.core.main.TestCaseMain.startTestSuite(TestCaseMain.java:195)
	at TempTestSuite1754375272522.run(TempTestSuite1754375272522.groovy:35)
	at java.base/jdk.internal.reflect.NativeMethodAccessorImpl.invoke0(Native Method)
	at java.base/jdk.internal.reflect.NativeMethodAccessorImpl.invoke(NativeMethodAccessorImpl.java:77)
	at java.base/jdk.internal.reflect.DelegatingMethodAccessorImpl.invoke(DelegatingMethodAccessorImpl.java:43)
</property>
  <property name="failed.exception.message">RESTEASY004655: Unable to invoke request: java.net.SocketException: Socket closed
Build info: version: &apos;4.28.1&apos;, revision: &apos;73f5ad48a2&apos;
System info: os.name: &apos;Windows 11&apos;, os.arch: &apos;amd64&apos;, os.version: &apos;10.0&apos;, java.version: &apos;17.0.14&apos;
Driver info: com.kms.katalon.selenium.driver.CRemoteWebDriver
Command: [495d6fac588f936cadeb7578ce0d96bf, quit {}]
Capabilities {acceptInsecureCerts: false, browserName: chrome, browserVersion: 134.0.6998.178, chrome: {chromedriverVersion: 134.0.6998.178 (81fef1e2645..., userDataDir: C:\Windows\SystemTemp\scope...}, fedcm:accounts: true, goog:chromeOptions: {debuggerAddress: localhost:9225}, katalon:caps: {executionId: 867d5918-352f-47a8-9d24-dc8..., executionSessionId: 74dd93af-0b3a-487c-b624-e02...}, katalon:options: {executionId: 867d5918-352f-47a8-9d24-dc8..., executionMode: queue, executionSessionId: 74dd93af-0b3a-487c-b624-e02..., metadata: {accountUuid: c44afe3b-f76f-4921-9346-27f..., channel: kse;v=10.2.3, organizationId: 2293188, projectId: 2256648, usingTunnel: false}, runFromTestCloud: true, userId: 1718855, usingTunnel: false}, kt:requestId: 74dd93af-0b3a-487c-b624-e02..., kt:rid: 74dd93af-0b3a-487c-b624-e02..., networkConnectionEnabled: false, pageLoadStrategy: normal, platformName: windows, proxy: Proxy(), se:bidiEnabled: false, se:cdpEnabled: false, setWindowRect: true, strictFileInteractability: false, timeouts: {implicit: 0, pageLoad: 300000, script: 30000}, unhandledPromptBehavior: dismiss and notify, webauthn:extension:credBlob: true, webauthn:extension:largeBlob: true, webauthn:extension:minPinLength: true, webauthn:extension:prf: true, webauthn:virtualAuthenticators: true}
Session ID: 495d6fac588f936cadeb7578ce0d96bf</property>
</record>
<record>
  <date>2025-08-05T06:29:09.731017Z</date>
  <millis>1754375349731</millis>
  <nanos>17000</nanos>
  <sequence>130</sequence>
  <level>END</level>
  <class>com.kms.katalon.core.logging.XmlKeywordLogger</class>
  <method>endKeyword</method>
  <thread>1</thread>
  <message>End action : closeBrowser()</message>
  <nestedLevel>1</nestedLevel>
  <escapedJava>false</escapedJava>
</record>
<record>
  <date>2025-08-05T06:29:09.741374Z</date>
  <millis>1754375349741</millis>
  <nanos>374000</nanos>
  <sequence>133</sequence>
  <level>FAILED</level>
  <class>com.kms.katalon.core.logging.XmlKeywordLogger</class>
  <method>logMessage</method>
  <thread>1</thread>
  <message>Test Cases/TestCloud Sample FAILED.
Reason:
com.kms.katalon.core.exception.StepFailedException: Unable to close browser
	at com.kms.katalon.core.webui.keyword.internal.WebUIKeywordMain.stepFailed(WebUIKeywordMain.groovy:118)
	at com.kms.katalon.core.webui.keyword.internal.WebUIKeywordMain.runKeyword(WebUIKeywordMain.groovy:43)
	at com.kms.katalon.core.webui.keyword.builtin.CloseBrowserKeyword.closeBrowser(CloseBrowserKeyword.groovy:72)
	at com.kms.katalon.core.webui.keyword.builtin.CloseBrowserKeyword.execute(CloseBrowserKeyword.groovy:67)
	at com.kms.katalon.core.keyword.internal.KeywordExecutor.executeKeywordForPlatform(KeywordExecutor.groovy:64)
	at com.kms.katalon.core.webui.keyword.WebUiBuiltInKeywords.closeBrowser(WebUiBuiltInKeywords.groovy:83)
	at TestCloud Sample.run(TestCloud Sample:43)
	at com.kms.katalon.core.main.ScriptEngine.run(ScriptEngine.java:194)
	at com.kms.katalon.core.main.ScriptEngine.runScriptAsRawText(ScriptEngine.java:119)
	at com.kms.katalon.core.main.TestCaseExecutor.runScript(TestCaseExecutor.java:485)
	at com.kms.katalon.core.main.TestCaseExecutor.doExecute(TestCaseExecutor.java:476)
	at com.kms.katalon.core.main.TestCaseExecutor.processExecutionPhase(TestCaseExecutor.java:455)
	at com.kms.katalon.core.main.TestCaseExecutor.accessMainPhase(TestCaseExecutor.java:447)
	at com.kms.katalon.core.main.TestCaseExecutor.execute(TestCaseExecutor.java:321)
	at com.kms.katalon.core.common.CommonExecutor.accessTestCaseMainPhase(CommonExecutor.java:71)
	at com.kms.katalon.core.main.TestSuiteExecutor.accessTestSuiteMainPhase(TestSuiteExecutor.java:160)
	at com.kms.katalon.core.main.TestSuiteExecutor.execute(TestSuiteExecutor.java:107)
	at com.kms.katalon.core.main.TestCaseMain.startTestSuite(TestCaseMain.java:195)
	at TempTestSuite1754375272522.run(TempTestSuite1754375272522.groovy:35)
	at java.base/jdk.internal.reflect.NativeMethodAccessorImpl.invoke0(Native Method)
	at java.base/jdk.internal.reflect.NativeMethodAccessorImpl.invoke(NativeMethodAccessorImpl.java:77)
	at java.base/jdk.internal.reflect.DelegatingMethodAccessorImpl.invoke(DelegatingMethodAccessorImpl.java:43)
Caused by: org.openqa.selenium.WebDriverException: RESTEASY004655: Unable to invoke request: java.net.SocketException: Socket closed
Build info: version: &amp;apos;4.28.1&amp;apos;, revision: &amp;apos;73f5ad48a2&amp;apos;
System info: os.name: &amp;apos;Windows 11&amp;apos;, os.arch: &amp;apos;amd64&amp;apos;, os.version: &amp;apos;10.0&amp;apos;, java.version: &amp;apos;17.0.14&amp;apos;
Driver info: com.kms.katalon.selenium.driver.CRemoteWebDriver
Command: [495d6fac588f936cadeb7578ce0d96bf, quit {}]
Capabilities {acceptInsecureCerts: false, browserName: chrome, browserVersion: 134.0.6998.178, chrome: {chromedriverVersion: 134.0.6998.178 (81fef1e2645..., userDataDir: C:\Windows\SystemTemp\scope...}, fedcm:accounts: true, goog:chromeOptions: {debuggerAddress: localhost:9225}, katalon:caps: {executionId: 867d5918-352f-47a8-9d24-dc8..., executionSessionId: 74dd93af-0b3a-487c-b624-e02...}, katalon:options: {executionId: 867d5918-352f-47a8-9d24-dc8..., executionMode: queue, executionSessionId: 74dd93af-0b3a-487c-b624-e02..., metadata: {accountUuid: c44afe3b-f76f-4921-9346-27f..., channel: kse;v=10.2.3, organizationId: 2293188, projectId: 2256648, usingTunnel: false}, runFromTestCloud: true, userId: 1718855, usingTunnel: false}, kt:requestId: 74dd93af-0b3a-487c-b624-e02..., kt:rid: 74dd93af-0b3a-487c-b624-e02..., networkConnectionEnabled: false, pageLoadStrategy: normal, platformName: windows, proxy: Proxy(), se:bidiEnabled: false, se:cdpEnabled: false, setWindowRect: true, strictFileInteractability: false, timeouts: {implicit: 0, pageLoad: 300000, script: 30000}, unhandledPromptBehavior: dismiss and notify, webauthn:extension:credBlob: true, webauthn:extension:largeBlob: true, webauthn:extension:minPinLength: true, webauthn:extension:prf: true, webauthn:virtualAuthenticators: true}
Session ID: 495d6fac588f936cadeb7578ce0d96bf
	at java.base/jdk.internal.reflect.NativeConstructorAccessorImpl.newInstance0(Native Method)
	at java.base/jdk.internal.reflect.NativeConstructorAccessorImpl.newInstance(NativeConstructorAccessorImpl.java:77)
	at java.base/jdk.internal.reflect.DelegatingConstructorAccessorImpl.newInstance(DelegatingConstructorAccessorImpl.java:45)
	at org.openqa.selenium.remote.ErrorCodec.decode(ErrorCodec.java:167)
	at org.openqa.selenium.remote.codec.w3c.W3CHttpResponseCodec.decode(W3CHttpResponseCodec.java:138)
	at org.openqa.selenium.remote.codec.w3c.W3CHttpResponseCodec.decode(W3CHttpResponseCodec.java:50)
	at org.openqa.selenium.remote.HttpCommandExecutor.execute(HttpCommandExecutor.java:215)
	at org.openqa.selenium.remote.RemoteWebDriver.execute(RemoteWebDriver.java:545)
	at org.openqa.selenium.remote.RemoteWebDriver.execute(RemoteWebDriver.java:618)
	at com.kms.katalon.selenium.driver.CRemoteWebDriver.execute(CRemoteWebDriver.java:96)
	at org.openqa.selenium.remote.RemoteWebDriver.execute(RemoteWebDriver.java:622)
	at org.openqa.selenium.remote.RemoteWebDriver.quit(RemoteWebDriver.java:446)
	at java.base/jdk.internal.reflect.NativeMethodAccessorImpl.invoke0(Native Method)
	at java.base/jdk.internal.reflect.NativeMethodAccessorImpl.invoke(NativeMethodAccessorImpl.java:77)
	at java.base/jdk.internal.reflect.DelegatingMethodAccessorImpl.invoke(DelegatingMethodAccessorImpl.java:43)
	at org.openqa.selenium.support.decorators.WebDriverDecorator.call(WebDriverDecorator.java:315)
	at org.openqa.selenium.support.decorators.DefaultDecorated.call(DefaultDecorated.java:48)
	at org.openqa.selenium.support.decorators.WebDriverDecorator.lambda$createProxyFactory$3(WebDriverDecorator.java:405)
	at org.openqa.selenium.remote.RemoteWebDriver$ByteBuddy$IRo4ymZu.quit(Unknown Source)
	at com.kms.katalon.core.webui.driver.DriverFactory.closeWebDriver(DriverFactory.java:868)
	at com.kms.katalon.core.webui.keyword.builtin.CloseBrowserKeyword$_closeBrowser_closure1.doCall(CloseBrowserKeyword.groovy:74)
	at com.kms.katalon.core.webui.keyword.builtin.CloseBrowserKeyword$_closeBrowser_closure1.call(CloseBrowserKeyword.groovy)
	at com.kms.katalon.core.webui.keyword.internal.WebUIKeywordMain.runKeyword(WebUIKeywordMain.groovy:35)
	... 20 more
</message>
  <exception>
    <message>com.kms.katalon.core.exception.StepFailedException: Unable to close browser</message>
    <frame>
      <class>com.kms.katalon.core.logging.XmlKeywordLogger</class>
      <method>logMessage</method>
      <line>500</line>
    </frame>
    <frame>
      <class>com.kms.katalon.core.logging.KeywordLogger</class>
      <method>logMessage</method>
      <line>439</line>
    </frame>
    <frame>
      <class>com.kms.katalon.core.main.TestCaseExecutor</class>
      <method>logError</method>
      <line>593</line>
    </frame>
    <frame>
      <class>com.kms.katalon.core.main.TestCaseExecutor</class>
      <method>onExecutionError</method>
      <line>187</line>
    </frame>
    <frame>
      <class>com.kms.katalon.core.main.TestCaseExecutor</class>
      <method>processExecutionPhase</method>
      <line>465</line>
    </frame>
    <frame>
      <class>com.kms.katalon.core.main.TestCaseExecutor</class>
      <method>accessMainPhase</method>
      <line>447</line>
    </frame>
    <frame>
      <class>com.kms.katalon.core.main.TestCaseExecutor</class>
      <method>execute</method>
      <line>321</line>
    </frame>
    <frame>
      <class>com.kms.katalon.core.common.CommonExecutor</class>
      <method>accessTestCaseMainPhase</method>
      <line>71</line>
    </frame>
    <frame>
      <class>com.kms.katalon.core.main.TestSuiteExecutor</class>
      <method>accessTestSuiteMainPhase</method>
      <line>160</line>
    </frame>
    <frame>
      <class>com.kms.katalon.core.main.TestSuiteExecutor</class>
      <method>execute</method>
      <line>107</line>
    </frame>
    <frame>
      <class>com.kms.katalon.core.main.TestCaseMain</class>
      <method>startTestSuite</method>
      <line>195</line>
    </frame>
    <frame>
      <class>org.codehaus.groovy.vmplugin.v8.IndyInterface</class>
      <method>fromCache</method>
      <line>318</line>
    </frame>
    <frame>
      <class>TempTestSuite1754375272522</class>
      <method>run</method>
      <line>35</line>
    </frame>
    <frame>
      <class>groovy.lang.GroovyShell</class>
      <method>runScriptOrMainOrTestOrRunnable</method>
      <line>254</line>
    </frame>
    <frame>
      <class>groovy.lang.GroovyShell</class>
      <method>run</method>
      <line>360</line>
    </frame>
    <frame>
      <class>groovy.lang.GroovyShell</class>
      <method>run</method>
      <line>349</line>
    </frame>
    <frame>
      <class>groovy.ui.GroovyMain</class>
      <method>processOnce</method>
      <line>652</line>
    </frame>
    <frame>
      <class>groovy.ui.GroovyMain</class>
      <method>run</method>
      <line>398</line>
    </frame>
    <frame>
      <class>groovy.ui.GroovyMain</class>
      <method>access$1400</method>
      <line>68</line>
    </frame>
    <frame>
      <class>groovy.ui.GroovyMain$GroovyCommand</class>
      <method>process</method>
      <line>322</line>
    </frame>
    <frame>
      <class>groovy.ui.GroovyMain</class>
      <method>processArgs</method>
      <line>142</line>
    </frame>
    <frame>
      <class>groovy.ui.GroovyMain</class>
      <method>main</method>
      <line>115</line>
    </frame>
    <frame>
      <class>jdk.internal.reflect.NativeMethodAccessorImpl</class>
      <method>invoke0</method>
    </frame>
    <frame>
      <class>jdk.internal.reflect.NativeMethodAccessorImpl</class>
      <method>invoke</method>
      <line>77</line>
    </frame>
    <frame>
      <class>jdk.internal.reflect.DelegatingMethodAccessorImpl</class>
      <method>invoke</method>
      <line>43</line>
    </frame>
    <frame>
      <class>java.lang.reflect.Method</class>
      <method>invoke</method>
      <line>569</line>
    </frame>
    <frame>
      <class>org.codehaus.groovy.tools.GroovyStarter</class>
      <method>rootLoader</method>
      <line>117</line>
    </frame>
    <frame>
      <class>org.codehaus.groovy.tools.GroovyStarter</class>
      <method>main</method>
      <line>39</line>
    </frame>
  </exception>
  <nestedLevel>0</nestedLevel>
  <escapedJava>false</escapedJava>
  <property name="failed.exception.stacktrace">org.openqa.selenium.WebDriverException: RESTEASY004655: Unable to invoke request: java.net.SocketException: Socket closed
Build info: version: &apos;4.28.1&apos;, revision: &apos;73f5ad48a2&apos;
System info: os.name: &apos;Windows 11&apos;, os.arch: &apos;amd64&apos;, os.version: &apos;10.0&apos;, java.version: &apos;17.0.14&apos;
Driver info: com.kms.katalon.selenium.driver.CRemoteWebDriver
Command: [495d6fac588f936cadeb7578ce0d96bf, quit {}]
Capabilities {acceptInsecureCerts: false, browserName: chrome, browserVersion: 134.0.6998.178, chrome: {chromedriverVersion: 134.0.6998.178 (81fef1e2645..., userDataDir: C:\Windows\SystemTemp\scope...}, fedcm:accounts: true, goog:chromeOptions: {debuggerAddress: localhost:9225}, katalon:caps: {executionId: 867d5918-352f-47a8-9d24-dc8..., executionSessionId: 74dd93af-0b3a-487c-b624-e02...}, katalon:options: {executionId: 867d5918-352f-47a8-9d24-dc8..., executionMode: queue, executionSessionId: 74dd93af-0b3a-487c-b624-e02..., metadata: {accountUuid: c44afe3b-f76f-4921-9346-27f..., channel: kse;v=10.2.3, organizationId: 2293188, projectId: 2256648, usingTunnel: false}, runFromTestCloud: true, userId: 1718855, usingTunnel: false}, kt:requestId: 74dd93af-0b3a-487c-b624-e02..., kt:rid: 74dd93af-0b3a-487c-b624-e02..., networkConnectionEnabled: false, pageLoadStrategy: normal, platformName: windows, proxy: Proxy(), se:bidiEnabled: false, se:cdpEnabled: false, setWindowRect: true, strictFileInteractability: false, timeouts: {implicit: 0, pageLoad: 300000, script: 30000}, unhandledPromptBehavior: dismiss and notify, webauthn:extension:credBlob: true, webauthn:extension:largeBlob: true, webauthn:extension:minPinLength: true, webauthn:extension:prf: true, webauthn:virtualAuthenticators: true}
Session ID: 495d6fac588f936cadeb7578ce0d96bf
	at java.base/jdk.internal.reflect.NativeConstructorAccessorImpl.newInstance0(Native Method)
	at java.base/jdk.internal.reflect.NativeConstructorAccessorImpl.newInstance(NativeConstructorAccessorImpl.java:77)
	at java.base/jdk.internal.reflect.DelegatingConstructorAccessorImpl.newInstance(DelegatingConstructorAccessorImpl.java:45)
	at org.openqa.selenium.remote.ErrorCodec.decode(ErrorCodec.java:167)
	at org.openqa.selenium.remote.codec.w3c.W3CHttpResponseCodec.decode(W3CHttpResponseCodec.java:138)
	at org.openqa.selenium.remote.codec.w3c.W3CHttpResponseCodec.decode(W3CHttpResponseCodec.java:50)
	at org.openqa.selenium.remote.HttpCommandExecutor.execute(HttpCommandExecutor.java:215)
	at org.openqa.selenium.remote.RemoteWebDriver.execute(RemoteWebDriver.java:545)
	at org.openqa.selenium.remote.RemoteWebDriver.execute(RemoteWebDriver.java:618)
	at com.kms.katalon.selenium.driver.CRemoteWebDriver.execute(CRemoteWebDriver.java:96)
	at org.openqa.selenium.remote.RemoteWebDriver.execute(RemoteWebDriver.java:622)
	at org.openqa.selenium.remote.RemoteWebDriver.quit(RemoteWebDriver.java:446)
	at java.base/jdk.internal.reflect.NativeMethodAccessorImpl.invoke0(Native Method)
	at java.base/jdk.internal.reflect.NativeMethodAccessorImpl.invoke(NativeMethodAccessorImpl.java:77)
	at java.base/jdk.internal.reflect.DelegatingMethodAccessorImpl.invoke(DelegatingMethodAccessorImpl.java:43)
	at org.openqa.selenium.support.decorators.WebDriverDecorator.call(WebDriverDecorator.java:315)
	at org.openqa.selenium.support.decorators.DefaultDecorated.call(DefaultDecorated.java:48)
	at org.openqa.selenium.support.decorators.WebDriverDecorator.lambda$createProxyFactory$3(WebDriverDecorator.java:405)
	at org.openqa.selenium.remote.RemoteWebDriver$ByteBuddy$IRo4ymZu.quit(Unknown Source)
	at com.kms.katalon.core.webui.driver.DriverFactory.closeWebDriver(DriverFactory.java:868)
	at com.kms.katalon.core.webui.keyword.builtin.CloseBrowserKeyword$_closeBrowser_closure1.doCall(CloseBrowserKeyword.groovy:74)
	at com.kms.katalon.core.webui.keyword.builtin.CloseBrowserKeyword$_closeBrowser_closure1.call(CloseBrowserKeyword.groovy)
	at com.kms.katalon.core.webui.keyword.internal.WebUIKeywordMain.runKeyword(WebUIKeywordMain.groovy:35)
	at com.kms.katalon.core.webui.keyword.builtin.CloseBrowserKeyword.closeBrowser(CloseBrowserKeyword.groovy:72)
	at com.kms.katalon.core.webui.keyword.builtin.CloseBrowserKeyword.execute(CloseBrowserKeyword.groovy:67)
	at com.kms.katalon.core.keyword.internal.KeywordExecutor.executeKeywordForPlatform(KeywordExecutor.groovy:64)
	at com.kms.katalon.core.webui.keyword.WebUiBuiltInKeywords.closeBrowser(WebUiBuiltInKeywords.groovy:83)
	at TestCloud Sample.run(TestCloud Sample:43)
	at com.kms.katalon.core.main.ScriptEngine.run(ScriptEngine.java:194)
	at com.kms.katalon.core.main.ScriptEngine.runScriptAsRawText(ScriptEngine.java:119)
	at com.kms.katalon.core.main.TestCaseExecutor.runScript(TestCaseExecutor.java:485)
	at com.kms.katalon.core.main.TestCaseExecutor.doExecute(TestCaseExecutor.java:476)
	at com.kms.katalon.core.main.TestCaseExecutor.processExecutionPhase(TestCaseExecutor.java:455)
	at com.kms.katalon.core.main.TestCaseExecutor.accessMainPhase(TestCaseExecutor.java:447)
	at com.kms.katalon.core.main.TestCaseExecutor.execute(TestCaseExecutor.java:321)
	at com.kms.katalon.core.common.CommonExecutor.accessTestCaseMainPhase(CommonExecutor.java:71)
	at com.kms.katalon.core.main.TestSuiteExecutor.accessTestSuiteMainPhase(TestSuiteExecutor.java:160)
	at com.kms.katalon.core.main.TestSuiteExecutor.execute(TestSuiteExecutor.java:107)
	at com.kms.katalon.core.main.TestCaseMain.startTestSuite(TestCaseMain.java:195)
	at TempTestSuite1754375272522.run(TempTestSuite1754375272522.groovy:35)
	at java.base/jdk.internal.reflect.NativeMethodAccessorImpl.invoke0(Native Method)
	at java.base/jdk.internal.reflect.NativeMethodAccessorImpl.invoke(NativeMethodAccessorImpl.java:77)
	at java.base/jdk.internal.reflect.DelegatingMethodAccessorImpl.invoke(DelegatingMethodAccessorImpl.java:43)
</property>
  <property name="failed.exception.class">org.openqa.selenium.WebDriverException</property>
  <property name="failed.exception.message">RESTEASY004655: Unable to invoke request: java.net.SocketException: Socket closed
Build info: version: &apos;4.28.1&apos;, revision: &apos;73f5ad48a2&apos;
System info: os.name: &apos;Windows 11&apos;, os.arch: &apos;amd64&apos;, os.version: &apos;10.0&apos;, java.version: &apos;17.0.14&apos;
Driver info: com.kms.katalon.selenium.driver.CRemoteWebDriver
Command: [495d6fac588f936cadeb7578ce0d96bf, quit {}]
Capabilities {acceptInsecureCerts: false, browserName: chrome, browserVersion: 134.0.6998.178, chrome: {chromedriverVersion: 134.0.6998.178 (81fef1e2645..., userDataDir: C:\Windows\SystemTemp\scope...}, fedcm:accounts: true, goog:chromeOptions: {debuggerAddress: localhost:9225}, katalon:caps: {executionId: 867d5918-352f-47a8-9d24-dc8..., executionSessionId: 74dd93af-0b3a-487c-b624-e02...}, katalon:options: {executionId: 867d5918-352f-47a8-9d24-dc8..., executionMode: queue, executionSessionId: 74dd93af-0b3a-487c-b624-e02..., metadata: {accountUuid: c44afe3b-f76f-4921-9346-27f..., channel: kse;v=10.2.3, organizationId: 2293188, projectId: 2256648, usingTunnel: false}, runFromTestCloud: true, userId: 1718855, usingTunnel: false}, kt:requestId: 74dd93af-0b3a-487c-b624-e02..., kt:rid: 74dd93af-0b3a-487c-b624-e02..., networkConnectionEnabled: false, pageLoadStrategy: normal, platformName: windows, proxy: Proxy(), se:bidiEnabled: false, se:cdpEnabled: false, setWindowRect: true, strictFileInteractability: false, timeouts: {implicit: 0, pageLoad: 300000, script: 30000}, unhandledPromptBehavior: dismiss and notify, webauthn:extension:credBlob: true, webauthn:extension:largeBlob: true, webauthn:extension:minPinLength: true, webauthn:extension:prf: true, webauthn:virtualAuthenticators: true}
Session ID: 495d6fac588f936cadeb7578ce0d96bf</property>
</record>
<record>
  <date>2025-08-05T06:29:09.744389Z</date>
  <millis>1754375349744</millis>
  <nanos>389000</nanos>
  <sequence>135</sequence>
  <level>END</level>
  <class>com.kms.katalon.core.logging.XmlKeywordLogger</class>
  <method>endTest</method>
  <thread>1</thread>
  <message>End Test Case : Test Cases/TestCloud Sample</message>
  <nestedLevel>0</nestedLevel>
  <escapedJava>false</escapedJava>
  <property name="executionBindingVariables">[]</property>
  <property name="applitools">false</property>
  <property name="keywordsUsage">{
  &quot;web_ui&quot;: true,
  &quot;web_service&quot;: false,
  &quot;cucumber&quot;: false,
  &quot;builtin&quot;: true,
  &quot;mobile&quot;: false,
  &quot;windows&quot;: false,
  &quot;testng&quot;: false
}</property>
</record>
<record>
  <date>2025-08-05T06:29:09.749437Z</date>
  <millis>1754375349749</millis>
  <nanos>437000</nanos>
  <sequence>136</sequence>
  <level>START</level>
  <class>com.kms.katalon.core.logging.XmlKeywordLogger</class>
  <method>startTest</method>
  <thread>1</thread>
  <message>Start Test Case : Test Cases/AdminSection</message>
  <nestedLevel>1</nestedLevel>
  <escapedJava>false</escapedJava>
  <property name="name">Test Cases/AdminSection</property>
  <property name="description"></property>
  <property name="iteration"></property>
  <property name="id">Test Cases/AdminSection</property>
  <property name="source">C:\Users\santh\git\RegressionSuite\Test Cases\AdminSection.tc</property>
  <property name="tag"></property>
  <property name="isOptional">false</property>
</record>
<record>
  <date>2025-08-05T06:29:09.821001300Z</date>
  <millis>1754375349821</millis>
  <nanos>1300</nanos>
  <sequence>138</sequence>
  <level>START</level>
  <class>com.kms.katalon.core.logging.XmlKeywordLogger</class>
  <method>startKeyword</method>
  <thread>1</thread>
  <message>Start action : openBrowser(&amp;quot;&amp;quot;)</message>
  <nestedLevel>1</nestedLevel>
  <escapedJava>false</escapedJava>
  <property name="startLine">20</property>
  <property name="stepIndex">1</property>
</record>
<record>
  <date>2025-08-05T06:29:09.826367600Z</date>
  <millis>1754375349826</millis>
  <nanos>367600</nanos>
  <sequence>140</sequence>
  <level>INFO</level>
  <class>com.kms.katalon.core.logging.XmlKeywordLogger</class>
  <method>logMessage</method>
  <thread>1</thread>
  <message>User set preference: [&amp;apos;browserVersion&amp;apos;, &amp;apos;134&amp;apos;]</message>
  <nestedLevel>1</nestedLevel>
  <escapedJava>false</escapedJava>
</record>
<record>
  <date>2025-08-05T06:29:09.826367600Z</date>
  <millis>1754375349826</millis>
  <nanos>367600</nanos>
  <sequence>141</sequence>
  <level>INFO</level>
  <class>com.kms.katalon.core.logging.XmlKeywordLogger</class>
  <method>logMessage</method>
  <thread>1</thread>
  <message>User set preference: [&amp;apos;browserName&amp;apos;, &amp;apos;chrome&amp;apos;]</message>
  <nestedLevel>1</nestedLevel>
  <escapedJava>false</escapedJava>
</record>
<record>
  <date>2025-08-05T06:29:09.827368100Z</date>
  <millis>1754375349827</millis>
  <nanos>368100</nanos>
  <sequence>142</sequence>
  <level>INFO</level>
  <class>com.kms.katalon.core.logging.XmlKeywordLogger</class>
  <method>logMessage</method>
  <thread>1</thread>
  <message>User set preference: [&amp;apos;platformName&amp;apos;, &amp;apos;windows&amp;apos;]</message>
  <nestedLevel>1</nestedLevel>
  <escapedJava>false</escapedJava>
</record>
<record>
  <date>2025-08-05T06:29:09.828366200Z</date>
  <millis>1754375349828</millis>
  <nanos>366200</nanos>
  <sequence>143</sequence>
  <level>INFO</level>
  <class>com.kms.katalon.core.logging.XmlKeywordLogger</class>
  <method>logMessage</method>
  <thread>1</thread>
  <message>User set preference: [&amp;apos;katalon:options&amp;apos;, &amp;apos;{metadata={organizationId=2293188, accountId=1532955, channel=kse;v=10.2.3, projectId=2256648}, executionMode=queue, usingTunnel=false}&amp;apos;]</message>
  <nestedLevel>1</nestedLevel>
  <escapedJava>false</escapedJava>
</record>
<record>
  <date>2025-08-05T06:29:09.829363800Z</date>
  <millis>1754375349829</millis>
  <nanos>363800</nanos>
  <sequence>144</sequence>
  <level>INFO</level>
  <class>com.kms.katalon.core.logging.XmlKeywordLogger</class>
  <method>logMessage</method>
  <thread>1</thread>
  <message>Connecting to remote web server &amp;apos;testcloud.katalon.com/hub&amp;apos; with type &amp;apos;Selenium&amp;apos;</message>
  <nestedLevel>1</nestedLevel>
  <escapedJava>false</escapedJava>
</record>
<record>
  <date>2025-08-05T06:29:09.834886100Z</date>
  <millis>1754375349834</millis>
  <nanos>886100</nanos>
  <sequence>145</sequence>
  <level>INFO</level>
  <class>com.kms.katalon.core.logging.XmlKeywordLogger</class>
  <method>logMessage</method>
  <thread>1</thread>
  <message>Action delay is set to 0 milliseconds</message>
  <nestedLevel>1</nestedLevel>
  <escapedJava>false</escapedJava>
</record>
<record>
  <date>2025-08-05T06:29:37.705212900Z</date>
  <millis>1754375377705</millis>
  <nanos>212900</nanos>
  <sequence>146</sequence>
  <level>WARNING</level>
  <class>com.kms.katalon.core.logging.XmlKeywordLogger</class>
  <method>logMessage</method>
  <thread>1</thread>
  <message>Your browser version or type does not support the BiDirectional WebDriver Protocol which is required for Smart Locator functionality. Please update your browser or switch to a compatible one.</message>
  <nestedLevel>1</nestedLevel>
  <escapedJava>false</escapedJava>
</record>
<record>
  <date>2025-08-05T06:29:37.708227600Z</date>
  <millis>1754375377708</millis>
  <nanos>227600</nanos>
  <sequence>147</sequence>
  <level>WARNING</level>
  <class>com.kms.katalon.core.logging.XmlKeywordLogger</class>
  <method>logMessage</method>
  <thread>1</thread>
  <message>Your browser version or type does not support the BiDirectional WebDriver Protocol which is required for Smart Locator functionality. Please update your browser or switch to a compatible one.</message>
  <nestedLevel>1</nestedLevel>
  <escapedJava>false</escapedJava>
</record>
<record>
  <date>2025-08-05T06:29:37.710224300Z</date>
  <millis>1754375377710</millis>
  <nanos>224300</nanos>
  <sequence>148</sequence>
  <level>WARNING</level>
  <class>com.kms.katalon.core.logging.XmlKeywordLogger</class>
  <method>logMessage</method>
  <thread>1</thread>
  <message>Your browser version or type does not support the BiDirectional WebDriver Protocol which is required for Smart Locator functionality. Please update your browser or switch to a compatible one.</message>
  <nestedLevel>1</nestedLevel>
  <escapedJava>false</escapedJava>
</record>
<record>
  <date>2025-08-05T06:29:37.766791100Z</date>
  <millis>1754375377766</millis>
  <nanos>791100</nanos>
  <sequence>149</sequence>
  <level>RUN_DATA</level>
  <class>com.kms.katalon.core.logging.XmlKeywordLogger</class>
  <method>logMessage</method>
  <thread>1</thread>
  <message>remoteDriverUrl = testcloud.katalon.com/hub</message>
  <nestedLevel>1</nestedLevel>
  <escapedJava>false</escapedJava>
  <property name="remoteDriverUrl">testcloud.katalon.com/hub</property>
</record>
<record>
  <date>2025-08-05T06:29:37.767789100Z</date>
  <millis>1754375377767</millis>
  <nanos>789100</nanos>
  <sequence>150</sequence>
  <level>RUN_DATA</level>
  <class>com.kms.katalon.core.logging.XmlKeywordLogger</class>
  <method>logMessage</method>
  <thread>1</thread>
  <message>remoteOS = Windows</message>
  <nestedLevel>1</nestedLevel>
  <escapedJava>false</escapedJava>
  <property name="remoteOS">Windows</property>
</record>
<record>
  <date>2025-08-05T06:29:37.769779600Z</date>
  <millis>1754375377769</millis>
  <nanos>779600</nanos>
  <sequence>151</sequence>
  <level>RUN_DATA</level>
  <class>com.kms.katalon.core.logging.XmlKeywordLogger</class>
  <method>logMessage</method>
  <thread>1</thread>
  <message>desiredCapabilities = {
  &amp;quot;timeouts&amp;quot;: {
    &amp;quot;implicit&amp;quot;: 0,
    &amp;quot;pageLoad&amp;quot;: 300000,
    &amp;quot;script&amp;quot;: 30000
  },
  &amp;quot;se:cdpEnabled&amp;quot;: false,
  &amp;quot;goog:chromeOptions&amp;quot;: {
    &amp;quot;debuggerAddress&amp;quot;: &amp;quot;localhost:9225&amp;quot;
  },
  &amp;quot;webauthn:extension:credBlob&amp;quot;: true,
  &amp;quot;acceptInsecureCerts&amp;quot;: false,
  &amp;quot;browserVersion&amp;quot;: &amp;quot;134.0.6998.178&amp;quot;,
  &amp;quot;fedcm:accounts&amp;quot;: true,
  &amp;quot;kt:requestId&amp;quot;: &amp;quot;0f7af259-1361-4bc5-b735-f0c2567f57e4&amp;quot;,
  &amp;quot;browserName&amp;quot;: &amp;quot;chrome&amp;quot;,
  &amp;quot;platformName&amp;quot;: &amp;quot;WINDOWS&amp;quot;,
  &amp;quot;setWindowRect&amp;quot;: true,
  &amp;quot;webauthn:extension:largeBlob&amp;quot;: true,
  &amp;quot;networkConnectionEnabled&amp;quot;: false,
  &amp;quot;chrome&amp;quot;: {
    &amp;quot;chromedriverVersion&amp;quot;: &amp;quot;134.0.6998.178 (81fef1e264547cc88c9450117b091ea5798a5adf-refs/branch-heads/6998@{#2329})&amp;quot;,
    &amp;quot;userDataDir&amp;quot;: &amp;quot;C:\\Windows\\SystemTemp\\scoped_dir1136_976534287&amp;quot;
  },
  &amp;quot;kt:rid&amp;quot;: &amp;quot;0f7af259-1361-4bc5-b735-f0c2567f57e4&amp;quot;,
  &amp;quot;pageLoadStrategy&amp;quot;: &amp;quot;normal&amp;quot;,
  &amp;quot;unhandledPromptBehavior&amp;quot;: &amp;quot;dismiss and notify&amp;quot;,
  &amp;quot;strictFileInteractability&amp;quot;: false,
  &amp;quot;se:bidiEnabled&amp;quot;: false,
  &amp;quot;proxy&amp;quot;: {
    &amp;quot;proxyType&amp;quot;: &amp;quot;UNSPECIFIED&amp;quot;,
    &amp;quot;autodetect&amp;quot;: false
  },
  &amp;quot;webauthn:extension:minPinLength&amp;quot;: true,
  &amp;quot;webauthn:extension:prf&amp;quot;: true,
  &amp;quot;katalon:caps&amp;quot;: {
    &amp;quot;executionId&amp;quot;: &amp;quot;b16f37ba-420d-42e4-a639-e87a4632be57&amp;quot;,
    &amp;quot;executionSessionId&amp;quot;: &amp;quot;0f7af259-1361-4bc5-b735-f0c2567f57e4&amp;quot;
  },
  &amp;quot;katalon:options&amp;quot;: {
    &amp;quot;executionId&amp;quot;: &amp;quot;b16f37ba-420d-42e4-a639-e87a4632be57&amp;quot;,
    &amp;quot;executionMode&amp;quot;: &amp;quot;queue&amp;quot;,
    &amp;quot;executionSessionId&amp;quot;: &amp;quot;0f7af259-1361-4bc5-b735-f0c2567f57e4&amp;quot;,
    &amp;quot;metadata&amp;quot;: {
      &amp;quot;usingTunnel&amp;quot;: false,
      &amp;quot;accountUuid&amp;quot;: &amp;quot;c44afe3b-f76f-4921-9346-27f35171bd65&amp;quot;,
      &amp;quot;organizationId&amp;quot;: &amp;quot;2293188&amp;quot;,
      &amp;quot;projectId&amp;quot;: &amp;quot;2256648&amp;quot;,
      &amp;quot;channel&amp;quot;: &amp;quot;kse;v\u003d10.2.3&amp;quot;
    },
    &amp;quot;runFromTestCloud&amp;quot;: true,
    &amp;quot;userId&amp;quot;: 1718855,
    &amp;quot;usingTunnel&amp;quot;: false
  },
  &amp;quot;webauthn:virtualAuthenticators&amp;quot;: true
}</message>
  <nestedLevel>1</nestedLevel>
  <escapedJava>false</escapedJava>
  <property name="desiredCapabilities">{
  &quot;timeouts&quot;: {
    &quot;implicit&quot;: 0,
    &quot;pageLoad&quot;: 300000,
    &quot;script&quot;: 30000
  },
  &quot;se:cdpEnabled&quot;: false,
  &quot;goog:chromeOptions&quot;: {
    &quot;debuggerAddress&quot;: &quot;localhost:9225&quot;
  },
  &quot;webauthn:extension:credBlob&quot;: true,
  &quot;acceptInsecureCerts&quot;: false,
  &quot;browserVersion&quot;: &quot;134.0.6998.178&quot;,
  &quot;fedcm:accounts&quot;: true,
  &quot;kt:requestId&quot;: &quot;0f7af259-1361-4bc5-b735-f0c2567f57e4&quot;,
  &quot;browserName&quot;: &quot;chrome&quot;,
  &quot;platformName&quot;: &quot;WINDOWS&quot;,
  &quot;setWindowRect&quot;: true,
  &quot;webauthn:extension:largeBlob&quot;: true,
  &quot;networkConnectionEnabled&quot;: false,
  &quot;chrome&quot;: {
    &quot;chromedriverVersion&quot;: &quot;134.0.6998.178 (81fef1e264547cc88c9450117b091ea5798a5adf-refs/branch-heads/6998@{#2329})&quot;,
    &quot;userDataDir&quot;: &quot;C:\\Windows\\SystemTemp\\scoped_dir1136_976534287&quot;
  },
  &quot;kt:rid&quot;: &quot;0f7af259-1361-4bc5-b735-f0c2567f57e4&quot;,
  &quot;pageLoadStrategy&quot;: &quot;normal&quot;,
  &quot;unhandledPromptBehavior&quot;: &quot;dismiss and notify&quot;,
  &quot;strictFileInteractability&quot;: false,
  &quot;se:bidiEnabled&quot;: false,
  &quot;proxy&quot;: {
    &quot;proxyType&quot;: &quot;UNSPECIFIED&quot;,
    &quot;autodetect&quot;: false
  },
  &quot;webauthn:extension:minPinLength&quot;: true,
  &quot;webauthn:extension:prf&quot;: true,
  &quot;katalon:caps&quot;: {
    &quot;executionId&quot;: &quot;b16f37ba-420d-42e4-a639-e87a4632be57&quot;,
    &quot;executionSessionId&quot;: &quot;0f7af259-1361-4bc5-b735-f0c2567f57e4&quot;
  },
  &quot;katalon:options&quot;: {
    &quot;executionId&quot;: &quot;b16f37ba-420d-42e4-a639-e87a4632be57&quot;,
    &quot;executionMode&quot;: &quot;queue&quot;,
    &quot;executionSessionId&quot;: &quot;0f7af259-1361-4bc5-b735-f0c2567f57e4&quot;,
    &quot;metadata&quot;: {
      &quot;usingTunnel&quot;: false,
      &quot;accountUuid&quot;: &quot;c44afe3b-f76f-4921-9346-27f35171bd65&quot;,
      &quot;organizationId&quot;: &quot;2293188&quot;,
      &quot;projectId&quot;: &quot;2256648&quot;,
      &quot;channel&quot;: &quot;kse;v\u003d10.2.3&quot;
    },
    &quot;runFromTestCloud&quot;: true,
    &quot;userId&quot;: 1718855,
    &quot;usingTunnel&quot;: false
  },
  &quot;webauthn:virtualAuthenticators&quot;: true
}</property>
</record>
<record>
  <date>2025-08-05T06:29:37.771288800Z</date>
  <millis>1754375377771</millis>
  <nanos>288800</nanos>
  <sequence>152</sequence>
  <level>RUN_DATA</level>
  <class>com.kms.katalon.core.logging.XmlKeywordLogger</class>
  <method>logMessage</method>
  <thread>1</thread>
  <message>katalon:caps = {
  &amp;quot;executionId&amp;quot;: &amp;quot;b16f37ba-420d-42e4-a639-e87a4632be57&amp;quot;,
  &amp;quot;executionSessionId&amp;quot;: &amp;quot;0f7af259-1361-4bc5-b735-f0c2567f57e4&amp;quot;
}</message>
  <nestedLevel>1</nestedLevel>
  <escapedJava>false</escapedJava>
  <property name="katalon:caps">{
  &quot;executionId&quot;: &quot;b16f37ba-420d-42e4-a639-e87a4632be57&quot;,
  &quot;executionSessionId&quot;: &quot;0f7af259-1361-4bc5-b735-f0c2567f57e4&quot;
}</property>
</record>
<record>
  <date>2025-08-05T06:29:37.772309900Z</date>
  <millis>1754375377772</millis>
  <nanos>309900</nanos>
  <sequence>153</sequence>
  <level>RUN_DATA</level>
  <class>com.kms.katalon.core.logging.XmlKeywordLogger</class>
  <method>logMessage</method>
  <thread>1</thread>
  <message>sessionId = 569f67ad963837260a1435761b772dc9</message>
  <nestedLevel>1</nestedLevel>
  <escapedJava>false</escapedJava>
  <property name="sessionId">569f67ad963837260a1435761b772dc9</property>
</record>
<record>
  <date>2025-08-05T06:29:37.773596600Z</date>
  <millis>1754375377773</millis>
  <nanos>596600</nanos>
  <sequence>154</sequence>
  <level>RUN_DATA</level>
  <class>com.kms.katalon.core.logging.XmlKeywordLogger</class>
  <method>logMessage</method>
  <thread>1</thread>
  <message>browser = Chrome 134.0.6998.178</message>
  <nestedLevel>1</nestedLevel>
  <escapedJava>false</escapedJava>
  <property name="browser">Chrome 134.0.6998.178</property>
</record>
<record>
  <date>2025-08-05T06:29:37.774586Z</date>
  <millis>1754375377774</millis>
  <nanos>586000</nanos>
  <sequence>155</sequence>
  <level>RUN_DATA</level>
  <class>com.kms.katalon.core.logging.XmlKeywordLogger</class>
  <method>logMessage</method>
  <thread>1</thread>
  <message>platform = Windows 11</message>
  <nestedLevel>1</nestedLevel>
  <escapedJava>false</escapedJava>
  <property name="platform">Windows 11</property>
</record>
<record>
  <date>2025-08-05T06:29:37.774586Z</date>
  <millis>1754375377774</millis>
  <nanos>586000</nanos>
  <sequence>156</sequence>
  <level>RUN_DATA</level>
  <class>com.kms.katalon.core.logging.XmlKeywordLogger</class>
  <method>logMessage</method>
  <thread>1</thread>
  <message>seleniumVersion = 4.28.1</message>
  <nestedLevel>1</nestedLevel>
  <escapedJava>false</escapedJava>
  <property name="seleniumVersion">4.28.1</property>
</record>
<record>
  <date>2025-08-05T06:29:37.776598600Z</date>
  <millis>1754375377776</millis>
  <nanos>598600</nanos>
  <sequence>157</sequence>
  <level>RUN_DATA</level>
  <class>com.kms.katalon.core.logging.XmlKeywordLogger</class>
  <method>logMessage</method>
  <thread>1</thread>
  <message>proxyInformation = ProxyInformation { proxyOption=NO_PROXY, proxyServerType=HTTP, username=, password=********, proxyServerAddress=, proxyServerPort=0, executionList=&amp;quot;&amp;quot;, isApplyToDesiredCapabilities=true }</message>
  <nestedLevel>1</nestedLevel>
  <escapedJava>false</escapedJava>
  <property name="proxyInformation">ProxyInformation { proxyOption=NO_PROXY, proxyServerType=HTTP, username=, password=********, proxyServerAddress=, proxyServerPort=0, executionList=&quot;&quot;, isApplyToDesiredCapabilities=true }</property>
</record>
<record>
  <date>2025-08-05T06:29:38.096061800Z</date>
  <millis>1754375378096</millis>
  <nanos>61800</nanos>
  <sequence>158</sequence>
  <level>PASSED</level>
  <class>com.kms.katalon.core.logging.XmlKeywordLogger</class>
  <method>logMessage</method>
  <thread>1</thread>
  <message>Browser is opened with url: &amp;apos;&amp;apos;</message>
  <nestedLevel>1</nestedLevel>
  <escapedJava>false</escapedJava>
  <property name="testops-method-name">com.kms.katalon.core.webui.keyword.builtin.OpenBrowserKeyword.openBrowser</property>
  <property name="testops-execution-stacktrace"></property>
</record>
<record>
  <date>2025-08-05T06:29:38.100181200Z</date>
  <millis>1754375378100</millis>
  <nanos>181200</nanos>
  <sequence>159</sequence>
  <level>END</level>
  <class>com.kms.katalon.core.logging.XmlKeywordLogger</class>
  <method>endKeyword</method>
  <thread>1</thread>
  <message>End action : openBrowser(&amp;quot;&amp;quot;)</message>
  <nestedLevel>1</nestedLevel>
  <escapedJava>false</escapedJava>
</record>
<record>
  <date>2025-08-05T06:29:38.101066700Z</date>
  <millis>1754375378101</millis>
  <nanos>66700</nanos>
  <sequence>160</sequence>
  <level>START</level>
  <class>com.kms.katalon.core.logging.XmlKeywordLogger</class>
  <method>startKeyword</method>
  <thread>1</thread>
  <message>Start action : navigateToUrl(&amp;quot;https://bug-nation.cgrfoundation-staging.com/accounts/login&amp;quot;)</message>
  <nestedLevel>1</nestedLevel>
  <escapedJava>false</escapedJava>
  <property name="startLine">22</property>
  <property name="stepIndex">2</property>
</record>
<record>
  <date>2025-08-05T06:29:44.134839800Z</date>
  <millis>1754375384134</millis>
  <nanos>839800</nanos>
  <sequence>163</sequence>
  <level>PASSED</level>
  <class>com.kms.katalon.core.logging.XmlKeywordLogger</class>
  <method>logMessage</method>
  <thread>1</thread>
  <message>Navigate to &amp;apos;https://bug-nation.cgrfoundation-staging.com/accounts/login&amp;apos; successfully</message>
  <nestedLevel>1</nestedLevel>
  <escapedJava>false</escapedJava>
  <property name="testops-method-name">com.kms.katalon.core.webui.keyword.builtin.NavigateToUrlKeyword.navigateToUrl</property>
  <property name="testops-execution-stacktrace"></property>
</record>
<record>
  <date>2025-08-05T06:29:44.138838300Z</date>
  <millis>1754375384138</millis>
  <nanos>838300</nanos>
  <sequence>164</sequence>
  <level>END</level>
  <class>com.kms.katalon.core.logging.XmlKeywordLogger</class>
  <method>endKeyword</method>
  <thread>1</thread>
  <message>End action : navigateToUrl(&amp;quot;https://bug-nation.cgrfoundation-staging.com/accounts/login&amp;quot;)</message>
  <nestedLevel>1</nestedLevel>
  <escapedJava>false</escapedJava>
</record>
<record>
  <date>2025-08-05T06:29:44.139838600Z</date>
  <millis>1754375384139</millis>
  <nanos>838600</nanos>
  <sequence>165</sequence>
  <level>START</level>
  <class>com.kms.katalon.core.logging.XmlKeywordLogger</class>
  <method>startKeyword</method>
  <thread>1</thread>
  <message>Start action : maximizeWindow()</message>
  <nestedLevel>1</nestedLevel>
  <escapedJava>false</escapedJava>
  <property name="startLine">24</property>
  <property name="stepIndex">3</property>
</record>
<record>
  <date>2025-08-05T06:29:44.816465200Z</date>
  <millis>1754375384816</millis>
  <nanos>465200</nanos>
  <sequence>167</sequence>
  <level>PASSED</level>
  <class>com.kms.katalon.core.logging.XmlKeywordLogger</class>
  <method>logMessage</method>
  <thread>1</thread>
  <message>Current window maximized</message>
  <nestedLevel>1</nestedLevel>
  <escapedJava>false</escapedJava>
  <property name="testops-method-name">com.kms.katalon.core.webui.keyword.builtin.MaximizeWindowKeyword.maximizeWindow</property>
  <property name="testops-execution-stacktrace"></property>
</record>
<record>
  <date>2025-08-05T06:29:44.818465400Z</date>
  <millis>1754375384818</millis>
  <nanos>465400</nanos>
  <sequence>168</sequence>
  <level>END</level>
  <class>com.kms.katalon.core.logging.XmlKeywordLogger</class>
  <method>endKeyword</method>
  <thread>1</thread>
  <message>End action : maximizeWindow()</message>
  <nestedLevel>1</nestedLevel>
  <escapedJava>false</escapedJava>
</record>
<record>
  <date>2025-08-05T06:29:44.818465400Z</date>
  <millis>1754375384818</millis>
  <nanos>465400</nanos>
  <sequence>169</sequence>
  <level>START</level>
  <class>com.kms.katalon.core.logging.XmlKeywordLogger</class>
  <method>startKeyword</method>
  <thread>1</thread>
  <message>Start action : setText(findTestObject(&amp;quot;Object Repository/Page_CGR Foundation/input_Email address_accountemail&amp;quot;), &amp;quot;santhosh.nidamanuri@corpgovrisk.com&amp;quot;)</message>
  <nestedLevel>1</nestedLevel>
  <escapedJava>false</escapedJava>
  <property name="startLine">26</property>
  <property name="stepIndex">4</property>
</record>
<record>
  <date>2025-08-05T06:29:49.619345Z</date>
  <millis>1754375389619</millis>
  <nanos>345000</nanos>
  <sequence>185</sequence>
  <level>PASSED</level>
  <class>com.kms.katalon.core.logging.XmlKeywordLogger</class>
  <method>logMessage</method>
  <thread>1</thread>
  <message>Text &amp;apos;santhosh.nidamanuri@corpgovrisk.com&amp;apos; is set on object &amp;apos;Object Repository/Page_CGR Foundation/input_Email address_accountemail&amp;apos;</message>
  <nestedLevel>1</nestedLevel>
  <escapedJava>false</escapedJava>
  <property name="testops-method-name">com.kms.katalon.core.webui.keyword.builtin.SetTextKeyword.setText</property>
  <property name="testops-execution-stacktrace"></property>
</record>
<record>
  <date>2025-08-05T06:29:49.622953700Z</date>
  <millis>1754375389622</millis>
  <nanos>953700</nanos>
  <sequence>186</sequence>
  <level>END</level>
  <class>com.kms.katalon.core.logging.XmlKeywordLogger</class>
  <method>endKeyword</method>
  <thread>1</thread>
  <message>End action : setText(findTestObject(&amp;quot;Object Repository/Page_CGR Foundation/input_Email address_accountemail&amp;quot;), &amp;quot;santhosh.nidamanuri@corpgovrisk.com&amp;quot;)</message>
  <nestedLevel>1</nestedLevel>
  <escapedJava>false</escapedJava>
</record>
<record>
  <date>2025-08-05T06:29:49.624266200Z</date>
  <millis>1754375389624</millis>
  <nanos>266200</nanos>
  <sequence>187</sequence>
  <level>START</level>
  <class>com.kms.katalon.core.logging.XmlKeywordLogger</class>
  <method>startKeyword</method>
  <thread>1</thread>
  <message>Start action : setEncryptedText(findTestObject(&amp;quot;Object Repository/Page_CGR Foundation/input_Password_accountpassword&amp;quot;), &amp;quot;g9InqrzvBVyAQwkGaiz+Ig==&amp;quot;)</message>
  <nestedLevel>1</nestedLevel>
  <escapedJava>false</escapedJava>
  <property name="startLine">28</property>
  <property name="stepIndex">5</property>
</record>
<record>
  <date>2025-08-05T06:29:51.545329900Z</date>
  <millis>1754375391545</millis>
  <nanos>329900</nanos>
  <sequence>198</sequence>
  <level>PASSED</level>
  <class>com.kms.katalon.core.logging.XmlKeywordLogger</class>
  <method>logMessage</method>
  <thread>1</thread>
  <message>Text ****** has been set on object &amp;apos;Object Repository/Page_CGR Foundation/input_Password_accountpassword&amp;apos;</message>
  <nestedLevel>1</nestedLevel>
  <escapedJava>false</escapedJava>
  <property name="testops-method-name">com.kms.katalon.core.webui.keyword.builtin.SetEncryptedTextKeyword.setEncryptedText</property>
  <property name="testops-execution-stacktrace"></property>
</record>
<record>
  <date>2025-08-05T06:29:51.548311400Z</date>
  <millis>1754375391548</millis>
  <nanos>311400</nanos>
  <sequence>199</sequence>
  <level>END</level>
  <class>com.kms.katalon.core.logging.XmlKeywordLogger</class>
  <method>endKeyword</method>
  <thread>1</thread>
  <message>End action : setEncryptedText(findTestObject(&amp;quot;Object Repository/Page_CGR Foundation/input_Password_accountpassword&amp;quot;), &amp;quot;g9InqrzvBVyAQwkGaiz+Ig==&amp;quot;)</message>
  <nestedLevel>1</nestedLevel>
  <escapedJava>false</escapedJava>
</record>
<record>
  <date>2025-08-05T06:29:51.549310800Z</date>
  <millis>1754375391549</millis>
  <nanos>310800</nanos>
  <sequence>200</sequence>
  <level>START</level>
  <class>com.kms.katalon.core.logging.XmlKeywordLogger</class>
  <method>startKeyword</method>
  <thread>1</thread>
  <message>Start action : click(findTestObject(&amp;quot;Object Repository/Page_CGR Foundation/input_Remember me_commit&amp;quot;))</message>
  <nestedLevel>1</nestedLevel>
  <escapedJava>false</escapedJava>
  <property name="startLine">30</property>
  <property name="stepIndex">6</property>
</record>
<record>
  <date>2025-08-05T06:29:56.410283500Z</date>
  <millis>1754375396410</millis>
  <nanos>283500</nanos>
  <sequence>210</sequence>
  <level>PASSED</level>
  <class>com.kms.katalon.core.logging.XmlKeywordLogger</class>
  <method>logMessage</method>
  <thread>1</thread>
  <message>Object: &amp;apos;Object Repository/Page_CGR Foundation/input_Remember me_commit&amp;apos; is clicked on</message>
  <nestedLevel>1</nestedLevel>
  <escapedJava>false</escapedJava>
  <property name="testops-method-name">com.kms.katalon.core.webui.keyword.builtin.ClickKeyword.click</property>
  <property name="testops-execution-stacktrace"></property>
</record>
<record>
  <date>2025-08-05T06:29:56.412647Z</date>
  <millis>1754375396412</millis>
  <nanos>647000</nanos>
  <sequence>211</sequence>
  <level>END</level>
  <class>com.kms.katalon.core.logging.XmlKeywordLogger</class>
  <method>endKeyword</method>
  <thread>1</thread>
  <message>End action : click(findTestObject(&amp;quot;Object Repository/Page_CGR Foundation/input_Remember me_commit&amp;quot;))</message>
  <nestedLevel>1</nestedLevel>
  <escapedJava>false</escapedJava>
</record>
<record>
  <date>2025-08-05T06:29:56.413661200Z</date>
  <millis>1754375396413</millis>
  <nanos>661200</nanos>
  <sequence>212</sequence>
  <level>START</level>
  <class>com.kms.katalon.core.logging.XmlKeywordLogger</class>
  <method>startKeyword</method>
  <thread>1</thread>
  <message>Start action : verifyElementVisible(findTestObject(&amp;quot;Object Repository/Page_Dashboard - CGR Foundation (6)/div_Successfully logged in&amp;quot;))</message>
  <nestedLevel>1</nestedLevel>
  <escapedJava>false</escapedJava>
  <property name="startLine">32</property>
  <property name="stepIndex">7</property>
</record>
<record>
  <date>2025-08-05T06:30:11.627411700Z</date>
  <millis>1754375411627</millis>
  <nanos>411700</nanos>
  <sequence>219</sequence>
  <level>INFO</level>
  <class>com.kms.katalon.core.logging.XmlKeywordLogger</class>
  <method>logMessage</method>
  <thread>1</thread>
  <message>Unable to find the element located by &amp;apos;By.xpath: //div[@id=&amp;apos;js-Toaster&amp;apos;]/div/div/div/div&amp;apos;. Please recheck the objects properties to make sure the desired element is located. </message>
  <nestedLevel>1</nestedLevel>
  <escapedJava>false</escapedJava>
</record>
<record>
  <date>2025-08-05T06:30:11.628415400Z</date>
  <millis>1754375411628</millis>
  <nanos>415400</nanos>
  <sequence>220</sequence>
  <level>WARNING</level>
  <class>com.kms.katalon.core.logging.XmlKeywordLogger</class>
  <method>logMessage</method>
  <thread>1</thread>
  <message>[SELF-HEALING] Failed to find element with id &amp;apos;Object Repository/Page_Dashboard - CGR Foundation (6)/div_Successfully logged in&amp;apos;. Try using Self-healing.</message>
  <nestedLevel>1</nestedLevel>
  <escapedJava>false</escapedJava>
</record>
<record>
  <date>2025-08-05T06:30:13.448257500Z</date>
  <millis>1754375413448</millis>
  <nanos>257500</nanos>
  <sequence>222</sequence>
  <level>INFO</level>
  <class>com.kms.katalon.core.logging.XmlKeywordLogger</class>
  <method>logMessage</method>
  <thread>1</thread>
  <message>[SELF-HEALING] Failed Locator: &amp;apos;//div[@id=&amp;apos;js-Toaster&amp;apos;]/div/div/div/div&amp;apos;.</message>
  <nestedLevel>1</nestedLevel>
  <escapedJava>false</escapedJava>
</record>
<record>
  <date>2025-08-05T06:30:14.661217600Z</date>
  <millis>1754375414661</millis>
  <nanos>217600</nanos>
  <sequence>224</sequence>
  <level>INFO</level>
  <class>com.kms.katalon.core.logging.XmlKeywordLogger</class>
  <method>logMessage</method>
  <thread>1</thread>
  <message>[SELF-HEALING] Working Locator: &amp;apos;(.//*[normalize-space(text()) and normalize-space(.)=&amp;apos;Select an item&amp;apos;])[1]/following::div[12]&amp;apos;.</message>
  <nestedLevel>1</nestedLevel>
  <escapedJava>false</escapedJava>
</record>
<record>
  <date>2025-08-05T06:30:16.222808700Z</date>
  <millis>1754375416222</millis>
  <nanos>808700</nanos>
  <sequence>225</sequence>
  <level>INFO</level>
  <class>com.kms.katalon.core.logging.XmlKeywordLogger</class>
  <method>logMessage</method>
  <thread>1</thread>
  <message>[SELF-HEALING] Screenshot: C:/Users/santh/git/RegressionSuite/Reports/Self-healing/Object Repository/Page_Dashboard - CGR Foundation (6)/div_Successfully logged in_neighbor.png</message>
  <nestedLevel>1</nestedLevel>
  <escapedJava>false</escapedJava>
</record>
<record>
  <date>2025-08-05T06:30:16.265313100Z</date>
  <millis>1754375416265</millis>
  <nanos>313100</nanos>
  <sequence>226</sequence>
  <level>WARNING</level>
  <class>com.kms.katalon.core.logging.XmlKeywordLogger</class>
  <method>logMessage</method>
  <thread>1</thread>
  <message>[SELF-HEALING] The current locator of test object &amp;apos;Object Repository/Page_Dashboard - CGR Foundation (6)/div_Successfully logged in&amp;apos; was broken. Propose an alternative one: &amp;apos;(.//*[normalize-space(text()) and normalize-space(.)=&amp;apos;Select an item&amp;apos;])[1]/following::div[12]&amp;apos;.</message>
  <nestedLevel>1</nestedLevel>
  <escapedJava>false</escapedJava>
</record>
<record>
  <date>2025-08-05T06:30:16.563774Z</date>
  <millis>1754375416563</millis>
  <nanos>774000</nanos>
  <sequence>227</sequence>
  <level>PASSED</level>
  <class>com.kms.katalon.core.logging.XmlKeywordLogger</class>
  <method>logMessage</method>
  <thread>1</thread>
  <message>Object &amp;apos;Object Repository/Page_Dashboard - CGR Foundation (6)/div_Successfully logged in&amp;apos; is visible</message>
  <nestedLevel>1</nestedLevel>
  <escapedJava>false</escapedJava>
  <property name="testops-is-assertion">true</property>
  <property name="testops-method-name">com.kms.katalon.core.webui.keyword.builtin.VerifyElementVisibleKeyword.verifyElementVisible</property>
  <property name="testops-execution-stacktrace"></property>
</record>
<record>
  <date>2025-08-05T06:30:16.566733400Z</date>
  <millis>1754375416566</millis>
  <nanos>733400</nanos>
  <sequence>228</sequence>
  <level>END</level>
  <class>com.kms.katalon.core.logging.XmlKeywordLogger</class>
  <method>endKeyword</method>
  <thread>1</thread>
  <message>End action : verifyElementVisible(findTestObject(&amp;quot;Object Repository/Page_Dashboard - CGR Foundation (6)/div_Successfully logged in&amp;quot;))</message>
  <nestedLevel>1</nestedLevel>
  <escapedJava>false</escapedJava>
</record>
<record>
  <date>2025-08-05T06:30:16.567751600Z</date>
  <millis>1754375416567</millis>
  <nanos>751600</nanos>
  <sequence>229</sequence>
  <level>START</level>
  <class>com.kms.katalon.core.logging.XmlKeywordLogger</class>
  <method>startKeyword</method>
  <thread>1</thread>
  <message>Start action : click(findTestObject(&amp;quot;Object Repository/Page_Dashboard - CGR Foundation (6)/span_Santhosh&amp;quot;))</message>
  <nestedLevel>1</nestedLevel>
  <escapedJava>false</escapedJava>
  <property name="startLine">34</property>
  <property name="stepIndex">8</property>
</record>
<record>
  <date>2025-08-05T06:30:18.205908200Z</date>
  <millis>1754375418205</millis>
  <nanos>908200</nanos>
  <sequence>239</sequence>
  <level>PASSED</level>
  <class>com.kms.katalon.core.logging.XmlKeywordLogger</class>
  <method>logMessage</method>
  <thread>1</thread>
  <message>Object: &amp;apos;Object Repository/Page_Dashboard - CGR Foundation (6)/span_Santhosh&amp;apos; is clicked on</message>
  <nestedLevel>1</nestedLevel>
  <escapedJava>false</escapedJava>
  <property name="testops-method-name">com.kms.katalon.core.webui.keyword.builtin.ClickKeyword.click</property>
  <property name="testops-execution-stacktrace"></property>
</record>
<record>
  <date>2025-08-05T06:30:18.209777200Z</date>
  <millis>1754375418209</millis>
  <nanos>777200</nanos>
  <sequence>240</sequence>
  <level>END</level>
  <class>com.kms.katalon.core.logging.XmlKeywordLogger</class>
  <method>endKeyword</method>
  <thread>1</thread>
  <message>End action : click(findTestObject(&amp;quot;Object Repository/Page_Dashboard - CGR Foundation (6)/span_Santhosh&amp;quot;))</message>
  <nestedLevel>1</nestedLevel>
  <escapedJava>false</escapedJava>
</record>
<record>
  <date>2025-08-05T06:30:18.211420500Z</date>
  <millis>1754375418211</millis>
  <nanos>420500</nanos>
  <sequence>241</sequence>
  <level>START</level>
  <class>com.kms.katalon.core.logging.XmlKeywordLogger</class>
  <method>startKeyword</method>
  <thread>1</thread>
  <message>Start action : click(findTestObject(&amp;quot;Object Repository/Page_Dashboard - CGR Foundation (6)/a_Admin&amp;quot;))</message>
  <nestedLevel>1</nestedLevel>
  <escapedJava>false</escapedJava>
  <property name="startLine">36</property>
  <property name="stepIndex">9</property>
</record>
<record>
  <date>2025-08-05T06:30:23.644598600Z</date>
  <millis>1754375423644</millis>
  <nanos>598600</nanos>
  <sequence>251</sequence>
  <level>PASSED</level>
  <class>com.kms.katalon.core.logging.XmlKeywordLogger</class>
  <method>logMessage</method>
  <thread>1</thread>
  <message>Object: &amp;apos;Object Repository/Page_Dashboard - CGR Foundation (6)/a_Admin&amp;apos; is clicked on</message>
  <nestedLevel>1</nestedLevel>
  <escapedJava>false</escapedJava>
  <property name="testops-method-name">com.kms.katalon.core.webui.keyword.builtin.ClickKeyword.click</property>
  <property name="testops-execution-stacktrace"></property>
</record>
<record>
  <date>2025-08-05T06:30:23.647701200Z</date>
  <millis>1754375423647</millis>
  <nanos>701200</nanos>
  <sequence>252</sequence>
  <level>END</level>
  <class>com.kms.katalon.core.logging.XmlKeywordLogger</class>
  <method>endKeyword</method>
  <thread>1</thread>
  <message>End action : click(findTestObject(&amp;quot;Object Repository/Page_Dashboard - CGR Foundation (6)/a_Admin&amp;quot;))</message>
  <nestedLevel>1</nestedLevel>
  <escapedJava>false</escapedJava>
</record>
<record>
  <date>2025-08-05T06:30:23.649707400Z</date>
  <millis>1754375423649</millis>
  <nanos>707400</nanos>
  <sequence>253</sequence>
  <level>START</level>
  <class>com.kms.katalon.core.logging.XmlKeywordLogger</class>
  <method>startKeyword</method>
  <thread>1</thread>
  <message>Start action : verifyElementText(findTestObject(&amp;quot;Object Repository/Page_Dashboard - CGR Foundation (6)/a_Admin_1&amp;quot;), &amp;quot;Admin&amp;quot;)</message>
  <nestedLevel>1</nestedLevel>
  <escapedJava>false</escapedJava>
  <property name="startLine">38</property>
  <property name="stepIndex">10</property>
</record>
<record>
  <date>2025-08-05T06:30:25.866106900Z</date>
  <millis>1754375425866</millis>
  <nanos>106900</nanos>
  <sequence>261</sequence>
  <level>PASSED</level>
  <class>com.kms.katalon.core.logging.XmlKeywordLogger</class>
  <method>logMessage</method>
  <thread>1</thread>
  <message>Actual text and expected text of test object &amp;apos;Object Repository/Page_Dashboard - CGR Foundation (6)/a_Admin_1&amp;apos; are matched.</message>
  <nestedLevel>1</nestedLevel>
  <escapedJava>false</escapedJava>
  <property name="testops-is-assertion">true</property>
  <property name="testops-method-name">com.kms.katalon.core.webui.keyword.builtin.VerifyElementTextKeyword.verifyElementText</property>
  <property name="testops-execution-stacktrace"></property>
</record>
<record>
  <date>2025-08-05T06:30:25.869102600Z</date>
  <millis>1754375425869</millis>
  <nanos>102600</nanos>
  <sequence>262</sequence>
  <level>END</level>
  <class>com.kms.katalon.core.logging.XmlKeywordLogger</class>
  <method>endKeyword</method>
  <thread>1</thread>
  <message>End action : verifyElementText(findTestObject(&amp;quot;Object Repository/Page_Dashboard - CGR Foundation (6)/a_Admin_1&amp;quot;), &amp;quot;Admin&amp;quot;)</message>
  <nestedLevel>1</nestedLevel>
  <escapedJava>false</escapedJava>
</record>
<record>
  <date>2025-08-05T06:30:25.870077200Z</date>
  <millis>1754375425870</millis>
  <nanos>77200</nanos>
  <sequence>263</sequence>
  <level>START</level>
  <class>com.kms.katalon.core.logging.XmlKeywordLogger</class>
  <method>startKeyword</method>
  <thread>1</thread>
  <message>Start action : closeBrowser()</message>
  <nestedLevel>1</nestedLevel>
  <escapedJava>false</escapedJava>
  <property name="startLine">40</property>
  <property name="stepIndex">11</property>
</record>
<record>
  <date>2025-08-05T06:30:28.246692900Z</date>
  <millis>1754375428246</millis>
  <nanos>692900</nanos>
  <sequence>266</sequence>
  <level>WARNING</level>
  <class>com.kms.katalon.core.logging.XmlKeywordLogger</class>
  <method>logMessage</method>
  <thread>1</thread>
  <message>Cannot take screenshot</message>
  <nestedLevel>1</nestedLevel>
  <escapedJava>false</escapedJava>
  <property name="failed.exception.class">org.openqa.selenium.NoSuchSessionException</property>
  <property name="failed.exception.stacktrace">org.openqa.selenium.NoSuchSessionException: Session ID is null. Using WebDriver after calling quit()?
Build info: version: &apos;4.28.1&apos;, revision: &apos;73f5ad48a2&apos;
System info: os.name: &apos;Windows 11&apos;, os.arch: &apos;amd64&apos;, os.version: &apos;10.0&apos;, java.version: &apos;17.0.14&apos;
Driver info: com.kms.katalon.selenium.driver.CRemoteWebDriver
Command: [null, switchToWindow {handle=}]
Capabilities {acceptInsecureCerts: false, browserName: chrome, browserVersion: 134.0.6998.178, chrome: {chromedriverVersion: 134.0.6998.178 (81fef1e2645..., userDataDir: C:\Windows\SystemTemp\scope...}, fedcm:accounts: true, goog:chromeOptions: {debuggerAddress: localhost:9225}, katalon:caps: {executionId: b16f37ba-420d-42e4-a639-e87..., executionSessionId: 0f7af259-1361-4bc5-b735-f0c...}, katalon:options: {executionId: b16f37ba-420d-42e4-a639-e87..., executionMode: queue, executionSessionId: 0f7af259-1361-4bc5-b735-f0c..., metadata: {accountUuid: c44afe3b-f76f-4921-9346-27f..., channel: kse;v=10.2.3, organizationId: 2293188, projectId: 2256648, usingTunnel: false}, runFromTestCloud: true, userId: 1718855, usingTunnel: false}, kt:requestId: 0f7af259-1361-4bc5-b735-f0c..., kt:rid: 0f7af259-1361-4bc5-b735-f0c..., networkConnectionEnabled: false, pageLoadStrategy: normal, platformName: windows, proxy: Proxy(), se:bidiEnabled: false, se:cdpEnabled: false, setWindowRect: true, strictFileInteractability: false, timeouts: {implicit: 0, pageLoad: 300000, script: 30000}, unhandledPromptBehavior: dismiss and notify, webauthn:extension:credBlob: true, webauthn:extension:largeBlob: true, webauthn:extension:minPinLength: true, webauthn:extension:prf: true, webauthn:virtualAuthenticators: true}
	at org.openqa.selenium.remote.HttpCommandExecutor.execute(HttpCommandExecutor.java:176)
	at org.openqa.selenium.remote.RemoteWebDriver.execute(RemoteWebDriver.java:545)
	at org.openqa.selenium.remote.RemoteWebDriver$RemoteTargetLocator.window(RemoteWebDriver.java:1145)
	at java.base/jdk.internal.reflect.NativeMethodAccessorImpl.invoke0(Native Method)
	at java.base/jdk.internal.reflect.NativeMethodAccessorImpl.invoke(NativeMethodAccessorImpl.java:77)
	at java.base/jdk.internal.reflect.DelegatingMethodAccessorImpl.invoke(DelegatingMethodAccessorImpl.java:43)
	at org.openqa.selenium.support.decorators.WebDriverDecorator.call(WebDriverDecorator.java:315)
	at org.openqa.selenium.support.decorators.DefaultDecorated.call(DefaultDecorated.java:48)
	at org.openqa.selenium.support.decorators.WebDriverDecorator.lambda$createProxyFactory$3(WebDriverDecorator.java:405)
	at net.bytebuddy.renamed.java.lang.Object$ByteBuddy$ISihWWvH.window(Unknown Source)
	at com.kms.katalon.core.webui.driver.DriverFactory.switchToAvailableWindow(DriverFactory.java:687)
	at com.kms.katalon.core.webui.driver.DriverFactory.verifyWebDriver(DriverFactory.java:575)
	at com.kms.katalon.core.webui.driver.DriverFactory.getWebDriver(DriverFactory.java:546)
	at com.kms.katalon.core.webui.helper.screenshot.WebUIScreenCaptor.take(WebUIScreenCaptor.java:26)
	at com.kms.katalon.core.helper.screenshot.ScreenCaptor.takeScreenshotAndGetAttributes(ScreenCaptor.java:38)
	at com.kms.katalon.core.webui.keyword.internal.WebUIKeywordMain.stepFailed(WebUIKeywordMain.groovy:118)
	at com.kms.katalon.core.webui.keyword.internal.WebUIKeywordMain.runKeyword(WebUIKeywordMain.groovy:43)
	at com.kms.katalon.core.webui.keyword.builtin.CloseBrowserKeyword.closeBrowser(CloseBrowserKeyword.groovy:72)
	at com.kms.katalon.core.webui.keyword.builtin.CloseBrowserKeyword.execute(CloseBrowserKeyword.groovy:67)
	at com.kms.katalon.core.keyword.internal.KeywordExecutor.executeKeywordForPlatform(KeywordExecutor.groovy:64)
	at com.kms.katalon.core.webui.keyword.WebUiBuiltInKeywords.closeBrowser(WebUiBuiltInKeywords.groovy:83)
	at AdminSection.run(AdminSection:40)
	at com.kms.katalon.core.main.ScriptEngine.run(ScriptEngine.java:194)
	at com.kms.katalon.core.main.ScriptEngine.runScriptAsRawText(ScriptEngine.java:119)
	at com.kms.katalon.core.main.TestCaseExecutor.runScript(TestCaseExecutor.java:485)
	at com.kms.katalon.core.main.TestCaseExecutor.doExecute(TestCaseExecutor.java:476)
	at com.kms.katalon.core.main.TestCaseExecutor.processExecutionPhase(TestCaseExecutor.java:455)
	at com.kms.katalon.core.main.TestCaseExecutor.accessMainPhase(TestCaseExecutor.java:447)
	at com.kms.katalon.core.main.TestCaseExecutor.execute(TestCaseExecutor.java:321)
	at com.kms.katalon.core.common.CommonExecutor.accessTestCaseMainPhase(CommonExecutor.java:71)
	at com.kms.katalon.core.main.TestSuiteExecutor.accessTestSuiteMainPhase(TestSuiteExecutor.java:160)
	at com.kms.katalon.core.main.TestSuiteExecutor.execute(TestSuiteExecutor.java:107)
	at com.kms.katalon.core.main.TestCaseMain.startTestSuite(TestCaseMain.java:195)
	at TempTestSuite1754375272522.run(TempTestSuite1754375272522.groovy:35)
	at java.base/jdk.internal.reflect.NativeMethodAccessorImpl.invoke0(Native Method)
	at java.base/jdk.internal.reflect.NativeMethodAccessorImpl.invoke(NativeMethodAccessorImpl.java:77)
	at java.base/jdk.internal.reflect.DelegatingMethodAccessorImpl.invoke(DelegatingMethodAccessorImpl.java:43)
</property>
  <property name="failed.exception.message">Session ID is null. Using WebDriver after calling quit()?
Build info: version: &apos;4.28.1&apos;, revision: &apos;73f5ad48a2&apos;
System info: os.name: &apos;Windows 11&apos;, os.arch: &apos;amd64&apos;, os.version: &apos;10.0&apos;, java.version: &apos;17.0.14&apos;
Driver info: com.kms.katalon.selenium.driver.CRemoteWebDriver
Command: [null, switchToWindow {handle=}]
Capabilities {acceptInsecureCerts: false, browserName: chrome, browserVersion: 134.0.6998.178, chrome: {chromedriverVersion: 134.0.6998.178 (81fef1e2645..., userDataDir: C:\Windows\SystemTemp\scope...}, fedcm:accounts: true, goog:chromeOptions: {debuggerAddress: localhost:9225}, katalon:caps: {executionId: b16f37ba-420d-42e4-a639-e87..., executionSessionId: 0f7af259-1361-4bc5-b735-f0c...}, katalon:options: {executionId: b16f37ba-420d-42e4-a639-e87..., executionMode: queue, executionSessionId: 0f7af259-1361-4bc5-b735-f0c..., metadata: {accountUuid: c44afe3b-f76f-4921-9346-27f..., channel: kse;v=10.2.3, organizationId: 2293188, projectId: 2256648, usingTunnel: false}, runFromTestCloud: true, userId: 1718855, usingTunnel: false}, kt:requestId: 0f7af259-1361-4bc5-b735-f0c..., kt:rid: 0f7af259-1361-4bc5-b735-f0c..., networkConnectionEnabled: false, pageLoadStrategy: normal, platformName: windows, proxy: Proxy(), se:bidiEnabled: false, se:cdpEnabled: false, setWindowRect: true, strictFileInteractability: false, timeouts: {implicit: 0, pageLoad: 300000, script: 30000}, unhandledPromptBehavior: dismiss and notify, webauthn:extension:credBlob: true, webauthn:extension:largeBlob: true, webauthn:extension:minPinLength: true, webauthn:extension:prf: true, webauthn:virtualAuthenticators: true}</property>
</record>
<record>
  <date>2025-08-05T06:30:28.252190400Z</date>
  <millis>1754375428252</millis>
  <nanos>190400</nanos>
  <sequence>270</sequence>
  <level>FAILED</level>
  <class>com.kms.katalon.core.logging.XmlKeywordLogger</class>
  <method>logMessage</method>
  <thread>1</thread>
  <message>Unable to close browser (Root cause: com.kms.katalon.core.exception.StepFailedException: Unable to close browser
	at com.kms.katalon.core.webui.keyword.internal.WebUIKeywordMain.stepFailed(WebUIKeywordMain.groovy:118)
	at com.kms.katalon.core.webui.keyword.internal.WebUIKeywordMain.runKeyword(WebUIKeywordMain.groovy:43)
	at com.kms.katalon.core.webui.keyword.builtin.CloseBrowserKeyword.closeBrowser(CloseBrowserKeyword.groovy:72)
	at com.kms.katalon.core.webui.keyword.builtin.CloseBrowserKeyword.execute(CloseBrowserKeyword.groovy:67)
	at com.kms.katalon.core.keyword.internal.KeywordExecutor.executeKeywordForPlatform(KeywordExecutor.groovy:64)
	at com.kms.katalon.core.webui.keyword.WebUiBuiltInKeywords.closeBrowser(WebUiBuiltInKeywords.groovy:83)
	at AdminSection.run(AdminSection:40)
	at com.kms.katalon.core.main.ScriptEngine.run(ScriptEngine.java:194)
	at com.kms.katalon.core.main.ScriptEngine.runScriptAsRawText(ScriptEngine.java:119)
	at com.kms.katalon.core.main.TestCaseExecutor.runScript(TestCaseExecutor.java:485)
	at com.kms.katalon.core.main.TestCaseExecutor.doExecute(TestCaseExecutor.java:476)
	at com.kms.katalon.core.main.TestCaseExecutor.processExecutionPhase(TestCaseExecutor.java:455)
	at com.kms.katalon.core.main.TestCaseExecutor.accessMainPhase(TestCaseExecutor.java:447)
	at com.kms.katalon.core.main.TestCaseExecutor.execute(TestCaseExecutor.java:321)
	at com.kms.katalon.core.common.CommonExecutor.accessTestCaseMainPhase(CommonExecutor.java:71)
	at com.kms.katalon.core.main.TestSuiteExecutor.accessTestSuiteMainPhase(TestSuiteExecutor.java:160)
	at com.kms.katalon.core.main.TestSuiteExecutor.execute(TestSuiteExecutor.java:107)
	at com.kms.katalon.core.main.TestCaseMain.startTestSuite(TestCaseMain.java:195)
	at TempTestSuite1754375272522.run(TempTestSuite1754375272522.groovy:35)
	at java.base/jdk.internal.reflect.NativeMethodAccessorImpl.invoke0(Native Method)
	at java.base/jdk.internal.reflect.NativeMethodAccessorImpl.invoke(NativeMethodAccessorImpl.java:77)
	at java.base/jdk.internal.reflect.DelegatingMethodAccessorImpl.invoke(DelegatingMethodAccessorImpl.java:43)
Caused by: org.openqa.selenium.WebDriverException: RESTEASY004655: Unable to invoke request: java.net.SocketException: Socket closed
Build info: version: &amp;apos;4.28.1&amp;apos;, revision: &amp;apos;73f5ad48a2&amp;apos;
System info: os.name: &amp;apos;Windows 11&amp;apos;, os.arch: &amp;apos;amd64&amp;apos;, os.version: &amp;apos;10.0&amp;apos;, java.version: &amp;apos;17.0.14&amp;apos;
Driver info: com.kms.katalon.selenium.driver.CRemoteWebDriver
Command: [569f67ad963837260a1435761b772dc9, quit {}]
Capabilities {acceptInsecureCerts: false, browserName: chrome, browserVersion: 134.0.6998.178, chrome: {chromedriverVersion: 134.0.6998.178 (81fef1e2645..., userDataDir: C:\Windows\SystemTemp\scope...}, fedcm:accounts: true, goog:chromeOptions: {debuggerAddress: localhost:9225}, katalon:caps: {executionId: b16f37ba-420d-42e4-a639-e87..., executionSessionId: 0f7af259-1361-4bc5-b735-f0c...}, katalon:options: {executionId: b16f37ba-420d-42e4-a639-e87..., executionMode: queue, executionSessionId: 0f7af259-1361-4bc5-b735-f0c..., metadata: {accountUuid: c44afe3b-f76f-4921-9346-27f..., channel: kse;v=10.2.3, organizationId: 2293188, projectId: 2256648, usingTunnel: false}, runFromTestCloud: true, userId: 1718855, usingTunnel: false}, kt:requestId: 0f7af259-1361-4bc5-b735-f0c..., kt:rid: 0f7af259-1361-4bc5-b735-f0c..., networkConnectionEnabled: false, pageLoadStrategy: normal, platformName: windows, proxy: Proxy(), se:bidiEnabled: false, se:cdpEnabled: false, setWindowRect: true, strictFileInteractability: false, timeouts: {implicit: 0, pageLoad: 300000, script: 30000}, unhandledPromptBehavior: dismiss and notify, webauthn:extension:credBlob: true, webauthn:extension:largeBlob: true, webauthn:extension:minPinLength: true, webauthn:extension:prf: true, webauthn:virtualAuthenticators: true}
Session ID: 569f67ad963837260a1435761b772dc9
	at java.base/jdk.internal.reflect.NativeConstructorAccessorImpl.newInstance0(Native Method)
	at java.base/jdk.internal.reflect.NativeConstructorAccessorImpl.newInstance(NativeConstructorAccessorImpl.java:77)
	at java.base/jdk.internal.reflect.DelegatingConstructorAccessorImpl.newInstance(DelegatingConstructorAccessorImpl.java:45)
	at org.openqa.selenium.remote.ErrorCodec.decode(ErrorCodec.java:167)
	at org.openqa.selenium.remote.codec.w3c.W3CHttpResponseCodec.decode(W3CHttpResponseCodec.java:138)
	at org.openqa.selenium.remote.codec.w3c.W3CHttpResponseCodec.decode(W3CHttpResponseCodec.java:50)
	at org.openqa.selenium.remote.HttpCommandExecutor.execute(HttpCommandExecutor.java:215)
	at org.openqa.selenium.remote.RemoteWebDriver.execute(RemoteWebDriver.java:545)
	at org.openqa.selenium.remote.RemoteWebDriver.execute(RemoteWebDriver.java:618)
	at com.kms.katalon.selenium.driver.CRemoteWebDriver.execute(CRemoteWebDriver.java:96)
	at org.openqa.selenium.remote.RemoteWebDriver.execute(RemoteWebDriver.java:622)
	at org.openqa.selenium.remote.RemoteWebDriver.quit(RemoteWebDriver.java:446)
	at java.base/jdk.internal.reflect.NativeMethodAccessorImpl.invoke0(Native Method)
	at java.base/jdk.internal.reflect.NativeMethodAccessorImpl.invoke(NativeMethodAccessorImpl.java:77)
	at java.base/jdk.internal.reflect.DelegatingMethodAccessorImpl.invoke(DelegatingMethodAccessorImpl.java:43)
	at org.openqa.selenium.support.decorators.WebDriverDecorator.call(WebDriverDecorator.java:315)
	at org.openqa.selenium.support.decorators.DefaultDecorated.call(DefaultDecorated.java:48)
	at org.openqa.selenium.support.decorators.WebDriverDecorator.lambda$createProxyFactory$3(WebDriverDecorator.java:405)
	at org.openqa.selenium.remote.RemoteWebDriver$ByteBuddy$eDG6xkn0.quit(Unknown Source)
	at com.kms.katalon.core.webui.driver.DriverFactory.closeWebDriver(DriverFactory.java:868)
	at com.kms.katalon.core.webui.keyword.builtin.CloseBrowserKeyword$_closeBrowser_closure1.doCall(CloseBrowserKeyword.groovy:74)
	at com.kms.katalon.core.webui.keyword.builtin.CloseBrowserKeyword$_closeBrowser_closure1.call(CloseBrowserKeyword.groovy)
	at com.kms.katalon.core.webui.keyword.internal.WebUIKeywordMain.runKeyword(WebUIKeywordMain.groovy:35)
	at com.kms.katalon.core.webui.keyword.builtin.CloseBrowserKeyword.closeBrowser(CloseBrowserKeyword.groovy:72)
	at com.kms.katalon.core.webui.keyword.builtin.CloseBrowserKeyword.execute(CloseBrowserKeyword.groovy:67)
	at com.kms.katalon.core.keyword.internal.KeywordExecutor.executeKeywordForPlatform(KeywordExecutor.groovy:64)
	at com.kms.katalon.core.webui.keyword.WebUiBuiltInKeywords.closeBrowser(WebUiBuiltInKeywords.groovy:83)
	at Script1752058612487.run(Script1752058612487.groovy:40)
	... 15 more
)</message>
  <nestedLevel>1</nestedLevel>
  <escapedJava>false</escapedJava>
  <property name="failed.exception.class">org.openqa.selenium.WebDriverException</property>
  <property name="failed.exception.stacktrace">org.openqa.selenium.WebDriverException: RESTEASY004655: Unable to invoke request: java.net.SocketException: Socket closed
Build info: version: &apos;4.28.1&apos;, revision: &apos;73f5ad48a2&apos;
System info: os.name: &apos;Windows 11&apos;, os.arch: &apos;amd64&apos;, os.version: &apos;10.0&apos;, java.version: &apos;17.0.14&apos;
Driver info: com.kms.katalon.selenium.driver.CRemoteWebDriver
Command: [569f67ad963837260a1435761b772dc9, quit {}]
Capabilities {acceptInsecureCerts: false, browserName: chrome, browserVersion: 134.0.6998.178, chrome: {chromedriverVersion: 134.0.6998.178 (81fef1e2645..., userDataDir: C:\Windows\SystemTemp\scope...}, fedcm:accounts: true, goog:chromeOptions: {debuggerAddress: localhost:9225}, katalon:caps: {executionId: b16f37ba-420d-42e4-a639-e87..., executionSessionId: 0f7af259-1361-4bc5-b735-f0c...}, katalon:options: {executionId: b16f37ba-420d-42e4-a639-e87..., executionMode: queue, executionSessionId: 0f7af259-1361-4bc5-b735-f0c..., metadata: {accountUuid: c44afe3b-f76f-4921-9346-27f..., channel: kse;v=10.2.3, organizationId: 2293188, projectId: 2256648, usingTunnel: false}, runFromTestCloud: true, userId: 1718855, usingTunnel: false}, kt:requestId: 0f7af259-1361-4bc5-b735-f0c..., kt:rid: 0f7af259-1361-4bc5-b735-f0c..., networkConnectionEnabled: false, pageLoadStrategy: normal, platformName: windows, proxy: Proxy(), se:bidiEnabled: false, se:cdpEnabled: false, setWindowRect: true, strictFileInteractability: false, timeouts: {implicit: 0, pageLoad: 300000, script: 30000}, unhandledPromptBehavior: dismiss and notify, webauthn:extension:credBlob: true, webauthn:extension:largeBlob: true, webauthn:extension:minPinLength: true, webauthn:extension:prf: true, webauthn:virtualAuthenticators: true}
Session ID: 569f67ad963837260a1435761b772dc9
	at java.base/jdk.internal.reflect.NativeConstructorAccessorImpl.newInstance0(Native Method)
	at java.base/jdk.internal.reflect.NativeConstructorAccessorImpl.newInstance(NativeConstructorAccessorImpl.java:77)
	at java.base/jdk.internal.reflect.DelegatingConstructorAccessorImpl.newInstance(DelegatingConstructorAccessorImpl.java:45)
	at org.openqa.selenium.remote.ErrorCodec.decode(ErrorCodec.java:167)
	at org.openqa.selenium.remote.codec.w3c.W3CHttpResponseCodec.decode(W3CHttpResponseCodec.java:138)
	at org.openqa.selenium.remote.codec.w3c.W3CHttpResponseCodec.decode(W3CHttpResponseCodec.java:50)
	at org.openqa.selenium.remote.HttpCommandExecutor.execute(HttpCommandExecutor.java:215)
	at org.openqa.selenium.remote.RemoteWebDriver.execute(RemoteWebDriver.java:545)
	at org.openqa.selenium.remote.RemoteWebDriver.execute(RemoteWebDriver.java:618)
	at com.kms.katalon.selenium.driver.CRemoteWebDriver.execute(CRemoteWebDriver.java:96)
	at org.openqa.selenium.remote.RemoteWebDriver.execute(RemoteWebDriver.java:622)
	at org.openqa.selenium.remote.RemoteWebDriver.quit(RemoteWebDriver.java:446)
	at java.base/jdk.internal.reflect.NativeMethodAccessorImpl.invoke0(Native Method)
	at java.base/jdk.internal.reflect.NativeMethodAccessorImpl.invoke(NativeMethodAccessorImpl.java:77)
	at java.base/jdk.internal.reflect.DelegatingMethodAccessorImpl.invoke(DelegatingMethodAccessorImpl.java:43)
	at org.openqa.selenium.support.decorators.WebDriverDecorator.call(WebDriverDecorator.java:315)
	at org.openqa.selenium.support.decorators.DefaultDecorated.call(DefaultDecorated.java:48)
	at org.openqa.selenium.support.decorators.WebDriverDecorator.lambda$createProxyFactory$3(WebDriverDecorator.java:405)
	at org.openqa.selenium.remote.RemoteWebDriver$ByteBuddy$eDG6xkn0.quit(Unknown Source)
	at com.kms.katalon.core.webui.driver.DriverFactory.closeWebDriver(DriverFactory.java:868)
	at com.kms.katalon.core.webui.keyword.builtin.CloseBrowserKeyword$_closeBrowser_closure1.doCall(CloseBrowserKeyword.groovy:74)
	at com.kms.katalon.core.webui.keyword.builtin.CloseBrowserKeyword$_closeBrowser_closure1.call(CloseBrowserKeyword.groovy)
	at com.kms.katalon.core.webui.keyword.internal.WebUIKeywordMain.runKeyword(WebUIKeywordMain.groovy:35)
	at com.kms.katalon.core.webui.keyword.builtin.CloseBrowserKeyword.closeBrowser(CloseBrowserKeyword.groovy:72)
	at com.kms.katalon.core.webui.keyword.builtin.CloseBrowserKeyword.execute(CloseBrowserKeyword.groovy:67)
	at com.kms.katalon.core.keyword.internal.KeywordExecutor.executeKeywordForPlatform(KeywordExecutor.groovy:64)
	at com.kms.katalon.core.webui.keyword.WebUiBuiltInKeywords.closeBrowser(WebUiBuiltInKeywords.groovy:83)
	at AdminSection.run(AdminSection:40)
	at com.kms.katalon.core.main.ScriptEngine.run(ScriptEngine.java:194)
	at com.kms.katalon.core.main.ScriptEngine.runScriptAsRawText(ScriptEngine.java:119)
	at com.kms.katalon.core.main.TestCaseExecutor.runScript(TestCaseExecutor.java:485)
	at com.kms.katalon.core.main.TestCaseExecutor.doExecute(TestCaseExecutor.java:476)
	at com.kms.katalon.core.main.TestCaseExecutor.processExecutionPhase(TestCaseExecutor.java:455)
	at com.kms.katalon.core.main.TestCaseExecutor.accessMainPhase(TestCaseExecutor.java:447)
	at com.kms.katalon.core.main.TestCaseExecutor.execute(TestCaseExecutor.java:321)
	at com.kms.katalon.core.common.CommonExecutor.accessTestCaseMainPhase(CommonExecutor.java:71)
	at com.kms.katalon.core.main.TestSuiteExecutor.accessTestSuiteMainPhase(TestSuiteExecutor.java:160)
	at com.kms.katalon.core.main.TestSuiteExecutor.execute(TestSuiteExecutor.java:107)
	at com.kms.katalon.core.main.TestCaseMain.startTestSuite(TestCaseMain.java:195)
	at TempTestSuite1754375272522.run(TempTestSuite1754375272522.groovy:35)
	at java.base/jdk.internal.reflect.NativeMethodAccessorImpl.invoke0(Native Method)
	at java.base/jdk.internal.reflect.NativeMethodAccessorImpl.invoke(NativeMethodAccessorImpl.java:77)
	at java.base/jdk.internal.reflect.DelegatingMethodAccessorImpl.invoke(DelegatingMethodAccessorImpl.java:43)
</property>
  <property name="failed.exception.message">RESTEASY004655: Unable to invoke request: java.net.SocketException: Socket closed
Build info: version: &apos;4.28.1&apos;, revision: &apos;73f5ad48a2&apos;
System info: os.name: &apos;Windows 11&apos;, os.arch: &apos;amd64&apos;, os.version: &apos;10.0&apos;, java.version: &apos;17.0.14&apos;
Driver info: com.kms.katalon.selenium.driver.CRemoteWebDriver
Command: [569f67ad963837260a1435761b772dc9, quit {}]
Capabilities {acceptInsecureCerts: false, browserName: chrome, browserVersion: 134.0.6998.178, chrome: {chromedriverVersion: 134.0.6998.178 (81fef1e2645..., userDataDir: C:\Windows\SystemTemp\scope...}, fedcm:accounts: true, goog:chromeOptions: {debuggerAddress: localhost:9225}, katalon:caps: {executionId: b16f37ba-420d-42e4-a639-e87..., executionSessionId: 0f7af259-1361-4bc5-b735-f0c...}, katalon:options: {executionId: b16f37ba-420d-42e4-a639-e87..., executionMode: queue, executionSessionId: 0f7af259-1361-4bc5-b735-f0c..., metadata: {accountUuid: c44afe3b-f76f-4921-9346-27f..., channel: kse;v=10.2.3, organizationId: 2293188, projectId: 2256648, usingTunnel: false}, runFromTestCloud: true, userId: 1718855, usingTunnel: false}, kt:requestId: 0f7af259-1361-4bc5-b735-f0c..., kt:rid: 0f7af259-1361-4bc5-b735-f0c..., networkConnectionEnabled: false, pageLoadStrategy: normal, platformName: windows, proxy: Proxy(), se:bidiEnabled: false, se:cdpEnabled: false, setWindowRect: true, strictFileInteractability: false, timeouts: {implicit: 0, pageLoad: 300000, script: 30000}, unhandledPromptBehavior: dismiss and notify, webauthn:extension:credBlob: true, webauthn:extension:largeBlob: true, webauthn:extension:minPinLength: true, webauthn:extension:prf: true, webauthn:virtualAuthenticators: true}
Session ID: 569f67ad963837260a1435761b772dc9</property>
</record>
<record>
  <date>2025-08-05T06:30:28.259197600Z</date>
  <millis>1754375428259</millis>
  <nanos>197600</nanos>
  <sequence>273</sequence>
  <level>END</level>
  <class>com.kms.katalon.core.logging.XmlKeywordLogger</class>
  <method>endKeyword</method>
  <thread>1</thread>
  <message>End action : closeBrowser()</message>
  <nestedLevel>1</nestedLevel>
  <escapedJava>false</escapedJava>
</record>
<record>
  <date>2025-08-05T06:30:28.264362200Z</date>
  <millis>1754375428264</millis>
  <nanos>362200</nanos>
  <sequence>276</sequence>
  <level>FAILED</level>
  <class>com.kms.katalon.core.logging.XmlKeywordLogger</class>
  <method>logMessage</method>
  <thread>1</thread>
  <message>Test Cases/AdminSection FAILED.
Reason:
com.kms.katalon.core.exception.StepFailedException: Unable to close browser
	at com.kms.katalon.core.webui.keyword.internal.WebUIKeywordMain.stepFailed(WebUIKeywordMain.groovy:118)
	at com.kms.katalon.core.webui.keyword.internal.WebUIKeywordMain.runKeyword(WebUIKeywordMain.groovy:43)
	at com.kms.katalon.core.webui.keyword.builtin.CloseBrowserKeyword.closeBrowser(CloseBrowserKeyword.groovy:72)
	at com.kms.katalon.core.webui.keyword.builtin.CloseBrowserKeyword.execute(CloseBrowserKeyword.groovy:67)
	at com.kms.katalon.core.keyword.internal.KeywordExecutor.executeKeywordForPlatform(KeywordExecutor.groovy:64)
	at com.kms.katalon.core.webui.keyword.WebUiBuiltInKeywords.closeBrowser(WebUiBuiltInKeywords.groovy:83)
	at AdminSection.run(AdminSection:40)
	at com.kms.katalon.core.main.ScriptEngine.run(ScriptEngine.java:194)
	at com.kms.katalon.core.main.ScriptEngine.runScriptAsRawText(ScriptEngine.java:119)
	at com.kms.katalon.core.main.TestCaseExecutor.runScript(TestCaseExecutor.java:485)
	at com.kms.katalon.core.main.TestCaseExecutor.doExecute(TestCaseExecutor.java:476)
	at com.kms.katalon.core.main.TestCaseExecutor.processExecutionPhase(TestCaseExecutor.java:455)
	at com.kms.katalon.core.main.TestCaseExecutor.accessMainPhase(TestCaseExecutor.java:447)
	at com.kms.katalon.core.main.TestCaseExecutor.execute(TestCaseExecutor.java:321)
	at com.kms.katalon.core.common.CommonExecutor.accessTestCaseMainPhase(CommonExecutor.java:71)
	at com.kms.katalon.core.main.TestSuiteExecutor.accessTestSuiteMainPhase(TestSuiteExecutor.java:160)
	at com.kms.katalon.core.main.TestSuiteExecutor.execute(TestSuiteExecutor.java:107)
	at com.kms.katalon.core.main.TestCaseMain.startTestSuite(TestCaseMain.java:195)
	at TempTestSuite1754375272522.run(TempTestSuite1754375272522.groovy:35)
	at java.base/jdk.internal.reflect.NativeMethodAccessorImpl.invoke0(Native Method)
	at java.base/jdk.internal.reflect.NativeMethodAccessorImpl.invoke(NativeMethodAccessorImpl.java:77)
	at java.base/jdk.internal.reflect.DelegatingMethodAccessorImpl.invoke(DelegatingMethodAccessorImpl.java:43)
Caused by: org.openqa.selenium.WebDriverException: RESTEASY004655: Unable to invoke request: java.net.SocketException: Socket closed
Build info: version: &amp;apos;4.28.1&amp;apos;, revision: &amp;apos;73f5ad48a2&amp;apos;
System info: os.name: &amp;apos;Windows 11&amp;apos;, os.arch: &amp;apos;amd64&amp;apos;, os.version: &amp;apos;10.0&amp;apos;, java.version: &amp;apos;17.0.14&amp;apos;
Driver info: com.kms.katalon.selenium.driver.CRemoteWebDriver
Command: [569f67ad963837260a1435761b772dc9, quit {}]
Capabilities {acceptInsecureCerts: false, browserName: chrome, browserVersion: 134.0.6998.178, chrome: {chromedriverVersion: 134.0.6998.178 (81fef1e2645..., userDataDir: C:\Windows\SystemTemp\scope...}, fedcm:accounts: true, goog:chromeOptions: {debuggerAddress: localhost:9225}, katalon:caps: {executionId: b16f37ba-420d-42e4-a639-e87..., executionSessionId: 0f7af259-1361-4bc5-b735-f0c...}, katalon:options: {executionId: b16f37ba-420d-42e4-a639-e87..., executionMode: queue, executionSessionId: 0f7af259-1361-4bc5-b735-f0c..., metadata: {accountUuid: c44afe3b-f76f-4921-9346-27f..., channel: kse;v=10.2.3, organizationId: 2293188, projectId: 2256648, usingTunnel: false}, runFromTestCloud: true, userId: 1718855, usingTunnel: false}, kt:requestId: 0f7af259-1361-4bc5-b735-f0c..., kt:rid: 0f7af259-1361-4bc5-b735-f0c..., networkConnectionEnabled: false, pageLoadStrategy: normal, platformName: windows, proxy: Proxy(), se:bidiEnabled: false, se:cdpEnabled: false, setWindowRect: true, strictFileInteractability: false, timeouts: {implicit: 0, pageLoad: 300000, script: 30000}, unhandledPromptBehavior: dismiss and notify, webauthn:extension:credBlob: true, webauthn:extension:largeBlob: true, webauthn:extension:minPinLength: true, webauthn:extension:prf: true, webauthn:virtualAuthenticators: true}
Session ID: 569f67ad963837260a1435761b772dc9
	at java.base/jdk.internal.reflect.NativeConstructorAccessorImpl.newInstance0(Native Method)
	at java.base/jdk.internal.reflect.NativeConstructorAccessorImpl.newInstance(NativeConstructorAccessorImpl.java:77)
	at java.base/jdk.internal.reflect.DelegatingConstructorAccessorImpl.newInstance(DelegatingConstructorAccessorImpl.java:45)
	at org.openqa.selenium.remote.ErrorCodec.decode(ErrorCodec.java:167)
	at org.openqa.selenium.remote.codec.w3c.W3CHttpResponseCodec.decode(W3CHttpResponseCodec.java:138)
	at org.openqa.selenium.remote.codec.w3c.W3CHttpResponseCodec.decode(W3CHttpResponseCodec.java:50)
	at org.openqa.selenium.remote.HttpCommandExecutor.execute(HttpCommandExecutor.java:215)
	at org.openqa.selenium.remote.RemoteWebDriver.execute(RemoteWebDriver.java:545)
	at org.openqa.selenium.remote.RemoteWebDriver.execute(RemoteWebDriver.java:618)
	at com.kms.katalon.selenium.driver.CRemoteWebDriver.execute(CRemoteWebDriver.java:96)
	at org.openqa.selenium.remote.RemoteWebDriver.execute(RemoteWebDriver.java:622)
	at org.openqa.selenium.remote.RemoteWebDriver.quit(RemoteWebDriver.java:446)
	at java.base/jdk.internal.reflect.NativeMethodAccessorImpl.invoke0(Native Method)
	at java.base/jdk.internal.reflect.NativeMethodAccessorImpl.invoke(NativeMethodAccessorImpl.java:77)
	at java.base/jdk.internal.reflect.DelegatingMethodAccessorImpl.invoke(DelegatingMethodAccessorImpl.java:43)
	at org.openqa.selenium.support.decorators.WebDriverDecorator.call(WebDriverDecorator.java:315)
	at org.openqa.selenium.support.decorators.DefaultDecorated.call(DefaultDecorated.java:48)
	at org.openqa.selenium.support.decorators.WebDriverDecorator.lambda$createProxyFactory$3(WebDriverDecorator.java:405)
	at org.openqa.selenium.remote.RemoteWebDriver$ByteBuddy$eDG6xkn0.quit(Unknown Source)
	at com.kms.katalon.core.webui.driver.DriverFactory.closeWebDriver(DriverFactory.java:868)
	at com.kms.katalon.core.webui.keyword.builtin.CloseBrowserKeyword$_closeBrowser_closure1.doCall(CloseBrowserKeyword.groovy:74)
	at com.kms.katalon.core.webui.keyword.builtin.CloseBrowserKeyword$_closeBrowser_closure1.call(CloseBrowserKeyword.groovy)
	at com.kms.katalon.core.webui.keyword.internal.WebUIKeywordMain.runKeyword(WebUIKeywordMain.groovy:35)
	... 20 more
</message>
  <exception>
    <message>com.kms.katalon.core.exception.StepFailedException: Unable to close browser</message>
    <frame>
      <class>com.kms.katalon.core.logging.XmlKeywordLogger</class>
      <method>logMessage</method>
      <line>500</line>
    </frame>
    <frame>
      <class>com.kms.katalon.core.logging.KeywordLogger</class>
      <method>logMessage</method>
      <line>439</line>
    </frame>
    <frame>
      <class>com.kms.katalon.core.main.TestCaseExecutor</class>
      <method>logError</method>
      <line>593</line>
    </frame>
    <frame>
      <class>com.kms.katalon.core.main.TestCaseExecutor</class>
      <method>onExecutionError</method>
      <line>187</line>
    </frame>
    <frame>
      <class>com.kms.katalon.core.main.TestCaseExecutor</class>
      <method>processExecutionPhase</method>
      <line>465</line>
    </frame>
    <frame>
      <class>com.kms.katalon.core.main.TestCaseExecutor</class>
      <method>accessMainPhase</method>
      <line>447</line>
    </frame>
    <frame>
      <class>com.kms.katalon.core.main.TestCaseExecutor</class>
      <method>execute</method>
      <line>321</line>
    </frame>
    <frame>
      <class>com.kms.katalon.core.common.CommonExecutor</class>
      <method>accessTestCaseMainPhase</method>
      <line>71</line>
    </frame>
    <frame>
      <class>com.kms.katalon.core.main.TestSuiteExecutor</class>
      <method>accessTestSuiteMainPhase</method>
      <line>160</line>
    </frame>
    <frame>
      <class>com.kms.katalon.core.main.TestSuiteExecutor</class>
      <method>execute</method>
      <line>107</line>
    </frame>
    <frame>
      <class>com.kms.katalon.core.main.TestCaseMain</class>
      <method>startTestSuite</method>
      <line>195</line>
    </frame>
    <frame>
      <class>org.codehaus.groovy.vmplugin.v8.IndyInterface</class>
      <method>fromCache</method>
      <line>318</line>
    </frame>
    <frame>
      <class>TempTestSuite1754375272522</class>
      <method>run</method>
      <line>35</line>
    </frame>
    <frame>
      <class>groovy.lang.GroovyShell</class>
      <method>runScriptOrMainOrTestOrRunnable</method>
      <line>254</line>
    </frame>
    <frame>
      <class>groovy.lang.GroovyShell</class>
      <method>run</method>
      <line>360</line>
    </frame>
    <frame>
      <class>groovy.lang.GroovyShell</class>
      <method>run</method>
      <line>349</line>
    </frame>
    <frame>
      <class>groovy.ui.GroovyMain</class>
      <method>processOnce</method>
      <line>652</line>
    </frame>
    <frame>
      <class>groovy.ui.GroovyMain</class>
      <method>run</method>
      <line>398</line>
    </frame>
    <frame>
      <class>groovy.ui.GroovyMain</class>
      <method>access$1400</method>
      <line>68</line>
    </frame>
    <frame>
      <class>groovy.ui.GroovyMain$GroovyCommand</class>
      <method>process</method>
      <line>322</line>
    </frame>
    <frame>
      <class>groovy.ui.GroovyMain</class>
      <method>processArgs</method>
      <line>142</line>
    </frame>
    <frame>
      <class>groovy.ui.GroovyMain</class>
      <method>main</method>
      <line>115</line>
    </frame>
    <frame>
      <class>jdk.internal.reflect.NativeMethodAccessorImpl</class>
      <method>invoke0</method>
    </frame>
    <frame>
      <class>jdk.internal.reflect.NativeMethodAccessorImpl</class>
      <method>invoke</method>
      <line>77</line>
    </frame>
    <frame>
      <class>jdk.internal.reflect.DelegatingMethodAccessorImpl</class>
      <method>invoke</method>
      <line>43</line>
    </frame>
    <frame>
      <class>java.lang.reflect.Method</class>
      <method>invoke</method>
      <line>569</line>
    </frame>
    <frame>
      <class>org.codehaus.groovy.tools.GroovyStarter</class>
      <method>rootLoader</method>
      <line>117</line>
    </frame>
    <frame>
      <class>org.codehaus.groovy.tools.GroovyStarter</class>
      <method>main</method>
      <line>39</line>
    </frame>
  </exception>
  <nestedLevel>0</nestedLevel>
  <escapedJava>false</escapedJava>
  <property name="failed.exception.stacktrace">org.openqa.selenium.WebDriverException: RESTEASY004655: Unable to invoke request: java.net.SocketException: Socket closed
Build info: version: &apos;4.28.1&apos;, revision: &apos;73f5ad48a2&apos;
System info: os.name: &apos;Windows 11&apos;, os.arch: &apos;amd64&apos;, os.version: &apos;10.0&apos;, java.version: &apos;17.0.14&apos;
Driver info: com.kms.katalon.selenium.driver.CRemoteWebDriver
Command: [569f67ad963837260a1435761b772dc9, quit {}]
Capabilities {acceptInsecureCerts: false, browserName: chrome, browserVersion: 134.0.6998.178, chrome: {chromedriverVersion: 134.0.6998.178 (81fef1e2645..., userDataDir: C:\Windows\SystemTemp\scope...}, fedcm:accounts: true, goog:chromeOptions: {debuggerAddress: localhost:9225}, katalon:caps: {executionId: b16f37ba-420d-42e4-a639-e87..., executionSessionId: 0f7af259-1361-4bc5-b735-f0c...}, katalon:options: {executionId: b16f37ba-420d-42e4-a639-e87..., executionMode: queue, executionSessionId: 0f7af259-1361-4bc5-b735-f0c..., metadata: {accountUuid: c44afe3b-f76f-4921-9346-27f..., channel: kse;v=10.2.3, organizationId: 2293188, projectId: 2256648, usingTunnel: false}, runFromTestCloud: true, userId: 1718855, usingTunnel: false}, kt:requestId: 0f7af259-1361-4bc5-b735-f0c..., kt:rid: 0f7af259-1361-4bc5-b735-f0c..., networkConnectionEnabled: false, pageLoadStrategy: normal, platformName: windows, proxy: Proxy(), se:bidiEnabled: false, se:cdpEnabled: false, setWindowRect: true, strictFileInteractability: false, timeouts: {implicit: 0, pageLoad: 300000, script: 30000}, unhandledPromptBehavior: dismiss and notify, webauthn:extension:credBlob: true, webauthn:extension:largeBlob: true, webauthn:extension:minPinLength: true, webauthn:extension:prf: true, webauthn:virtualAuthenticators: true}
Session ID: 569f67ad963837260a1435761b772dc9
	at java.base/jdk.internal.reflect.NativeConstructorAccessorImpl.newInstance0(Native Method)
	at java.base/jdk.internal.reflect.NativeConstructorAccessorImpl.newInstance(NativeConstructorAccessorImpl.java:77)
	at java.base/jdk.internal.reflect.DelegatingConstructorAccessorImpl.newInstance(DelegatingConstructorAccessorImpl.java:45)
	at org.openqa.selenium.remote.ErrorCodec.decode(ErrorCodec.java:167)
	at org.openqa.selenium.remote.codec.w3c.W3CHttpResponseCodec.decode(W3CHttpResponseCodec.java:138)
	at org.openqa.selenium.remote.codec.w3c.W3CHttpResponseCodec.decode(W3CHttpResponseCodec.java:50)
	at org.openqa.selenium.remote.HttpCommandExecutor.execute(HttpCommandExecutor.java:215)
	at org.openqa.selenium.remote.RemoteWebDriver.execute(RemoteWebDriver.java:545)
	at org.openqa.selenium.remote.RemoteWebDriver.execute(RemoteWebDriver.java:618)
	at com.kms.katalon.selenium.driver.CRemoteWebDriver.execute(CRemoteWebDriver.java:96)
	at org.openqa.selenium.remote.RemoteWebDriver.execute(RemoteWebDriver.java:622)
	at org.openqa.selenium.remote.RemoteWebDriver.quit(RemoteWebDriver.java:446)
	at java.base/jdk.internal.reflect.NativeMethodAccessorImpl.invoke0(Native Method)
	at java.base/jdk.internal.reflect.NativeMethodAccessorImpl.invoke(NativeMethodAccessorImpl.java:77)
	at java.base/jdk.internal.reflect.DelegatingMethodAccessorImpl.invoke(DelegatingMethodAccessorImpl.java:43)
	at org.openqa.selenium.support.decorators.WebDriverDecorator.call(WebDriverDecorator.java:315)
	at org.openqa.selenium.support.decorators.DefaultDecorated.call(DefaultDecorated.java:48)
	at org.openqa.selenium.support.decorators.WebDriverDecorator.lambda$createProxyFactory$3(WebDriverDecorator.java:405)
	at org.openqa.selenium.remote.RemoteWebDriver$ByteBuddy$eDG6xkn0.quit(Unknown Source)
	at com.kms.katalon.core.webui.driver.DriverFactory.closeWebDriver(DriverFactory.java:868)
	at com.kms.katalon.core.webui.keyword.builtin.CloseBrowserKeyword$_closeBrowser_closure1.doCall(CloseBrowserKeyword.groovy:74)
	at com.kms.katalon.core.webui.keyword.builtin.CloseBrowserKeyword$_closeBrowser_closure1.call(CloseBrowserKeyword.groovy)
	at com.kms.katalon.core.webui.keyword.internal.WebUIKeywordMain.runKeyword(WebUIKeywordMain.groovy:35)
	at com.kms.katalon.core.webui.keyword.builtin.CloseBrowserKeyword.closeBrowser(CloseBrowserKeyword.groovy:72)
	at com.kms.katalon.core.webui.keyword.builtin.CloseBrowserKeyword.execute(CloseBrowserKeyword.groovy:67)
	at com.kms.katalon.core.keyword.internal.KeywordExecutor.executeKeywordForPlatform(KeywordExecutor.groovy:64)
	at com.kms.katalon.core.webui.keyword.WebUiBuiltInKeywords.closeBrowser(WebUiBuiltInKeywords.groovy:83)
	at AdminSection.run(AdminSection:40)
	at com.kms.katalon.core.main.ScriptEngine.run(ScriptEngine.java:194)
	at com.kms.katalon.core.main.ScriptEngine.runScriptAsRawText(ScriptEngine.java:119)
	at com.kms.katalon.core.main.TestCaseExecutor.runScript(TestCaseExecutor.java:485)
	at com.kms.katalon.core.main.TestCaseExecutor.doExecute(TestCaseExecutor.java:476)
	at com.kms.katalon.core.main.TestCaseExecutor.processExecutionPhase(TestCaseExecutor.java:455)
	at com.kms.katalon.core.main.TestCaseExecutor.accessMainPhase(TestCaseExecutor.java:447)
	at com.kms.katalon.core.main.TestCaseExecutor.execute(TestCaseExecutor.java:321)
	at com.kms.katalon.core.common.CommonExecutor.accessTestCaseMainPhase(CommonExecutor.java:71)
	at com.kms.katalon.core.main.TestSuiteExecutor.accessTestSuiteMainPhase(TestSuiteExecutor.java:160)
	at com.kms.katalon.core.main.TestSuiteExecutor.execute(TestSuiteExecutor.java:107)
	at com.kms.katalon.core.main.TestCaseMain.startTestSuite(TestCaseMain.java:195)
	at TempTestSuite1754375272522.run(TempTestSuite1754375272522.groovy:35)
	at java.base/jdk.internal.reflect.NativeMethodAccessorImpl.invoke0(Native Method)
	at java.base/jdk.internal.reflect.NativeMethodAccessorImpl.invoke(NativeMethodAccessorImpl.java:77)
	at java.base/jdk.internal.reflect.DelegatingMethodAccessorImpl.invoke(DelegatingMethodAccessorImpl.java:43)
</property>
  <property name="failed.exception.class">org.openqa.selenium.WebDriverException</property>
  <property name="failed.exception.message">RESTEASY004655: Unable to invoke request: java.net.SocketException: Socket closed
Build info: version: &apos;4.28.1&apos;, revision: &apos;73f5ad48a2&apos;
System info: os.name: &apos;Windows 11&apos;, os.arch: &apos;amd64&apos;, os.version: &apos;10.0&apos;, java.version: &apos;17.0.14&apos;
Driver info: com.kms.katalon.selenium.driver.CRemoteWebDriver
Command: [569f67ad963837260a1435761b772dc9, quit {}]
Capabilities {acceptInsecureCerts: false, browserName: chrome, browserVersion: 134.0.6998.178, chrome: {chromedriverVersion: 134.0.6998.178 (81fef1e2645..., userDataDir: C:\Windows\SystemTemp\scope...}, fedcm:accounts: true, goog:chromeOptions: {debuggerAddress: localhost:9225}, katalon:caps: {executionId: b16f37ba-420d-42e4-a639-e87..., executionSessionId: 0f7af259-1361-4bc5-b735-f0c...}, katalon:options: {executionId: b16f37ba-420d-42e4-a639-e87..., executionMode: queue, executionSessionId: 0f7af259-1361-4bc5-b735-f0c..., metadata: {accountUuid: c44afe3b-f76f-4921-9346-27f..., channel: kse;v=10.2.3, organizationId: 2293188, projectId: 2256648, usingTunnel: false}, runFromTestCloud: true, userId: 1718855, usingTunnel: false}, kt:requestId: 0f7af259-1361-4bc5-b735-f0c..., kt:rid: 0f7af259-1361-4bc5-b735-f0c..., networkConnectionEnabled: false, pageLoadStrategy: normal, platformName: windows, proxy: Proxy(), se:bidiEnabled: false, se:cdpEnabled: false, setWindowRect: true, strictFileInteractability: false, timeouts: {implicit: 0, pageLoad: 300000, script: 30000}, unhandledPromptBehavior: dismiss and notify, webauthn:extension:credBlob: true, webauthn:extension:largeBlob: true, webauthn:extension:minPinLength: true, webauthn:extension:prf: true, webauthn:virtualAuthenticators: true}
Session ID: 569f67ad963837260a1435761b772dc9</property>
</record>
<record>
  <date>2025-08-05T06:30:28.271352900Z</date>
  <millis>1754375428271</millis>
  <nanos>352900</nanos>
  <sequence>278</sequence>
  <level>END</level>
  <class>com.kms.katalon.core.logging.XmlKeywordLogger</class>
  <method>endTest</method>
  <thread>1</thread>
  <message>End Test Case : Test Cases/AdminSection</message>
  <nestedLevel>0</nestedLevel>
  <escapedJava>false</escapedJava>
  <property name="executionBindingVariables">[]</property>
  <property name="applitools">false</property>
  <property name="keywordsUsage">{
  &quot;web_ui&quot;: true,
  &quot;web_service&quot;: false,
  &quot;cucumber&quot;: false,
  &quot;builtin&quot;: false,
  &quot;mobile&quot;: false,
  &quot;windows&quot;: false,
  &quot;testng&quot;: false
}</property>
</record>
<record>
  <date>2025-08-05T06:30:28.271879400Z</date>
  <millis>1754375428271</millis>
  <nanos>879400</nanos>
  <sequence>279</sequence>
  <level>INFO</level>
  <class>com.kms.katalon.core.logging.XmlKeywordLogger</class>
  <method>logMessage</method>
  <thread>1</thread>
  <message></message>
  <nestedLevel>0</nestedLevel>
  <escapedJava>false</escapedJava>
</record>
<record>
  <date>2025-08-05T06:30:28.272887800Z</date>
  <millis>1754375428272</millis>
  <nanos>887800</nanos>
  <sequence>280</sequence>
  <level>INFO</level>
  <class>com.kms.katalon.core.logging.XmlKeywordLogger</class>
  <method>logMessage</method>
  <thread>1</thread>
  <message>===================== Self-healing Report ====================</message>
  <nestedLevel>0</nestedLevel>
  <escapedJava>false</escapedJava>
</record>
<record>
  <date>2025-08-05T06:30:28.277405700Z</date>
  <millis>1754375428277</millis>
  <nanos>405700</nanos>
  <sequence>281</sequence>
  <level>INFO</level>
  <class>com.kms.katalon.core.logging.XmlKeywordLogger</class>
  <method>logMessage</method>
  <thread>1</thread>
  <message>One of the failed test object locators has been recovered by Self-healing. Please refer to the Self-healing Insights tab for more details.</message>
  <nestedLevel>0</nestedLevel>
  <escapedJava>false</escapedJava>
</record>
<record>
  <date>2025-08-05T06:30:28.279410800Z</date>
  <millis>1754375428279</millis>
  <nanos>410800</nanos>
  <sequence>282</sequence>
  <level>INFO</level>
  <class>com.kms.katalon.core.logging.XmlKeywordLogger</class>
  <method>logMessage</method>
  <thread>1</thread>
  <message>To learn more about Self-healing, please read https://docs.katalon.com/katalon-studio/maintain-tests/self-healing-tests-in-katalon-studio</message>
  <nestedLevel>0</nestedLevel>
  <escapedJava>false</escapedJava>
</record>
<record>
  <date>2025-08-05T06:30:28.279410800Z</date>
  <millis>1754375428279</millis>
  <nanos>410800</nanos>
  <sequence>283</sequence>
  <level>INFO</level>
  <class>com.kms.katalon.core.logging.XmlKeywordLogger</class>
  <method>logMessage</method>
  <thread>1</thread>
  <message>==============================================================</message>
  <nestedLevel>0</nestedLevel>
  <escapedJava>false</escapedJava>
</record>
<record>
  <date>2025-08-05T06:30:28.303523600Z</date>
  <millis>1754375428303</millis>
  <nanos>523600</nanos>
  <sequence>284</sequence>
  <level>START</level>
  <class>com.kms.katalon.core.logging.XmlKeywordLogger</class>
  <method>startTest</method>
  <thread>1</thread>
  <message>Start Test Case : Test Cases/Indicator Current Date-1, 1 response interval and 1 reporting days</message>
  <nestedLevel>1</nestedLevel>
  <escapedJava>false</escapedJava>
  <property name="name">Test Cases/Indicator Current Date-1, 1 response interval and 1 reporting days</property>
  <property name="description"></property>
  <property name="iteration"></property>
  <property name="id">Test Cases/Indicator Current Date-1, 1 response interval and 1 reporting days</property>
  <property name="source">C:\Users\santh\git\RegressionSuite\Test Cases\Indicator Current Date-1, 1 response interval and 1 reporting days.tc</property>
  <property name="tag"></property>
  <property name="isOptional">false</property>
</record>
<record>
  <date>2025-08-05T06:30:28.566318400Z</date>
  <millis>1754375428566</millis>
  <nanos>318400</nanos>
  <sequence>286</sequence>
  <level>START</level>
  <class>com.kms.katalon.core.logging.XmlKeywordLogger</class>
  <method>startKeyword</method>
  <thread>1</thread>
  <message>Start action : openBrowser(&amp;quot;https://bug-nation.cgrfoundation-staging.com/accounts/login&amp;quot;)</message>
  <nestedLevel>1</nestedLevel>
  <escapedJava>false</escapedJava>
  <property name="startLine">25</property>
  <property name="stepIndex">1</property>
</record>
<record>
  <date>2025-08-05T06:30:28.572000200Z</date>
  <millis>1754375428572</millis>
  <nanos>200</nanos>
  <sequence>288</sequence>
  <level>INFO</level>
  <class>com.kms.katalon.core.logging.XmlKeywordLogger</class>
  <method>logMessage</method>
  <thread>1</thread>
  <message>User set preference: [&amp;apos;browserVersion&amp;apos;, &amp;apos;134&amp;apos;]</message>
  <nestedLevel>1</nestedLevel>
  <escapedJava>false</escapedJava>
</record>
<record>
  <date>2025-08-05T06:30:28.573007700Z</date>
  <millis>1754375428573</millis>
  <nanos>7700</nanos>
  <sequence>289</sequence>
  <level>INFO</level>
  <class>com.kms.katalon.core.logging.XmlKeywordLogger</class>
  <method>logMessage</method>
  <thread>1</thread>
  <message>User set preference: [&amp;apos;browserName&amp;apos;, &amp;apos;chrome&amp;apos;]</message>
  <nestedLevel>1</nestedLevel>
  <escapedJava>false</escapedJava>
</record>
<record>
  <date>2025-08-05T06:30:28.574007700Z</date>
  <millis>1754375428574</millis>
  <nanos>7700</nanos>
  <sequence>290</sequence>
  <level>INFO</level>
  <class>com.kms.katalon.core.logging.XmlKeywordLogger</class>
  <method>logMessage</method>
  <thread>1</thread>
  <message>User set preference: [&amp;apos;platformName&amp;apos;, &amp;apos;windows&amp;apos;]</message>
  <nestedLevel>1</nestedLevel>
  <escapedJava>false</escapedJava>
</record>
<record>
  <date>2025-08-05T06:30:28.575009400Z</date>
  <millis>1754375428575</millis>
  <nanos>9400</nanos>
  <sequence>291</sequence>
  <level>INFO</level>
  <class>com.kms.katalon.core.logging.XmlKeywordLogger</class>
  <method>logMessage</method>
  <thread>1</thread>
  <message>User set preference: [&amp;apos;katalon:options&amp;apos;, &amp;apos;{metadata={organizationId=2293188, accountId=1532955, channel=kse;v=10.2.3, projectId=2256648}, executionMode=queue, usingTunnel=false}&amp;apos;]</message>
  <nestedLevel>1</nestedLevel>
  <escapedJava>false</escapedJava>
</record>
<record>
  <date>2025-08-05T06:30:28.577010Z</date>
  <millis>1754375428577</millis>
  <nanos>10000</nanos>
  <sequence>292</sequence>
  <level>INFO</level>
  <class>com.kms.katalon.core.logging.XmlKeywordLogger</class>
  <method>logMessage</method>
  <thread>1</thread>
  <message>Connecting to remote web server &amp;apos;testcloud.katalon.com/hub&amp;apos; with type &amp;apos;Selenium&amp;apos;</message>
  <nestedLevel>1</nestedLevel>
  <escapedJava>false</escapedJava>
</record>
<record>
  <date>2025-08-05T06:30:28.588519Z</date>
  <millis>1754375428588</millis>
  <nanos>519000</nanos>
  <sequence>293</sequence>
  <level>INFO</level>
  <class>com.kms.katalon.core.logging.XmlKeywordLogger</class>
  <method>logMessage</method>
  <thread>1</thread>
  <message>Action delay is set to 0 milliseconds</message>
  <nestedLevel>1</nestedLevel>
  <escapedJava>false</escapedJava>
</record>
<record>
  <date>2025-08-05T06:30:48.404914300Z</date>
  <millis>1754375448404</millis>
  <nanos>914300</nanos>
  <sequence>294</sequence>
  <level>WARNING</level>
  <class>com.kms.katalon.core.logging.XmlKeywordLogger</class>
  <method>logMessage</method>
  <thread>1</thread>
  <message>Your browser version or type does not support the BiDirectional WebDriver Protocol which is required for Smart Locator functionality. Please update your browser or switch to a compatible one.</message>
  <nestedLevel>1</nestedLevel>
  <escapedJava>false</escapedJava>
</record>
<record>
  <date>2025-08-05T06:30:48.404914300Z</date>
  <millis>1754375448404</millis>
  <nanos>914300</nanos>
  <sequence>295</sequence>
  <level>WARNING</level>
  <class>com.kms.katalon.core.logging.XmlKeywordLogger</class>
  <method>logMessage</method>
  <thread>1</thread>
  <message>Your browser version or type does not support the BiDirectional WebDriver Protocol which is required for Smart Locator functionality. Please update your browser or switch to a compatible one.</message>
  <nestedLevel>1</nestedLevel>
  <escapedJava>false</escapedJava>
</record>
<record>
  <date>2025-08-05T06:30:48.405926500Z</date>
  <millis>1754375448405</millis>
  <nanos>926500</nanos>
  <sequence>296</sequence>
  <level>WARNING</level>
  <class>com.kms.katalon.core.logging.XmlKeywordLogger</class>
  <method>logMessage</method>
  <thread>1</thread>
  <message>Your browser version or type does not support the BiDirectional WebDriver Protocol which is required for Smart Locator functionality. Please update your browser or switch to a compatible one.</message>
  <nestedLevel>1</nestedLevel>
  <escapedJava>false</escapedJava>
</record>
<record>
  <date>2025-08-05T06:30:48.453596400Z</date>
  <millis>1754375448453</millis>
  <nanos>596400</nanos>
  <sequence>297</sequence>
  <level>RUN_DATA</level>
  <class>com.kms.katalon.core.logging.XmlKeywordLogger</class>
  <method>logMessage</method>
  <thread>1</thread>
  <message>remoteDriverUrl = testcloud.katalon.com/hub</message>
  <nestedLevel>1</nestedLevel>
  <escapedJava>false</escapedJava>
  <property name="remoteDriverUrl">testcloud.katalon.com/hub</property>
</record>
<record>
  <date>2025-08-05T06:30:48.454597500Z</date>
  <millis>1754375448454</millis>
  <nanos>597500</nanos>
  <sequence>298</sequence>
  <level>RUN_DATA</level>
  <class>com.kms.katalon.core.logging.XmlKeywordLogger</class>
  <method>logMessage</method>
  <thread>1</thread>
  <message>remoteOS = Windows</message>
  <nestedLevel>1</nestedLevel>
  <escapedJava>false</escapedJava>
  <property name="remoteOS">Windows</property>
</record>
<record>
  <date>2025-08-05T06:30:48.456595900Z</date>
  <millis>1754375448456</millis>
  <nanos>595900</nanos>
  <sequence>299</sequence>
  <level>RUN_DATA</level>
  <class>com.kms.katalon.core.logging.XmlKeywordLogger</class>
  <method>logMessage</method>
  <thread>1</thread>
  <message>desiredCapabilities = {
  &amp;quot;timeouts&amp;quot;: {
    &amp;quot;implicit&amp;quot;: 0,
    &amp;quot;pageLoad&amp;quot;: 300000,
    &amp;quot;script&amp;quot;: 30000
  },
  &amp;quot;se:cdpEnabled&amp;quot;: false,
  &amp;quot;goog:chromeOptions&amp;quot;: {
    &amp;quot;debuggerAddress&amp;quot;: &amp;quot;localhost:9225&amp;quot;
  },
  &amp;quot;webauthn:extension:credBlob&amp;quot;: true,
  &amp;quot;acceptInsecureCerts&amp;quot;: false,
  &amp;quot;browserVersion&amp;quot;: &amp;quot;134.0.6998.178&amp;quot;,
  &amp;quot;fedcm:accounts&amp;quot;: true,
  &amp;quot;kt:requestId&amp;quot;: &amp;quot;2c2e4a6d-1e78-4c55-a28d-c868560c4bef&amp;quot;,
  &amp;quot;browserName&amp;quot;: &amp;quot;chrome&amp;quot;,
  &amp;quot;platformName&amp;quot;: &amp;quot;WINDOWS&amp;quot;,
  &amp;quot;setWindowRect&amp;quot;: true,
  &amp;quot;webauthn:extension:largeBlob&amp;quot;: true,
  &amp;quot;networkConnectionEnabled&amp;quot;: false,
  &amp;quot;chrome&amp;quot;: {
    &amp;quot;chromedriverVersion&amp;quot;: &amp;quot;134.0.6998.178 (81fef1e264547cc88c9450117b091ea5798a5adf-refs/branch-heads/6998@{#2329})&amp;quot;,
    &amp;quot;userDataDir&amp;quot;: &amp;quot;C:\\Windows\\SystemTemp\\scoped_dir8056_1596157061&amp;quot;
  },
  &amp;quot;kt:rid&amp;quot;: &amp;quot;2c2e4a6d-1e78-4c55-a28d-c868560c4bef&amp;quot;,
  &amp;quot;pageLoadStrategy&amp;quot;: &amp;quot;normal&amp;quot;,
  &amp;quot;unhandledPromptBehavior&amp;quot;: &amp;quot;dismiss and notify&amp;quot;,
  &amp;quot;strictFileInteractability&amp;quot;: false,
  &amp;quot;se:bidiEnabled&amp;quot;: false,
  &amp;quot;proxy&amp;quot;: {
    &amp;quot;proxyType&amp;quot;: &amp;quot;UNSPECIFIED&amp;quot;,
    &amp;quot;autodetect&amp;quot;: false
  },
  &amp;quot;webauthn:extension:minPinLength&amp;quot;: true,
  &amp;quot;webauthn:extension:prf&amp;quot;: true,
  &amp;quot;katalon:caps&amp;quot;: {
    &amp;quot;executionId&amp;quot;: &amp;quot;fda48d8b-9246-4e93-9af9-24d10dd07df9&amp;quot;,
    &amp;quot;executionSessionId&amp;quot;: &amp;quot;2c2e4a6d-1e78-4c55-a28d-c868560c4bef&amp;quot;
  },
  &amp;quot;katalon:options&amp;quot;: {
    &amp;quot;executionId&amp;quot;: &amp;quot;fda48d8b-9246-4e93-9af9-24d10dd07df9&amp;quot;,
    &amp;quot;executionMode&amp;quot;: &amp;quot;queue&amp;quot;,
    &amp;quot;executionSessionId&amp;quot;: &amp;quot;2c2e4a6d-1e78-4c55-a28d-c868560c4bef&amp;quot;,
    &amp;quot;metadata&amp;quot;: {
      &amp;quot;usingTunnel&amp;quot;: false,
      &amp;quot;accountUuid&amp;quot;: &amp;quot;c44afe3b-f76f-4921-9346-27f35171bd65&amp;quot;,
      &amp;quot;organizationId&amp;quot;: &amp;quot;2293188&amp;quot;,
      &amp;quot;projectId&amp;quot;: &amp;quot;2256648&amp;quot;,
      &amp;quot;channel&amp;quot;: &amp;quot;kse;v\u003d10.2.3&amp;quot;
    },
    &amp;quot;runFromTestCloud&amp;quot;: true,
    &amp;quot;userId&amp;quot;: 1718855,
    &amp;quot;usingTunnel&amp;quot;: false
  },
  &amp;quot;webauthn:virtualAuthenticators&amp;quot;: true
}</message>
  <nestedLevel>1</nestedLevel>
  <escapedJava>false</escapedJava>
  <property name="desiredCapabilities">{
  &quot;timeouts&quot;: {
    &quot;implicit&quot;: 0,
    &quot;pageLoad&quot;: 300000,
    &quot;script&quot;: 30000
  },
  &quot;se:cdpEnabled&quot;: false,
  &quot;goog:chromeOptions&quot;: {
    &quot;debuggerAddress&quot;: &quot;localhost:9225&quot;
  },
  &quot;webauthn:extension:credBlob&quot;: true,
  &quot;acceptInsecureCerts&quot;: false,
  &quot;browserVersion&quot;: &quot;134.0.6998.178&quot;,
  &quot;fedcm:accounts&quot;: true,
  &quot;kt:requestId&quot;: &quot;2c2e4a6d-1e78-4c55-a28d-c868560c4bef&quot;,
  &quot;browserName&quot;: &quot;chrome&quot;,
  &quot;platformName&quot;: &quot;WINDOWS&quot;,
  &quot;setWindowRect&quot;: true,
  &quot;webauthn:extension:largeBlob&quot;: true,
  &quot;networkConnectionEnabled&quot;: false,
  &quot;chrome&quot;: {
    &quot;chromedriverVersion&quot;: &quot;134.0.6998.178 (81fef1e264547cc88c9450117b091ea5798a5adf-refs/branch-heads/6998@{#2329})&quot;,
    &quot;userDataDir&quot;: &quot;C:\\Windows\\SystemTemp\\scoped_dir8056_1596157061&quot;
  },
  &quot;kt:rid&quot;: &quot;2c2e4a6d-1e78-4c55-a28d-c868560c4bef&quot;,
  &quot;pageLoadStrategy&quot;: &quot;normal&quot;,
  &quot;unhandledPromptBehavior&quot;: &quot;dismiss and notify&quot;,
  &quot;strictFileInteractability&quot;: false,
  &quot;se:bidiEnabled&quot;: false,
  &quot;proxy&quot;: {
    &quot;proxyType&quot;: &quot;UNSPECIFIED&quot;,
    &quot;autodetect&quot;: false
  },
  &quot;webauthn:extension:minPinLength&quot;: true,
  &quot;webauthn:extension:prf&quot;: true,
  &quot;katalon:caps&quot;: {
    &quot;executionId&quot;: &quot;fda48d8b-9246-4e93-9af9-24d10dd07df9&quot;,
    &quot;executionSessionId&quot;: &quot;2c2e4a6d-1e78-4c55-a28d-c868560c4bef&quot;
  },
  &quot;katalon:options&quot;: {
    &quot;executionId&quot;: &quot;fda48d8b-9246-4e93-9af9-24d10dd07df9&quot;,
    &quot;executionMode&quot;: &quot;queue&quot;,
    &quot;executionSessionId&quot;: &quot;2c2e4a6d-1e78-4c55-a28d-c868560c4bef&quot;,
    &quot;metadata&quot;: {
      &quot;usingTunnel&quot;: false,
      &quot;accountUuid&quot;: &quot;c44afe3b-f76f-4921-9346-27f35171bd65&quot;,
      &quot;organizationId&quot;: &quot;2293188&quot;,
      &quot;projectId&quot;: &quot;2256648&quot;,
      &quot;channel&quot;: &quot;kse;v\u003d10.2.3&quot;
    },
    &quot;runFromTestCloud&quot;: true,
    &quot;userId&quot;: 1718855,
    &quot;usingTunnel&quot;: false
  },
  &quot;webauthn:virtualAuthenticators&quot;: true
}</property>
</record>
<record>
  <date>2025-08-05T06:30:48.459597Z</date>
  <millis>1754375448459</millis>
  <nanos>597000</nanos>
  <sequence>300</sequence>
  <level>RUN_DATA</level>
  <class>com.kms.katalon.core.logging.XmlKeywordLogger</class>
  <method>logMessage</method>
  <thread>1</thread>
  <message>katalon:caps = {
  &amp;quot;executionId&amp;quot;: &amp;quot;fda48d8b-9246-4e93-9af9-24d10dd07df9&amp;quot;,
  &amp;quot;executionSessionId&amp;quot;: &amp;quot;2c2e4a6d-1e78-4c55-a28d-c868560c4bef&amp;quot;
}</message>
  <nestedLevel>1</nestedLevel>
  <escapedJava>false</escapedJava>
  <property name="katalon:caps">{
  &quot;executionId&quot;: &quot;fda48d8b-9246-4e93-9af9-24d10dd07df9&quot;,
  &quot;executionSessionId&quot;: &quot;2c2e4a6d-1e78-4c55-a28d-c868560c4bef&quot;
}</property>
</record>
<record>
  <date>2025-08-05T06:30:48.460600900Z</date>
  <millis>1754375448460</millis>
  <nanos>600900</nanos>
  <sequence>301</sequence>
  <level>RUN_DATA</level>
  <class>com.kms.katalon.core.logging.XmlKeywordLogger</class>
  <method>logMessage</method>
  <thread>1</thread>
  <message>sessionId = d9fcac90878fc7c7df7450f486b7e9ca</message>
  <nestedLevel>1</nestedLevel>
  <escapedJava>false</escapedJava>
  <property name="sessionId">d9fcac90878fc7c7df7450f486b7e9ca</property>
</record>
<record>
  <date>2025-08-05T06:30:48.461598300Z</date>
  <millis>1754375448461</millis>
  <nanos>598300</nanos>
  <sequence>302</sequence>
  <level>RUN_DATA</level>
  <class>com.kms.katalon.core.logging.XmlKeywordLogger</class>
  <method>logMessage</method>
  <thread>1</thread>
  <message>browser = Chrome 134.0.6998.178</message>
  <nestedLevel>1</nestedLevel>
  <escapedJava>false</escapedJava>
  <property name="browser">Chrome 134.0.6998.178</property>
</record>
<record>
  <date>2025-08-05T06:30:48.462105600Z</date>
  <millis>1754375448462</millis>
  <nanos>105600</nanos>
  <sequence>303</sequence>
  <level>RUN_DATA</level>
  <class>com.kms.katalon.core.logging.XmlKeywordLogger</class>
  <method>logMessage</method>
  <thread>1</thread>
  <message>platform = Windows 11</message>
  <nestedLevel>1</nestedLevel>
  <escapedJava>false</escapedJava>
  <property name="platform">Windows 11</property>
</record>
<record>
  <date>2025-08-05T06:30:48.463114200Z</date>
  <millis>1754375448463</millis>
  <nanos>114200</nanos>
  <sequence>304</sequence>
  <level>RUN_DATA</level>
  <class>com.kms.katalon.core.logging.XmlKeywordLogger</class>
  <method>logMessage</method>
  <thread>1</thread>
  <message>seleniumVersion = 4.28.1</message>
  <nestedLevel>1</nestedLevel>
  <escapedJava>false</escapedJava>
  <property name="seleniumVersion">4.28.1</property>
</record>
<record>
  <date>2025-08-05T06:30:48.463114200Z</date>
  <millis>1754375448463</millis>
  <nanos>114200</nanos>
  <sequence>305</sequence>
  <level>RUN_DATA</level>
  <class>com.kms.katalon.core.logging.XmlKeywordLogger</class>
  <method>logMessage</method>
  <thread>1</thread>
  <message>proxyInformation = ProxyInformation { proxyOption=NO_PROXY, proxyServerType=HTTP, username=, password=********, proxyServerAddress=, proxyServerPort=0, executionList=&amp;quot;&amp;quot;, isApplyToDesiredCapabilities=true }</message>
  <nestedLevel>1</nestedLevel>
  <escapedJava>false</escapedJava>
  <property name="proxyInformation">ProxyInformation { proxyOption=NO_PROXY, proxyServerType=HTTP, username=, password=********, proxyServerAddress=, proxyServerPort=0, executionList=&quot;&quot;, isApplyToDesiredCapabilities=true }</property>
</record>
<record>
  <date>2025-08-05T06:30:49.860587500Z</date>
  <millis>1754375449860</millis>
  <nanos>587500</nanos>
  <sequence>307</sequence>
  <level>PASSED</level>
  <class>com.kms.katalon.core.logging.XmlKeywordLogger</class>
  <method>logMessage</method>
  <thread>1</thread>
  <message>Browser is opened with url: &amp;apos;https://bug-nation.cgrfoundation-staging.com/accounts/login&amp;apos;</message>
  <nestedLevel>1</nestedLevel>
  <escapedJava>false</escapedJava>
  <property name="testops-method-name">com.kms.katalon.core.webui.keyword.builtin.OpenBrowserKeyword.openBrowser</property>
  <property name="testops-execution-stacktrace"></property>
</record>
<record>
  <date>2025-08-05T06:30:49.862646100Z</date>
  <millis>1754375449862</millis>
  <nanos>646100</nanos>
  <sequence>308</sequence>
  <level>END</level>
  <class>com.kms.katalon.core.logging.XmlKeywordLogger</class>
  <method>endKeyword</method>
  <thread>1</thread>
  <message>End action : openBrowser(&amp;quot;https://bug-nation.cgrfoundation-staging.com/accounts/login&amp;quot;)</message>
  <nestedLevel>1</nestedLevel>
  <escapedJava>false</escapedJava>
</record>
<record>
  <date>2025-08-05T06:30:49.862646100Z</date>
  <millis>1754375449862</millis>
  <nanos>646100</nanos>
  <sequence>309</sequence>
  <level>START</level>
  <class>com.kms.katalon.core.logging.XmlKeywordLogger</class>
  <method>startKeyword</method>
  <thread>1</thread>
  <message>Start action : navigateToUrl(&amp;quot;https://bug-nation.cgrfoundation-staging.com/accounts/login&amp;quot;)</message>
  <nestedLevel>1</nestedLevel>
  <escapedJava>false</escapedJava>
  <property name="startLine">27</property>
  <property name="stepIndex">2</property>
</record>
<record>
  <date>2025-08-05T06:30:51.029345500Z</date>
  <millis>1754375451029</millis>
  <nanos>345500</nanos>
  <sequence>312</sequence>
  <level>PASSED</level>
  <class>com.kms.katalon.core.logging.XmlKeywordLogger</class>
  <method>logMessage</method>
  <thread>1</thread>
  <message>Navigate to &amp;apos;https://bug-nation.cgrfoundation-staging.com/accounts/login&amp;apos; successfully</message>
  <nestedLevel>1</nestedLevel>
  <escapedJava>false</escapedJava>
  <property name="testops-method-name">com.kms.katalon.core.webui.keyword.builtin.NavigateToUrlKeyword.navigateToUrl</property>
  <property name="testops-execution-stacktrace"></property>
</record>
<record>
  <date>2025-08-05T06:30:51.031985700Z</date>
  <millis>1754375451031</millis>
  <nanos>985700</nanos>
  <sequence>313</sequence>
  <level>END</level>
  <class>com.kms.katalon.core.logging.XmlKeywordLogger</class>
  <method>endKeyword</method>
  <thread>1</thread>
  <message>End action : navigateToUrl(&amp;quot;https://bug-nation.cgrfoundation-staging.com/accounts/login&amp;quot;)</message>
  <nestedLevel>1</nestedLevel>
  <escapedJava>false</escapedJava>
</record>
<record>
  <date>2025-08-05T06:30:51.031985700Z</date>
  <millis>1754375451031</millis>
  <nanos>985700</nanos>
  <sequence>314</sequence>
  <level>START</level>
  <class>com.kms.katalon.core.logging.XmlKeywordLogger</class>
  <method>startKeyword</method>
  <thread>1</thread>
  <message>Start action : maximizeWindow()</message>
  <nestedLevel>1</nestedLevel>
  <escapedJava>false</escapedJava>
  <property name="startLine">29</property>
  <property name="stepIndex">3</property>
</record>
<record>
  <date>2025-08-05T06:30:51.408512300Z</date>
  <millis>1754375451408</millis>
  <nanos>512300</nanos>
  <sequence>316</sequence>
  <level>PASSED</level>
  <class>com.kms.katalon.core.logging.XmlKeywordLogger</class>
  <method>logMessage</method>
  <thread>1</thread>
  <message>Current window maximized</message>
  <nestedLevel>1</nestedLevel>
  <escapedJava>false</escapedJava>
  <property name="testops-method-name">com.kms.katalon.core.webui.keyword.builtin.MaximizeWindowKeyword.maximizeWindow</property>
  <property name="testops-execution-stacktrace"></property>
</record>
<record>
  <date>2025-08-05T06:30:51.413051600Z</date>
  <millis>1754375451413</millis>
  <nanos>51600</nanos>
  <sequence>317</sequence>
  <level>END</level>
  <class>com.kms.katalon.core.logging.XmlKeywordLogger</class>
  <method>endKeyword</method>
  <thread>1</thread>
  <message>End action : maximizeWindow()</message>
  <nestedLevel>1</nestedLevel>
  <escapedJava>false</escapedJava>
</record>
<record>
  <date>2025-08-05T06:30:51.414047400Z</date>
  <millis>1754375451414</millis>
  <nanos>47400</nanos>
  <sequence>318</sequence>
  <level>START</level>
  <class>com.kms.katalon.core.logging.XmlKeywordLogger</class>
  <method>startKeyword</method>
  <thread>1</thread>
  <message>Start action : setText(findTestObject(&amp;quot;Object Repository/Page_CGR Foundation/input_Email address_accountemail&amp;quot;), &amp;quot;santhosh.nidamanuri@corpgovrisk.com&amp;quot;)</message>
  <nestedLevel>1</nestedLevel>
  <escapedJava>false</escapedJava>
  <property name="startLine">31</property>
  <property name="stepIndex">4</property>
</record>
<record>
  <date>2025-08-05T06:30:54.612075400Z</date>
  <millis>1754375454612</millis>
  <nanos>75400</nanos>
  <sequence>334</sequence>
  <level>PASSED</level>
  <class>com.kms.katalon.core.logging.XmlKeywordLogger</class>
  <method>logMessage</method>
  <thread>1</thread>
  <message>Text &amp;apos;santhosh.nidamanuri@corpgovrisk.com&amp;apos; is set on object &amp;apos;Object Repository/Page_CGR Foundation/input_Email address_accountemail&amp;apos;</message>
  <nestedLevel>1</nestedLevel>
  <escapedJava>false</escapedJava>
  <property name="testops-method-name">com.kms.katalon.core.webui.keyword.builtin.SetTextKeyword.setText</property>
  <property name="testops-execution-stacktrace"></property>
</record>
<record>
  <date>2025-08-05T06:30:54.616093600Z</date>
  <millis>1754375454616</millis>
  <nanos>93600</nanos>
  <sequence>335</sequence>
  <level>END</level>
  <class>com.kms.katalon.core.logging.XmlKeywordLogger</class>
  <method>endKeyword</method>
  <thread>1</thread>
  <message>End action : setText(findTestObject(&amp;quot;Object Repository/Page_CGR Foundation/input_Email address_accountemail&amp;quot;), &amp;quot;santhosh.nidamanuri@corpgovrisk.com&amp;quot;)</message>
  <nestedLevel>1</nestedLevel>
  <escapedJava>false</escapedJava>
</record>
<record>
  <date>2025-08-05T06:30:54.616093600Z</date>
  <millis>1754375454616</millis>
  <nanos>93600</nanos>
  <sequence>336</sequence>
  <level>START</level>
  <class>com.kms.katalon.core.logging.XmlKeywordLogger</class>
  <method>startKeyword</method>
  <thread>1</thread>
  <message>Start action : setEncryptedText(findTestObject(&amp;quot;Object Repository/Page_CGR Foundation/input_Password_accountpassword&amp;quot;), &amp;quot;g9InqrzvBVyAQwkGaiz+Ig==&amp;quot;)</message>
  <nestedLevel>1</nestedLevel>
  <escapedJava>false</escapedJava>
  <property name="startLine">33</property>
  <property name="stepIndex">5</property>
</record>
<record>
  <date>2025-08-05T06:30:56.843348500Z</date>
  <millis>1754375456843</millis>
  <nanos>348500</nanos>
  <sequence>347</sequence>
  <level>PASSED</level>
  <class>com.kms.katalon.core.logging.XmlKeywordLogger</class>
  <method>logMessage</method>
  <thread>1</thread>
  <message>Text ****** has been set on object &amp;apos;Object Repository/Page_CGR Foundation/input_Password_accountpassword&amp;apos;</message>
  <nestedLevel>1</nestedLevel>
  <escapedJava>false</escapedJava>
  <property name="testops-method-name">com.kms.katalon.core.webui.keyword.builtin.SetEncryptedTextKeyword.setEncryptedText</property>
  <property name="testops-execution-stacktrace"></property>
</record>
<record>
  <date>2025-08-05T06:30:56.846339900Z</date>
  <millis>1754375456846</millis>
  <nanos>339900</nanos>
  <sequence>348</sequence>
  <level>END</level>
  <class>com.kms.katalon.core.logging.XmlKeywordLogger</class>
  <method>endKeyword</method>
  <thread>1</thread>
  <message>End action : setEncryptedText(findTestObject(&amp;quot;Object Repository/Page_CGR Foundation/input_Password_accountpassword&amp;quot;), &amp;quot;g9InqrzvBVyAQwkGaiz+Ig==&amp;quot;)</message>
  <nestedLevel>1</nestedLevel>
  <escapedJava>false</escapedJava>
</record>
<record>
  <date>2025-08-05T06:30:56.846339900Z</date>
  <millis>1754375456846</millis>
  <nanos>339900</nanos>
  <sequence>349</sequence>
  <level>START</level>
  <class>com.kms.katalon.core.logging.XmlKeywordLogger</class>
  <method>startKeyword</method>
  <thread>1</thread>
  <message>Start action : click(findTestObject(&amp;quot;Object Repository/Page_CGR Foundation/input_Remember me_commit&amp;quot;))</message>
  <nestedLevel>1</nestedLevel>
  <escapedJava>false</escapedJava>
  <property name="startLine">35</property>
  <property name="stepIndex">6</property>
</record>
<record>
  <date>2025-08-05T06:31:00.201781900Z</date>
  <millis>1754375460201</millis>
  <nanos>781900</nanos>
  <sequence>359</sequence>
  <level>PASSED</level>
  <class>com.kms.katalon.core.logging.XmlKeywordLogger</class>
  <method>logMessage</method>
  <thread>1</thread>
  <message>Object: &amp;apos;Object Repository/Page_CGR Foundation/input_Remember me_commit&amp;apos; is clicked on</message>
  <nestedLevel>1</nestedLevel>
  <escapedJava>false</escapedJava>
  <property name="testops-method-name">com.kms.katalon.core.webui.keyword.builtin.ClickKeyword.click</property>
  <property name="testops-execution-stacktrace"></property>
</record>
<record>
  <date>2025-08-05T06:31:00.203795400Z</date>
  <millis>1754375460203</millis>
  <nanos>795400</nanos>
  <sequence>360</sequence>
  <level>END</level>
  <class>com.kms.katalon.core.logging.XmlKeywordLogger</class>
  <method>endKeyword</method>
  <thread>1</thread>
  <message>End action : click(findTestObject(&amp;quot;Object Repository/Page_CGR Foundation/input_Remember me_commit&amp;quot;))</message>
  <nestedLevel>1</nestedLevel>
  <escapedJava>false</escapedJava>
</record>
<record>
  <date>2025-08-05T06:31:00.203795400Z</date>
  <millis>1754375460203</millis>
  <nanos>795400</nanos>
  <sequence>361</sequence>
  <level>START</level>
  <class>com.kms.katalon.core.logging.XmlKeywordLogger</class>
  <method>startKeyword</method>
  <thread>1</thread>
  <message>Start action : navigateToUrl(&amp;quot;https://bug-nation.cgrfoundation-staging.com/indicators/110&amp;quot;)</message>
  <nestedLevel>1</nestedLevel>
  <escapedJava>false</escapedJava>
  <property name="startLine">37</property>
  <property name="stepIndex">7</property>
</record>
<record>
  <date>2025-08-05T06:31:09.800238200Z</date>
  <millis>1754375469800</millis>
  <nanos>238200</nanos>
  <sequence>364</sequence>
  <level>PASSED</level>
  <class>com.kms.katalon.core.logging.XmlKeywordLogger</class>
  <method>logMessage</method>
  <thread>1</thread>
  <message>Navigate to &amp;apos;https://bug-nation.cgrfoundation-staging.com/indicators/110&amp;apos; successfully</message>
  <nestedLevel>1</nestedLevel>
  <escapedJava>false</escapedJava>
  <property name="testops-method-name">com.kms.katalon.core.webui.keyword.builtin.NavigateToUrlKeyword.navigateToUrl</property>
  <property name="testops-execution-stacktrace"></property>
</record>
<record>
  <date>2025-08-05T06:31:09.802846200Z</date>
  <millis>1754375469802</millis>
  <nanos>846200</nanos>
  <sequence>365</sequence>
  <level>END</level>
  <class>com.kms.katalon.core.logging.XmlKeywordLogger</class>
  <method>endKeyword</method>
  <thread>1</thread>
  <message>End action : navigateToUrl(&amp;quot;https://bug-nation.cgrfoundation-staging.com/indicators/110&amp;quot;)</message>
  <nestedLevel>1</nestedLevel>
  <escapedJava>false</escapedJava>
</record>
<record>
  <date>2025-08-05T06:31:09.803804Z</date>
  <millis>1754375469803</millis>
  <nanos>804000</nanos>
  <sequence>366</sequence>
  <level>START</level>
  <class>com.kms.katalon.core.logging.XmlKeywordLogger</class>
  <method>startKeyword</method>
  <thread>1</thread>
  <message>Start action : click(findTestObject(&amp;quot;Object Repository/Page_Indicators - CGR Foundation (6)/button_Edit&amp;quot;))</message>
  <nestedLevel>1</nestedLevel>
  <escapedJava>false</escapedJava>
  <property name="startLine">39</property>
  <property name="stepIndex">8</property>
</record>
<record>
  <date>2025-08-05T06:31:15.450199700Z</date>
  <millis>1754375475450</millis>
  <nanos>199700</nanos>
  <sequence>376</sequence>
  <level>PASSED</level>
  <class>com.kms.katalon.core.logging.XmlKeywordLogger</class>
  <method>logMessage</method>
  <thread>1</thread>
  <message>Object: &amp;apos;Object Repository/Page_Indicators - CGR Foundation (6)/button_Edit&amp;apos; is clicked on</message>
  <nestedLevel>1</nestedLevel>
  <escapedJava>false</escapedJava>
  <property name="testops-method-name">com.kms.katalon.core.webui.keyword.builtin.ClickKeyword.click</property>
  <property name="testops-execution-stacktrace"></property>
</record>
<record>
  <date>2025-08-05T06:31:15.451717700Z</date>
  <millis>1754375475451</millis>
  <nanos>717700</nanos>
  <sequence>377</sequence>
  <level>END</level>
  <class>com.kms.katalon.core.logging.XmlKeywordLogger</class>
  <method>endKeyword</method>
  <thread>1</thread>
  <message>End action : click(findTestObject(&amp;quot;Object Repository/Page_Indicators - CGR Foundation (6)/button_Edit&amp;quot;))</message>
  <nestedLevel>1</nestedLevel>
  <escapedJava>false</escapedJava>
</record>
<record>
  <date>2025-08-05T06:31:15.451717700Z</date>
  <millis>1754375475451</millis>
  <nanos>717700</nanos>
  <sequence>378</sequence>
  <level>START</level>
  <class>com.kms.katalon.core.logging.XmlKeywordLogger</class>
  <method>startKeyword</method>
  <thread>1</thread>
  <message>Start action : click(findTestObject(&amp;quot;Object Repository/Page_Indicators - CGR Foundation (6)/input_Next Report Date_due_date&amp;quot;))</message>
  <nestedLevel>1</nestedLevel>
  <escapedJava>false</escapedJava>
  <property name="startLine">41</property>
  <property name="stepIndex">9</property>
</record>
<record>
  <date>2025-08-05T06:31:19.118430100Z</date>
  <millis>1754375479118</millis>
  <nanos>430100</nanos>
  <sequence>388</sequence>
  <level>PASSED</level>
  <class>com.kms.katalon.core.logging.XmlKeywordLogger</class>
  <method>logMessage</method>
  <thread>1</thread>
  <message>Object: &amp;apos;Object Repository/Page_Indicators - CGR Foundation (6)/input_Next Report Date_due_date&amp;apos; is clicked on</message>
  <nestedLevel>1</nestedLevel>
  <escapedJava>false</escapedJava>
  <property name="testops-method-name">com.kms.katalon.core.webui.keyword.builtin.ClickKeyword.click</property>
  <property name="testops-execution-stacktrace"></property>
</record>
<record>
  <date>2025-08-05T06:31:19.121446200Z</date>
  <millis>1754375479121</millis>
  <nanos>446200</nanos>
  <sequence>389</sequence>
  <level>END</level>
  <class>com.kms.katalon.core.logging.XmlKeywordLogger</class>
  <method>endKeyword</method>
  <thread>1</thread>
  <message>End action : click(findTestObject(&amp;quot;Object Repository/Page_Indicators - CGR Foundation (6)/input_Next Report Date_due_date&amp;quot;))</message>
  <nestedLevel>1</nestedLevel>
  <escapedJava>false</escapedJava>
</record>
<record>
  <date>2025-08-05T06:31:19.121446200Z</date>
  <millis>1754375479121</millis>
  <nanos>446200</nanos>
  <sequence>390</sequence>
  <level>START</level>
  <class>com.kms.katalon.core.logging.XmlKeywordLogger</class>
  <method>startKeyword</method>
  <thread>1</thread>
  <message>Start action : setText(findTestObject(&amp;quot;Object Repository/Page_Indicators - CGR Foundation (6)/input_Next Report Date_due_date&amp;quot;), minusDays(1).format(DateTimeFormatter.ofPattern(&amp;quot;dd/MM/yyyy&amp;quot;)))</message>
  <nestedLevel>1</nestedLevel>
  <escapedJava>false</escapedJava>
  <property name="startLine">43</property>
  <property name="stepIndex">10</property>
</record>
<record>
  <date>2025-08-05T06:31:22.539353300Z</date>
  <millis>1754375482539</millis>
  <nanos>353300</nanos>
  <sequence>406</sequence>
  <level>PASSED</level>
  <class>com.kms.katalon.core.logging.XmlKeywordLogger</class>
  <method>logMessage</method>
  <thread>1</thread>
  <message>Text &amp;apos;04/08/2025&amp;apos; is set on object &amp;apos;Object Repository/Page_Indicators - CGR Foundation (6)/input_Next Report Date_due_date&amp;apos;</message>
  <nestedLevel>1</nestedLevel>
  <escapedJava>false</escapedJava>
  <property name="testops-method-name">com.kms.katalon.core.webui.keyword.builtin.SetTextKeyword.setText</property>
  <property name="testops-execution-stacktrace"></property>
</record>
<record>
  <date>2025-08-05T06:31:22.541863200Z</date>
  <millis>1754375482541</millis>
  <nanos>863200</nanos>
  <sequence>407</sequence>
  <level>END</level>
  <class>com.kms.katalon.core.logging.XmlKeywordLogger</class>
  <method>endKeyword</method>
  <thread>1</thread>
  <message>End action : setText(findTestObject(&amp;quot;Object Repository/Page_Indicators - CGR Foundation (6)/input_Next Report Date_due_date&amp;quot;), minusDays(1).format(DateTimeFormatter.ofPattern(&amp;quot;dd/MM/yyyy&amp;quot;)))</message>
  <nestedLevel>1</nestedLevel>
  <escapedJava>false</escapedJava>
</record>
<record>
  <date>2025-08-05T06:31:22.542871500Z</date>
  <millis>1754375482542</millis>
  <nanos>871500</nanos>
  <sequence>408</sequence>
  <level>START</level>
  <class>com.kms.katalon.core.logging.XmlKeywordLogger</class>
  <method>startKeyword</method>
  <thread>1</thread>
  <message>Start action : click(findTestObject(&amp;quot;Object Repository/Page_Indicators - CGR Foundation (6)/button_Save&amp;quot;))</message>
  <nestedLevel>1</nestedLevel>
  <escapedJava>false</escapedJava>
  <property name="startLine">46</property>
  <property name="stepIndex">11</property>
</record>
<record>
  <date>2025-08-05T06:31:23.327250800Z</date>
  <millis>1754375483327</millis>
  <nanos>250800</nanos>
  <sequence>416</sequence>
  <level>PASSED</level>
  <class>com.kms.katalon.core.logging.XmlKeywordLogger</class>
  <method>logMessage</method>
  <thread>1</thread>
  <message>Object: &amp;apos;Object Repository/Page_Indicators - CGR Foundation (6)/button_Save&amp;apos; is clicked on</message>
  <nestedLevel>1</nestedLevel>
  <escapedJava>false</escapedJava>
  <property name="testops-method-name">com.kms.katalon.core.webui.keyword.builtin.ClickKeyword.click</property>
  <property name="testops-execution-stacktrace"></property>
</record>
<record>
  <date>2025-08-05T06:31:23.329256500Z</date>
  <millis>1754375483329</millis>
  <nanos>256500</nanos>
  <sequence>417</sequence>
  <level>END</level>
  <class>com.kms.katalon.core.logging.XmlKeywordLogger</class>
  <method>endKeyword</method>
  <thread>1</thread>
  <message>End action : click(findTestObject(&amp;quot;Object Repository/Page_Indicators - CGR Foundation (6)/button_Save&amp;quot;))</message>
  <nestedLevel>1</nestedLevel>
  <escapedJava>false</escapedJava>
</record>
<record>
  <date>2025-08-05T06:31:23.329256500Z</date>
  <millis>1754375483329</millis>
  <nanos>256500</nanos>
  <sequence>418</sequence>
  <level>START</level>
  <class>com.kms.katalon.core.logging.XmlKeywordLogger</class>
  <method>startKeyword</method>
  <thread>1</thread>
  <message>Start action : verifyElementText(findTestObject(&amp;quot;Object Repository/Page_Indicators - CGR Foundation (6)/div_08 July, 2025&amp;quot;), minusDays(1).format(DateTimeFormatter.ofPattern(&amp;quot;dd MMMM, yyyy&amp;quot;)))</message>
  <nestedLevel>1</nestedLevel>
  <escapedJava>false</escapedJava>
  <property name="startLine">48</property>
  <property name="stepIndex">12</property>
</record>
<record>
  <date>2025-08-05T06:31:26.411976400Z</date>
  <millis>1754375486411</millis>
  <nanos>976400</nanos>
  <sequence>426</sequence>
  <level>PASSED</level>
  <class>com.kms.katalon.core.logging.XmlKeywordLogger</class>
  <method>logMessage</method>
  <thread>1</thread>
  <message>Actual text and expected text of test object &amp;apos;Object Repository/Page_Indicators - CGR Foundation (6)/div_08 July, 2025&amp;apos; are matched.</message>
  <nestedLevel>1</nestedLevel>
  <escapedJava>false</escapedJava>
  <property name="testops-is-assertion">true</property>
  <property name="testops-method-name">com.kms.katalon.core.webui.keyword.builtin.VerifyElementTextKeyword.verifyElementText</property>
  <property name="testops-execution-stacktrace"></property>
</record>
<record>
  <date>2025-08-05T06:31:26.413498Z</date>
  <millis>1754375486413</millis>
  <nanos>498000</nanos>
  <sequence>427</sequence>
  <level>END</level>
  <class>com.kms.katalon.core.logging.XmlKeywordLogger</class>
  <method>endKeyword</method>
  <thread>1</thread>
  <message>End action : verifyElementText(findTestObject(&amp;quot;Object Repository/Page_Indicators - CGR Foundation (6)/div_08 July, 2025&amp;quot;), minusDays(1).format(DateTimeFormatter.ofPattern(&amp;quot;dd MMMM, yyyy&amp;quot;)))</message>
  <nestedLevel>1</nestedLevel>
  <escapedJava>false</escapedJava>
</record>
<record>
  <date>2025-08-05T06:31:26.414509700Z</date>
  <millis>1754375486414</millis>
  <nanos>509700</nanos>
  <sequence>428</sequence>
  <level>START</level>
  <class>com.kms.katalon.core.logging.XmlKeywordLogger</class>
  <method>startKeyword</method>
  <thread>1</thread>
  <message>Start action : navigateToUrl(&amp;quot;https://bug-nation.cgrfoundation-staging.com/admin/jobs&amp;quot;)</message>
  <nestedLevel>1</nestedLevel>
  <escapedJava>false</escapedJava>
  <property name="startLine">51</property>
  <property name="stepIndex">13</property>
</record>
<record>
  <date>2025-08-05T06:31:29.088941Z</date>
  <millis>1754375489088</millis>
  <nanos>941000</nanos>
  <sequence>431</sequence>
  <level>PASSED</level>
  <class>com.kms.katalon.core.logging.XmlKeywordLogger</class>
  <method>logMessage</method>
  <thread>1</thread>
  <message>Navigate to &amp;apos;https://bug-nation.cgrfoundation-staging.com/admin/jobs&amp;apos; successfully</message>
  <nestedLevel>1</nestedLevel>
  <escapedJava>false</escapedJava>
  <property name="testops-method-name">com.kms.katalon.core.webui.keyword.builtin.NavigateToUrlKeyword.navigateToUrl</property>
  <property name="testops-execution-stacktrace"></property>
</record>
<record>
  <date>2025-08-05T06:31:29.092433100Z</date>
  <millis>1754375489092</millis>
  <nanos>433100</nanos>
  <sequence>432</sequence>
  <level>END</level>
  <class>com.kms.katalon.core.logging.XmlKeywordLogger</class>
  <method>endKeyword</method>
  <thread>1</thread>
  <message>End action : navigateToUrl(&amp;quot;https://bug-nation.cgrfoundation-staging.com/admin/jobs&amp;quot;)</message>
  <nestedLevel>1</nestedLevel>
  <escapedJava>false</escapedJava>
</record>
<record>
  <date>2025-08-05T06:31:29.092433100Z</date>
  <millis>1754375489092</millis>
  <nanos>433100</nanos>
  <sequence>433</sequence>
  <level>START</level>
  <class>com.kms.katalon.core.logging.XmlKeywordLogger</class>
  <method>startKeyword</method>
  <thread>1</thread>
  <message>Start action : click(findTestObject(&amp;quot;Object Repository/Page_Background Jobs - CGR Foundation (6)/a_Run&amp;quot;))</message>
  <nestedLevel>1</nestedLevel>
  <escapedJava>false</escapedJava>
  <property name="startLine">53</property>
  <property name="stepIndex">14</property>
</record>
<record>
  <date>2025-08-05T06:31:34.847892200Z</date>
  <millis>1754375494847</millis>
  <nanos>892200</nanos>
  <sequence>443</sequence>
  <level>PASSED</level>
  <class>com.kms.katalon.core.logging.XmlKeywordLogger</class>
  <method>logMessage</method>
  <thread>1</thread>
  <message>Object: &amp;apos;Object Repository/Page_Background Jobs - CGR Foundation (6)/a_Run&amp;apos; is clicked on</message>
  <nestedLevel>1</nestedLevel>
  <escapedJava>false</escapedJava>
  <property name="testops-method-name">com.kms.katalon.core.webui.keyword.builtin.ClickKeyword.click</property>
  <property name="testops-execution-stacktrace"></property>
</record>
<record>
  <date>2025-08-05T06:31:34.850897400Z</date>
  <millis>1754375494850</millis>
  <nanos>897400</nanos>
  <sequence>444</sequence>
  <level>END</level>
  <class>com.kms.katalon.core.logging.XmlKeywordLogger</class>
  <method>endKeyword</method>
  <thread>1</thread>
  <message>End action : click(findTestObject(&amp;quot;Object Repository/Page_Background Jobs - CGR Foundation (6)/a_Run&amp;quot;))</message>
  <nestedLevel>1</nestedLevel>
  <escapedJava>false</escapedJava>
</record>
<record>
  <date>2025-08-05T06:31:34.851895900Z</date>
  <millis>1754375494851</millis>
  <nanos>895900</nanos>
  <sequence>445</sequence>
  <level>START</level>
  <class>com.kms.katalon.core.logging.XmlKeywordLogger</class>
  <method>startKeyword</method>
  <thread>1</thread>
  <message>Start action : navigateToUrl(&amp;quot;https://bug-nation.cgrfoundation-staging.com/indicators/110&amp;quot;)</message>
  <nestedLevel>1</nestedLevel>
  <escapedJava>false</escapedJava>
  <property name="startLine">55</property>
  <property name="stepIndex">15</property>
</record>
<record>
  <date>2025-08-05T06:31:36.198193900Z</date>
  <millis>1754375496198</millis>
  <nanos>193900</nanos>
  <sequence>448</sequence>
  <level>PASSED</level>
  <class>com.kms.katalon.core.logging.XmlKeywordLogger</class>
  <method>logMessage</method>
  <thread>1</thread>
  <message>Navigate to &amp;apos;https://bug-nation.cgrfoundation-staging.com/indicators/110&amp;apos; successfully</message>
  <nestedLevel>1</nestedLevel>
  <escapedJava>false</escapedJava>
  <property name="testops-method-name">com.kms.katalon.core.webui.keyword.builtin.NavigateToUrlKeyword.navigateToUrl</property>
  <property name="testops-execution-stacktrace"></property>
</record>
<record>
  <date>2025-08-05T06:31:36.200188300Z</date>
  <millis>1754375496200</millis>
  <nanos>188300</nanos>
  <sequence>449</sequence>
  <level>END</level>
  <class>com.kms.katalon.core.logging.XmlKeywordLogger</class>
  <method>endKeyword</method>
  <thread>1</thread>
  <message>End action : navigateToUrl(&amp;quot;https://bug-nation.cgrfoundation-staging.com/indicators/110&amp;quot;)</message>
  <nestedLevel>1</nestedLevel>
  <escapedJava>false</escapedJava>
</record>
<record>
  <date>2025-08-05T06:31:36.200188300Z</date>
  <millis>1754375496200</millis>
  <nanos>188300</nanos>
  <sequence>450</sequence>
  <level>START</level>
  <class>com.kms.katalon.core.logging.XmlKeywordLogger</class>
  <method>startKeyword</method>
  <thread>1</thread>
  <message>Start action : refresh()</message>
  <nestedLevel>1</nestedLevel>
  <escapedJava>false</escapedJava>
  <property name="startLine">57</property>
  <property name="stepIndex">16</property>
</record>
<record>
  <date>2025-08-05T06:31:38.030049700Z</date>
  <millis>1754375498030</millis>
  <nanos>49700</nanos>
  <sequence>452</sequence>
  <level>PASSED</level>
  <class>com.kms.katalon.core.logging.XmlKeywordLogger</class>
  <method>logMessage</method>
  <thread>1</thread>
  <message>Refresh successfully</message>
  <nestedLevel>1</nestedLevel>
  <escapedJava>false</escapedJava>
  <property name="testops-method-name">com.kms.katalon.core.webui.keyword.builtin.RefreshKeyword.refresh</property>
  <property name="testops-execution-stacktrace"></property>
</record>
<record>
  <date>2025-08-05T06:31:38.032562800Z</date>
  <millis>1754375498032</millis>
  <nanos>562800</nanos>
  <sequence>453</sequence>
  <level>END</level>
  <class>com.kms.katalon.core.logging.XmlKeywordLogger</class>
  <method>endKeyword</method>
  <thread>1</thread>
  <message>End action : refresh()</message>
  <nestedLevel>1</nestedLevel>
  <escapedJava>false</escapedJava>
</record>
<record>
  <date>2025-08-05T06:31:38.032562800Z</date>
  <millis>1754375498032</millis>
  <nanos>562800</nanos>
  <sequence>454</sequence>
  <level>START</level>
  <class>com.kms.katalon.core.logging.XmlKeywordLogger</class>
  <method>startKeyword</method>
  <thread>1</thread>
  <message>Start action : verifyElementText(findTestObject(&amp;quot;Object Repository/Page_Indicators - CGR Foundation (6)/div_09 July, 2025&amp;quot;), now().format(DateTimeFormatter.ofPattern(&amp;quot;dd MMMM, yyyy&amp;quot;)))</message>
  <nestedLevel>1</nestedLevel>
  <escapedJava>false</escapedJava>
  <property name="startLine">59</property>
  <property name="stepIndex">17</property>
</record>
<record>
  <date>2025-08-05T06:31:41.298179500Z</date>
  <millis>1754375501298</millis>
  <nanos>179500</nanos>
  <sequence>462</sequence>
  <level>PASSED</level>
  <class>com.kms.katalon.core.logging.XmlKeywordLogger</class>
  <method>logMessage</method>
  <thread>1</thread>
  <message>Actual text and expected text of test object &amp;apos;Object Repository/Page_Indicators - CGR Foundation (6)/div_09 July, 2025&amp;apos; are matched.</message>
  <nestedLevel>1</nestedLevel>
  <escapedJava>false</escapedJava>
  <property name="testops-is-assertion">true</property>
  <property name="testops-method-name">com.kms.katalon.core.webui.keyword.builtin.VerifyElementTextKeyword.verifyElementText</property>
  <property name="testops-execution-stacktrace"></property>
</record>
<record>
  <date>2025-08-05T06:31:41.302712300Z</date>
  <millis>1754375501302</millis>
  <nanos>712300</nanos>
  <sequence>463</sequence>
  <level>END</level>
  <class>com.kms.katalon.core.logging.XmlKeywordLogger</class>
  <method>endKeyword</method>
  <thread>1</thread>
  <message>End action : verifyElementText(findTestObject(&amp;quot;Object Repository/Page_Indicators - CGR Foundation (6)/div_09 July, 2025&amp;quot;), now().format(DateTimeFormatter.ofPattern(&amp;quot;dd MMMM, yyyy&amp;quot;)))</message>
  <nestedLevel>1</nestedLevel>
  <escapedJava>false</escapedJava>
</record>
<record>
  <date>2025-08-05T06:31:41.303730600Z</date>
  <millis>1754375501303</millis>
  <nanos>730600</nanos>
  <sequence>464</sequence>
  <level>START</level>
  <class>com.kms.katalon.core.logging.XmlKeywordLogger</class>
  <method>startKeyword</method>
  <thread>1</thread>
  <message>Start action : yesterday = minusDays(1).format(DateTimeFormatter.ofPattern(&amp;quot;dd MMMM, yyyy&amp;quot;))</message>
  <nestedLevel>1</nestedLevel>
  <escapedJava>false</escapedJava>
  <property name="startLine">63</property>
  <property name="stepIndex">18</property>
</record>
<record>
  <date>2025-08-05T06:31:41.313288500Z</date>
  <millis>1754375501313</millis>
  <nanos>288500</nanos>
  <sequence>465</sequence>
  <level>END</level>
  <class>com.kms.katalon.core.logging.XmlKeywordLogger</class>
  <method>endKeyword</method>
  <thread>1</thread>
  <message>End action : yesterday = minusDays(1).format(DateTimeFormatter.ofPattern(&amp;quot;dd MMMM, yyyy&amp;quot;))</message>
  <nestedLevel>1</nestedLevel>
  <escapedJava>false</escapedJava>
</record>
<record>
  <date>2025-08-05T06:31:41.314312800Z</date>
  <millis>1754375501314</millis>
  <nanos>312800</nanos>
  <sequence>466</sequence>
  <level>START</level>
  <class>com.kms.katalon.core.logging.XmlKeywordLogger</class>
  <method>startKeyword</method>
  <thread>1</thread>
  <message>Start action : driver = getWebDriver()</message>
  <nestedLevel>1</nestedLevel>
  <escapedJava>false</escapedJava>
  <property name="startLine">66</property>
  <property name="stepIndex">19</property>
</record>
<record>
  <date>2025-08-05T06:31:41.331774300Z</date>
  <millis>1754375501331</millis>
  <nanos>774300</nanos>
  <sequence>467</sequence>
  <level>END</level>
  <class>com.kms.katalon.core.logging.XmlKeywordLogger</class>
  <method>endKeyword</method>
  <thread>1</thread>
  <message>End action : driver = getWebDriver()</message>
  <nestedLevel>1</nestedLevel>
  <escapedJava>false</escapedJava>
</record>
<record>
  <date>2025-08-05T06:31:41.331774300Z</date>
  <millis>1754375501331</millis>
  <nanos>774300</nanos>
  <sequence>468</sequence>
  <level>START</level>
  <class>com.kms.katalon.core.logging.XmlKeywordLogger</class>
  <method>startKeyword</method>
  <thread>1</thread>
  <message>Start action : xpath = //tr[td[4][text()=&amp;apos;$yesterday&amp;apos;]]/td[1]/a</message>
  <nestedLevel>1</nestedLevel>
  <escapedJava>false</escapedJava>
  <property name="startLine">68</property>
  <property name="stepIndex">20</property>
</record>
<record>
  <date>2025-08-05T06:31:41.392187100Z</date>
  <millis>1754375501392</millis>
  <nanos>187100</nanos>
  <sequence>469</sequence>
  <level>END</level>
  <class>com.kms.katalon.core.logging.XmlKeywordLogger</class>
  <method>endKeyword</method>
  <thread>1</thread>
  <message>End action : xpath = //tr[td[4][text()=&amp;apos;$yesterday&amp;apos;]]/td[1]/a</message>
  <nestedLevel>1</nestedLevel>
  <escapedJava>false</escapedJava>
</record>
<record>
  <date>2025-08-05T06:31:41.392187100Z</date>
  <millis>1754375501392</millis>
  <nanos>187100</nanos>
  <sequence>470</sequence>
  <level>START</level>
  <class>com.kms.katalon.core.logging.XmlKeywordLogger</class>
  <method>startKeyword</method>
  <thread>1</thread>
  <message>Start action : element = driver.findElement(By.xpath(xpath))</message>
  <nestedLevel>1</nestedLevel>
  <escapedJava>false</escapedJava>
  <property name="startLine">70</property>
  <property name="stepIndex">21</property>
</record>
<record>
  <date>2025-08-05T06:31:42.500067500Z</date>
  <millis>1754375502500</millis>
  <nanos>67500</nanos>
  <sequence>472</sequence>
  <level>END</level>
  <class>com.kms.katalon.core.logging.XmlKeywordLogger</class>
  <method>endKeyword</method>
  <thread>1</thread>
  <message>End action : element = driver.findElement(By.xpath(xpath))</message>
  <nestedLevel>1</nestedLevel>
  <escapedJava>false</escapedJava>
</record>
<record>
  <date>2025-08-05T06:31:42.500067500Z</date>
  <millis>1754375502500</millis>
  <nanos>67500</nanos>
  <sequence>473</sequence>
  <level>START</level>
  <class>com.kms.katalon.core.logging.XmlKeywordLogger</class>
  <method>startKeyword</method>
  <thread>1</thread>
  <message>Start action : element.click()</message>
  <nestedLevel>1</nestedLevel>
  <escapedJava>false</escapedJava>
  <property name="startLine">72</property>
  <property name="stepIndex">22</property>
</record>
<record>
  <date>2025-08-05T06:31:43.916257Z</date>
  <millis>1754375503916</millis>
  <nanos>257000</nanos>
  <sequence>474</sequence>
  <level>END</level>
  <class>com.kms.katalon.core.logging.XmlKeywordLogger</class>
  <method>endKeyword</method>
  <thread>1</thread>
  <message>End action : element.click()</message>
  <nestedLevel>1</nestedLevel>
  <escapedJava>false</escapedJava>
</record>
<record>
  <date>2025-08-05T06:31:43.916257Z</date>
  <millis>1754375503916</millis>
  <nanos>257000</nanos>
  <sequence>475</sequence>
  <level>START</level>
  <class>com.kms.katalon.core.logging.XmlKeywordLogger</class>
  <method>startKeyword</method>
  <thread>1</thread>
  <message>Start action : click(findTestObject(&amp;quot;Object Repository/Page_Indicator Responses - CGR Foundation (6)/button_Edit_btn btn-default&amp;quot;))</message>
  <nestedLevel>1</nestedLevel>
  <escapedJava>false</escapedJava>
  <property name="startLine">74</property>
  <property name="stepIndex">23</property>
</record>
<record>
  <date>2025-08-05T06:31:45.323658300Z</date>
  <millis>1754375505323</millis>
  <nanos>658300</nanos>
  <sequence>483</sequence>
  <level>PASSED</level>
  <class>com.kms.katalon.core.logging.XmlKeywordLogger</class>
  <method>logMessage</method>
  <thread>1</thread>
  <message>Object: &amp;apos;Object Repository/Page_Indicator Responses - CGR Foundation (6)/button_Edit_btn btn-default&amp;apos; is clicked on</message>
  <nestedLevel>1</nestedLevel>
  <escapedJava>false</escapedJava>
  <property name="testops-method-name">com.kms.katalon.core.webui.keyword.builtin.ClickKeyword.click</property>
  <property name="testops-execution-stacktrace"></property>
</record>
<record>
  <date>2025-08-05T06:31:45.326657500Z</date>
  <millis>1754375505326</millis>
  <nanos>657500</nanos>
  <sequence>484</sequence>
  <level>END</level>
  <class>com.kms.katalon.core.logging.XmlKeywordLogger</class>
  <method>endKeyword</method>
  <thread>1</thread>
  <message>End action : click(findTestObject(&amp;quot;Object Repository/Page_Indicator Responses - CGR Foundation (6)/button_Edit_btn btn-default&amp;quot;))</message>
  <nestedLevel>1</nestedLevel>
  <escapedJava>false</escapedJava>
</record>
<record>
  <date>2025-08-05T06:31:45.327651300Z</date>
  <millis>1754375505327</millis>
  <nanos>651300</nanos>
  <sequence>485</sequence>
  <level>START</level>
  <class>com.kms.katalon.core.logging.XmlKeywordLogger</class>
  <method>startKeyword</method>
  <thread>1</thread>
  <message>Start action : setText(findTestObject(&amp;quot;Object Repository/Page_Indicator Responses - CGR Foundation (6)/textarea_Delete&amp;quot;), &amp;quot;Delete&amp;quot;)</message>
  <nestedLevel>1</nestedLevel>
  <escapedJava>false</escapedJava>
  <property name="startLine">76</property>
  <property name="stepIndex">24</property>
</record>
<record>
  <date>2025-08-05T06:31:48.800271800Z</date>
  <millis>1754375508800</millis>
  <nanos>271800</nanos>
  <sequence>501</sequence>
  <level>PASSED</level>
  <class>com.kms.katalon.core.logging.XmlKeywordLogger</class>
  <method>logMessage</method>
  <thread>1</thread>
  <message>Text &amp;apos;Delete&amp;apos; is set on object &amp;apos;Object Repository/Page_Indicator Responses - CGR Foundation (6)/textarea_Delete&amp;apos;</message>
  <nestedLevel>1</nestedLevel>
  <escapedJava>false</escapedJava>
  <property name="testops-method-name">com.kms.katalon.core.webui.keyword.builtin.SetTextKeyword.setText</property>
  <property name="testops-execution-stacktrace"></property>
</record>
<record>
  <date>2025-08-05T06:31:48.803807600Z</date>
  <millis>1754375508803</millis>
  <nanos>807600</nanos>
  <sequence>502</sequence>
  <level>END</level>
  <class>com.kms.katalon.core.logging.XmlKeywordLogger</class>
  <method>endKeyword</method>
  <thread>1</thread>
  <message>End action : setText(findTestObject(&amp;quot;Object Repository/Page_Indicator Responses - CGR Foundation (6)/textarea_Delete&amp;quot;), &amp;quot;Delete&amp;quot;)</message>
  <nestedLevel>1</nestedLevel>
  <escapedJava>false</escapedJava>
</record>
<record>
  <date>2025-08-05T06:31:48.804823200Z</date>
  <millis>1754375508804</millis>
  <nanos>823200</nanos>
  <sequence>503</sequence>
  <level>START</level>
  <class>com.kms.katalon.core.logging.XmlKeywordLogger</class>
  <method>startKeyword</method>
  <thread>1</thread>
  <message>Start action : click(findTestObject(&amp;quot;Object Repository/Page_Indicator Responses - CGR Foundation (6)/button_Delete&amp;quot;))</message>
  <nestedLevel>1</nestedLevel>
  <escapedJava>false</escapedJava>
  <property name="startLine">78</property>
  <property name="stepIndex">25</property>
</record>
<record>
  <date>2025-08-05T06:31:54.811864Z</date>
  <millis>1754375514811</millis>
  <nanos>864000</nanos>
  <sequence>513</sequence>
  <level>PASSED</level>
  <class>com.kms.katalon.core.logging.XmlKeywordLogger</class>
  <method>logMessage</method>
  <thread>1</thread>
  <message>Object: &amp;apos;Object Repository/Page_Indicator Responses - CGR Foundation (6)/button_Delete&amp;apos; is clicked on</message>
  <nestedLevel>1</nestedLevel>
  <escapedJava>false</escapedJava>
  <property name="testops-method-name">com.kms.katalon.core.webui.keyword.builtin.ClickKeyword.click</property>
  <property name="testops-execution-stacktrace"></property>
</record>
<record>
  <date>2025-08-05T06:31:54.813881700Z</date>
  <millis>1754375514813</millis>
  <nanos>881700</nanos>
  <sequence>514</sequence>
  <level>END</level>
  <class>com.kms.katalon.core.logging.XmlKeywordLogger</class>
  <method>endKeyword</method>
  <thread>1</thread>
  <message>End action : click(findTestObject(&amp;quot;Object Repository/Page_Indicator Responses - CGR Foundation (6)/button_Delete&amp;quot;))</message>
  <nestedLevel>1</nestedLevel>
  <escapedJava>false</escapedJava>
</record>
<record>
  <date>2025-08-05T06:31:54.813881700Z</date>
  <millis>1754375514813</millis>
  <nanos>881700</nanos>
  <sequence>515</sequence>
  <level>START</level>
  <class>com.kms.katalon.core.logging.XmlKeywordLogger</class>
  <method>startKeyword</method>
  <thread>1</thread>
  <message>Start action : click(findTestObject(&amp;quot;Object Repository/Page_Indicators - CGR Foundation (6)/button_Edit&amp;quot;))</message>
  <nestedLevel>1</nestedLevel>
  <escapedJava>false</escapedJava>
  <property name="startLine">80</property>
  <property name="stepIndex">26</property>
</record>
<record>
  <date>2025-08-05T06:32:28.062095300Z</date>
  <millis>1754375548062</millis>
  <nanos>95300</nanos>
  <sequence>526</sequence>
  <level>PASSED</level>
  <class>com.kms.katalon.core.logging.XmlKeywordLogger</class>
  <method>logMessage</method>
  <thread>1</thread>
  <message>Object: &amp;apos;Object Repository/Page_Indicators - CGR Foundation (6)/button_Edit&amp;apos; is clicked on</message>
  <nestedLevel>1</nestedLevel>
  <escapedJava>false</escapedJava>
  <property name="testops-method-name">com.kms.katalon.core.webui.keyword.builtin.ClickKeyword.click</property>
  <property name="testops-execution-stacktrace"></property>
</record>
<record>
  <date>2025-08-05T06:32:28.062095300Z</date>
  <millis>1754375548062</millis>
  <nanos>95300</nanos>
  <sequence>527</sequence>
  <level>END</level>
  <class>com.kms.katalon.core.logging.XmlKeywordLogger</class>
  <method>endKeyword</method>
  <thread>1</thread>
  <message>End action : click(findTestObject(&amp;quot;Object Repository/Page_Indicators - CGR Foundation (6)/button_Edit&amp;quot;))</message>
  <nestedLevel>1</nestedLevel>
  <escapedJava>false</escapedJava>
</record>
<record>
  <date>2025-08-05T06:32:28.062095300Z</date>
  <millis>1754375548062</millis>
  <nanos>95300</nanos>
  <sequence>528</sequence>
  <level>START</level>
  <class>com.kms.katalon.core.logging.XmlKeywordLogger</class>
  <method>startKeyword</method>
  <thread>1</thread>
  <message>Start action : click(findTestObject(&amp;quot;Object Repository/Page_Indicators - CGR Foundation (6)/input_Next Report Date_due_date&amp;quot;))</message>
  <nestedLevel>1</nestedLevel>
  <escapedJava>false</escapedJava>
  <property name="startLine">82</property>
  <property name="stepIndex">27</property>
</record>
<record>
  <date>2025-08-05T06:32:59.294623200Z</date>
  <millis>1754375579294</millis>
  <nanos>623200</nanos>
  <sequence>538</sequence>
  <level>PASSED</level>
  <class>com.kms.katalon.core.logging.XmlKeywordLogger</class>
  <method>logMessage</method>
  <thread>1</thread>
  <message>Object: &amp;apos;Object Repository/Page_Indicators - CGR Foundation (6)/input_Next Report Date_due_date&amp;apos; is clicked on</message>
  <nestedLevel>1</nestedLevel>
  <escapedJava>false</escapedJava>
  <property name="testops-method-name">com.kms.katalon.core.webui.keyword.builtin.ClickKeyword.click</property>
  <property name="testops-execution-stacktrace"></property>
</record>
<record>
  <date>2025-08-05T06:32:59.296624Z</date>
  <millis>1754375579296</millis>
  <nanos>624000</nanos>
  <sequence>539</sequence>
  <level>END</level>
  <class>com.kms.katalon.core.logging.XmlKeywordLogger</class>
  <method>endKeyword</method>
  <thread>1</thread>
  <message>End action : click(findTestObject(&amp;quot;Object Repository/Page_Indicators - CGR Foundation (6)/input_Next Report Date_due_date&amp;quot;))</message>
  <nestedLevel>1</nestedLevel>
  <escapedJava>false</escapedJava>
</record>
<record>
  <date>2025-08-05T06:32:59.298626500Z</date>
  <millis>1754375579298</millis>
  <nanos>626500</nanos>
  <sequence>540</sequence>
  <level>START</level>
  <class>com.kms.katalon.core.logging.XmlKeywordLogger</class>
  <method>startKeyword</method>
  <thread>1</thread>
  <message>Start action : click(findTestObject(&amp;quot;Object Repository/Page_Indicators - CGR Foundation (6)/span_Dec_glyphicon glyphicon-trash&amp;quot;))</message>
  <nestedLevel>1</nestedLevel>
  <escapedJava>false</escapedJava>
  <property name="startLine">84</property>
  <property name="stepIndex">28</property>
</record>
<record>
  <date>2025-08-05T06:33:02.232442Z</date>
  <millis>1754375582232</millis>
  <nanos>442000</nanos>
  <sequence>550</sequence>
  <level>PASSED</level>
  <class>com.kms.katalon.core.logging.XmlKeywordLogger</class>
  <method>logMessage</method>
  <thread>1</thread>
  <message>Object: &amp;apos;Object Repository/Page_Indicators - CGR Foundation (6)/span_Dec_glyphicon glyphicon-trash&amp;apos; is clicked on</message>
  <nestedLevel>1</nestedLevel>
  <escapedJava>false</escapedJava>
  <property name="testops-method-name">com.kms.katalon.core.webui.keyword.builtin.ClickKeyword.click</property>
  <property name="testops-execution-stacktrace"></property>
</record>
<record>
  <date>2025-08-05T06:33:02.236459100Z</date>
  <millis>1754375582236</millis>
  <nanos>459100</nanos>
  <sequence>551</sequence>
  <level>END</level>
  <class>com.kms.katalon.core.logging.XmlKeywordLogger</class>
  <method>endKeyword</method>
  <thread>1</thread>
  <message>End action : click(findTestObject(&amp;quot;Object Repository/Page_Indicators - CGR Foundation (6)/span_Dec_glyphicon glyphicon-trash&amp;quot;))</message>
  <nestedLevel>1</nestedLevel>
  <escapedJava>false</escapedJava>
</record>
<record>
  <date>2025-08-05T06:33:02.238456800Z</date>
  <millis>1754375582238</millis>
  <nanos>456800</nanos>
  <sequence>552</sequence>
  <level>START</level>
  <class>com.kms.katalon.core.logging.XmlKeywordLogger</class>
  <method>startKeyword</method>
  <thread>1</thread>
  <message>Start action : click(findTestObject(&amp;quot;Object Repository/Page_Indicators - CGR Foundation (6)/button_Save&amp;quot;))</message>
  <nestedLevel>1</nestedLevel>
  <escapedJava>false</escapedJava>
  <property name="startLine">86</property>
  <property name="stepIndex">29</property>
</record>
<record>
  <date>2025-08-05T06:33:03.038763100Z</date>
  <millis>1754375583038</millis>
  <nanos>763100</nanos>
  <sequence>560</sequence>
  <level>PASSED</level>
  <class>com.kms.katalon.core.logging.XmlKeywordLogger</class>
  <method>logMessage</method>
  <thread>1</thread>
  <message>Object: &amp;apos;Object Repository/Page_Indicators - CGR Foundation (6)/button_Save&amp;apos; is clicked on</message>
  <nestedLevel>1</nestedLevel>
  <escapedJava>false</escapedJava>
  <property name="testops-method-name">com.kms.katalon.core.webui.keyword.builtin.ClickKeyword.click</property>
  <property name="testops-execution-stacktrace"></property>
</record>
<record>
  <date>2025-08-05T06:33:03.042286200Z</date>
  <millis>1754375583042</millis>
  <nanos>286200</nanos>
  <sequence>561</sequence>
  <level>END</level>
  <class>com.kms.katalon.core.logging.XmlKeywordLogger</class>
  <method>endKeyword</method>
  <thread>1</thread>
  <message>End action : click(findTestObject(&amp;quot;Object Repository/Page_Indicators - CGR Foundation (6)/button_Save&amp;quot;))</message>
  <nestedLevel>1</nestedLevel>
  <escapedJava>false</escapedJava>
</record>
<record>
  <date>2025-08-05T06:33:03.043308400Z</date>
  <millis>1754375583043</millis>
  <nanos>308400</nanos>
  <sequence>562</sequence>
  <level>START</level>
  <class>com.kms.katalon.core.logging.XmlKeywordLogger</class>
  <method>startKeyword</method>
  <thread>1</thread>
  <message>Start action : click(findTestObject(&amp;quot;Object Repository/Page_Indicators - CGR Foundation (6)/span_Santhosh&amp;quot;))</message>
  <nestedLevel>1</nestedLevel>
  <escapedJava>false</escapedJava>
  <property name="startLine">88</property>
  <property name="stepIndex">30</property>
</record>
<record>
  <date>2025-08-05T06:33:06.333406300Z</date>
  <millis>1754375586333</millis>
  <nanos>406300</nanos>
  <sequence>572</sequence>
  <level>PASSED</level>
  <class>com.kms.katalon.core.logging.XmlKeywordLogger</class>
  <method>logMessage</method>
  <thread>1</thread>
  <message>Object: &amp;apos;Object Repository/Page_Indicators - CGR Foundation (6)/span_Santhosh&amp;apos; is clicked on</message>
  <nestedLevel>1</nestedLevel>
  <escapedJava>false</escapedJava>
  <property name="testops-method-name">com.kms.katalon.core.webui.keyword.builtin.ClickKeyword.click</property>
  <property name="testops-execution-stacktrace"></property>
</record>
<record>
  <date>2025-08-05T06:33:06.335632100Z</date>
  <millis>1754375586335</millis>
  <nanos>632100</nanos>
  <sequence>573</sequence>
  <level>END</level>
  <class>com.kms.katalon.core.logging.XmlKeywordLogger</class>
  <method>endKeyword</method>
  <thread>1</thread>
  <message>End action : click(findTestObject(&amp;quot;Object Repository/Page_Indicators - CGR Foundation (6)/span_Santhosh&amp;quot;))</message>
  <nestedLevel>1</nestedLevel>
  <escapedJava>false</escapedJava>
</record>
<record>
  <date>2025-08-05T06:33:06.336639400Z</date>
  <millis>1754375586336</millis>
  <nanos>639400</nanos>
  <sequence>574</sequence>
  <level>START</level>
  <class>com.kms.katalon.core.logging.XmlKeywordLogger</class>
  <method>startKeyword</method>
  <thread>1</thread>
  <message>Start action : click(findTestObject(&amp;quot;Object Repository/Page_Indicators - CGR Foundation (6)/a_Log out&amp;quot;))</message>
  <nestedLevel>1</nestedLevel>
  <escapedJava>false</escapedJava>
  <property name="startLine">90</property>
  <property name="stepIndex">31</property>
</record>
<record>
  <date>2025-08-05T06:33:08.744391400Z</date>
  <millis>1754375588744</millis>
  <nanos>391400</nanos>
  <sequence>584</sequence>
  <level>PASSED</level>
  <class>com.kms.katalon.core.logging.XmlKeywordLogger</class>
  <method>logMessage</method>
  <thread>1</thread>
  <message>Object: &amp;apos;Object Repository/Page_Indicators - CGR Foundation (6)/a_Log out&amp;apos; is clicked on</message>
  <nestedLevel>1</nestedLevel>
  <escapedJava>false</escapedJava>
  <property name="testops-method-name">com.kms.katalon.core.webui.keyword.builtin.ClickKeyword.click</property>
  <property name="testops-execution-stacktrace"></property>
</record>
<record>
  <date>2025-08-05T06:33:08.746393200Z</date>
  <millis>1754375588746</millis>
  <nanos>393200</nanos>
  <sequence>585</sequence>
  <level>END</level>
  <class>com.kms.katalon.core.logging.XmlKeywordLogger</class>
  <method>endKeyword</method>
  <thread>1</thread>
  <message>End action : click(findTestObject(&amp;quot;Object Repository/Page_Indicators - CGR Foundation (6)/a_Log out&amp;quot;))</message>
  <nestedLevel>1</nestedLevel>
  <escapedJava>false</escapedJava>
</record>
<record>
  <date>2025-08-05T06:33:08.747393300Z</date>
  <millis>1754375588747</millis>
  <nanos>393300</nanos>
  <sequence>586</sequence>
  <level>START</level>
  <class>com.kms.katalon.core.logging.XmlKeywordLogger</class>
  <method>startKeyword</method>
  <thread>1</thread>
  <message>Start action : acceptAlert()</message>
  <nestedLevel>1</nestedLevel>
  <escapedJava>false</escapedJava>
  <property name="startLine">92</property>
  <property name="stepIndex">32</property>
</record>
<record>
  <date>2025-08-05T06:33:10.525756700Z</date>
  <millis>1754375590525</millis>
  <nanos>756700</nanos>
  <sequence>590</sequence>
  <level>FAILED</level>
  <class>com.kms.katalon.core.logging.XmlKeywordLogger</class>
  <method>logMessage</method>
  <thread>1</thread>
  <message>No alert found (Root cause: com.kms.katalon.core.exception.StepFailedException: No alert found
	at com.kms.katalon.core.webui.keyword.internal.WebUIKeywordMain.stepFailed(WebUIKeywordMain.groovy:118)
	at com.kms.katalon.core.webui.keyword.builtin.AcceptAlertKeyword$_acceptAlert_closure1.doCall(AcceptAlertKeyword.groovy:78)
	at com.kms.katalon.core.webui.keyword.builtin.AcceptAlertKeyword$_acceptAlert_closure1.call(AcceptAlertKeyword.groovy)
	at com.kms.katalon.core.webui.keyword.internal.WebUIKeywordMain.runKeyword(WebUIKeywordMain.groovy:35)
	at com.kms.katalon.core.webui.keyword.builtin.AcceptAlertKeyword.acceptAlert(AcceptAlertKeyword.groovy:80)
	at com.kms.katalon.core.webui.keyword.builtin.AcceptAlertKeyword.execute(AcceptAlertKeyword.groovy:66)
	at com.kms.katalon.core.keyword.internal.KeywordExecutor.executeKeywordForPlatform(KeywordExecutor.groovy:64)
	at com.kms.katalon.core.webui.keyword.WebUiBuiltInKeywords.acceptAlert(WebUiBuiltInKeywords.groovy:1598)
	at Indicator Current Date-1, 1 response interval and 1 reporting days.run(Indicator Current Date-1, 1 response interval and 1 reporting days:92)
	at com.kms.katalon.core.main.ScriptEngine.run(ScriptEngine.java:194)
	at com.kms.katalon.core.main.ScriptEngine.runScriptAsRawText(ScriptEngine.java:119)
	at com.kms.katalon.core.main.TestCaseExecutor.runScript(TestCaseExecutor.java:485)
	at com.kms.katalon.core.main.TestCaseExecutor.doExecute(TestCaseExecutor.java:476)
	at com.kms.katalon.core.main.TestCaseExecutor.processExecutionPhase(TestCaseExecutor.java:455)
	at com.kms.katalon.core.main.TestCaseExecutor.accessMainPhase(TestCaseExecutor.java:447)
	at com.kms.katalon.core.main.TestCaseExecutor.execute(TestCaseExecutor.java:321)
	at com.kms.katalon.core.common.CommonExecutor.accessTestCaseMainPhase(CommonExecutor.java:71)
	at com.kms.katalon.core.main.TestSuiteExecutor.accessTestSuiteMainPhase(TestSuiteExecutor.java:160)
	at com.kms.katalon.core.main.TestSuiteExecutor.execute(TestSuiteExecutor.java:107)
	at com.kms.katalon.core.main.TestCaseMain.startTestSuite(TestCaseMain.java:195)
	at TempTestSuite1754375272522.run(TempTestSuite1754375272522.groovy:35)
	at java.base/jdk.internal.reflect.NativeMethodAccessorImpl.invoke0(Native Method)
	at java.base/jdk.internal.reflect.NativeMethodAccessorImpl.invoke(NativeMethodAccessorImpl.java:77)
	at java.base/jdk.internal.reflect.DelegatingMethodAccessorImpl.invoke(DelegatingMethodAccessorImpl.java:43)
)</message>
  <nestedLevel>1</nestedLevel>
  <escapedJava>false</escapedJava>
  <property name="attachment">1754375589078.png</property>
  <property name="failed.exception.stacktrace">com.kms.katalon.core.exception.StepFailedException: No alert found
	at com.kms.katalon.core.webui.keyword.internal.WebUIKeywordMain.stepFailed(WebUIKeywordMain.groovy:118)
	at com.kms.katalon.core.webui.keyword.builtin.AcceptAlertKeyword$_acceptAlert_closure1.doCall(AcceptAlertKeyword.groovy:78)
	at com.kms.katalon.core.webui.keyword.builtin.AcceptAlertKeyword$_acceptAlert_closure1.call(AcceptAlertKeyword.groovy)
	at com.kms.katalon.core.webui.keyword.internal.WebUIKeywordMain.runKeyword(WebUIKeywordMain.groovy:35)
	at com.kms.katalon.core.webui.keyword.builtin.AcceptAlertKeyword.acceptAlert(AcceptAlertKeyword.groovy:80)
	at com.kms.katalon.core.webui.keyword.builtin.AcceptAlertKeyword.execute(AcceptAlertKeyword.groovy:66)
	at com.kms.katalon.core.keyword.internal.KeywordExecutor.executeKeywordForPlatform(KeywordExecutor.groovy:64)
	at com.kms.katalon.core.webui.keyword.WebUiBuiltInKeywords.acceptAlert(WebUiBuiltInKeywords.groovy:1598)
	at Indicator Current Date-1, 1 response interval and 1 reporting days.run(Indicator Current Date-1, 1 response interval and 1 reporting days:92)
	at com.kms.katalon.core.main.ScriptEngine.run(ScriptEngine.java:194)
	at com.kms.katalon.core.main.ScriptEngine.runScriptAsRawText(ScriptEngine.java:119)
	at com.kms.katalon.core.main.TestCaseExecutor.runScript(TestCaseExecutor.java:485)
	at com.kms.katalon.core.main.TestCaseExecutor.doExecute(TestCaseExecutor.java:476)
	at com.kms.katalon.core.main.TestCaseExecutor.processExecutionPhase(TestCaseExecutor.java:455)
	at com.kms.katalon.core.main.TestCaseExecutor.accessMainPhase(TestCaseExecutor.java:447)
	at com.kms.katalon.core.main.TestCaseExecutor.execute(TestCaseExecutor.java:321)
	at com.kms.katalon.core.common.CommonExecutor.accessTestCaseMainPhase(CommonExecutor.java:71)
	at com.kms.katalon.core.main.TestSuiteExecutor.accessTestSuiteMainPhase(TestSuiteExecutor.java:160)
	at com.kms.katalon.core.main.TestSuiteExecutor.execute(TestSuiteExecutor.java:107)
	at com.kms.katalon.core.main.TestCaseMain.startTestSuite(TestCaseMain.java:195)
	at TempTestSuite1754375272522.run(TempTestSuite1754375272522.groovy:35)
	at java.base/jdk.internal.reflect.NativeMethodAccessorImpl.invoke0(Native Method)
	at java.base/jdk.internal.reflect.NativeMethodAccessorImpl.invoke(NativeMethodAccessorImpl.java:77)
	at java.base/jdk.internal.reflect.DelegatingMethodAccessorImpl.invoke(DelegatingMethodAccessorImpl.java:43)
</property>
  <property name="failed.exception.class">com.kms.katalon.core.exception.StepFailedException</property>
  <property name="testops-method-name">com.kms.katalon.core.webui.keyword.builtin.AcceptAlertKeyword.acceptAlert</property>
  <property name="testops-execution-stacktrace">com.kms.katalon.core.logging.testops.TestOpsLogHelper.handleFailedLogEntry(TestOpsLogHelper.java:112)
com.kms.katalon.core.logging.KeywordLogger.logFailed(KeywordLogger.java:274)
com.kms.katalon.core.keyword.internal.KeywordMain.stepFailed(KeywordMain.groovy:43)
com.kms.katalon.core.webui.keyword.internal.WebUIKeywordMain.stepFailed(WebUIKeywordMain.groovy:118)
com.kms.katalon.core.webui.keyword.builtin.AcceptAlertKeyword$_acceptAlert_closure1.doCall(AcceptAlertKeyword.groovy:78)
com.kms.katalon.core.webui.keyword.builtin.AcceptAlertKeyword$_acceptAlert_closure1.call(AcceptAlertKeyword.groovy)
com.kms.katalon.core.webui.keyword.internal.WebUIKeywordMain.runKeyword(WebUIKeywordMain.groovy:35)
com.kms.katalon.core.webui.keyword.builtin.AcceptAlertKeyword.acceptAlert(AcceptAlertKeyword.groovy:80)
com.kms.katalon.core.webui.keyword.builtin.AcceptAlertKeyword.execute(AcceptAlertKeyword.groovy:66)
com.kms.katalon.core.keyword.internal.KeywordExecutor.executeKeywordForPlatform(KeywordExecutor.groovy:64)
com.kms.katalon.core.webui.keyword.WebUiBuiltInKeywords.acceptAlert(WebUiBuiltInKeywords.groovy:1598)
Indicator Current Date-1, 1 response interval and 1 reporting days.run(Indicator Current Date-1, 1 response interval and 1 reporting days:92)
</property>
  <property name="failed.exception.message">No alert found</property>
</record>
<record>
  <date>2025-08-05T06:33:11.353122300Z</date>
  <millis>1754375591353</millis>
  <nanos>122300</nanos>
  <sequence>594</sequence>
  <level>FAILED</level>
  <class>com.kms.katalon.core.logging.XmlKeywordLogger</class>
  <method>logMessage</method>
  <thread>1</thread>
  <message>Unable to accept alert (Root cause: com.kms.katalon.core.exception.StepFailedException: Unable to accept alert
	at com.kms.katalon.core.webui.keyword.internal.WebUIKeywordMain.stepFailed(WebUIKeywordMain.groovy:118)
	at com.kms.katalon.core.webui.keyword.internal.WebUIKeywordMain.runKeyword(WebUIKeywordMain.groovy:43)
	at com.kms.katalon.core.webui.keyword.builtin.AcceptAlertKeyword.acceptAlert(AcceptAlertKeyword.groovy:80)
	at com.kms.katalon.core.webui.keyword.builtin.AcceptAlertKeyword.execute(AcceptAlertKeyword.groovy:66)
	at com.kms.katalon.core.keyword.internal.KeywordExecutor.executeKeywordForPlatform(KeywordExecutor.groovy:64)
	at com.kms.katalon.core.webui.keyword.WebUiBuiltInKeywords.acceptAlert(WebUiBuiltInKeywords.groovy:1598)
	at Indicator Current Date-1, 1 response interval and 1 reporting days.run(Indicator Current Date-1, 1 response interval and 1 reporting days:92)
	at com.kms.katalon.core.main.ScriptEngine.run(ScriptEngine.java:194)
	at com.kms.katalon.core.main.ScriptEngine.runScriptAsRawText(ScriptEngine.java:119)
	at com.kms.katalon.core.main.TestCaseExecutor.runScript(TestCaseExecutor.java:485)
	at com.kms.katalon.core.main.TestCaseExecutor.doExecute(TestCaseExecutor.java:476)
	at com.kms.katalon.core.main.TestCaseExecutor.processExecutionPhase(TestCaseExecutor.java:455)
	at com.kms.katalon.core.main.TestCaseExecutor.accessMainPhase(TestCaseExecutor.java:447)
	at com.kms.katalon.core.main.TestCaseExecutor.execute(TestCaseExecutor.java:321)
	at com.kms.katalon.core.common.CommonExecutor.accessTestCaseMainPhase(CommonExecutor.java:71)
	at com.kms.katalon.core.main.TestSuiteExecutor.accessTestSuiteMainPhase(TestSuiteExecutor.java:160)
	at com.kms.katalon.core.main.TestSuiteExecutor.execute(TestSuiteExecutor.java:107)
	at com.kms.katalon.core.main.TestCaseMain.startTestSuite(TestCaseMain.java:195)
	at TempTestSuite1754375272522.run(TempTestSuite1754375272522.groovy:35)
	at java.base/jdk.internal.reflect.NativeMethodAccessorImpl.invoke0(Native Method)
	at java.base/jdk.internal.reflect.NativeMethodAccessorImpl.invoke(NativeMethodAccessorImpl.java:77)
	at java.base/jdk.internal.reflect.DelegatingMethodAccessorImpl.invoke(DelegatingMethodAccessorImpl.java:43)
Caused by: com.kms.katalon.core.exception.StepFailedException: No alert found
	at com.kms.katalon.core.webui.keyword.internal.WebUIKeywordMain.stepFailed(WebUIKeywordMain.groovy:118)
	at com.kms.katalon.core.webui.keyword.builtin.AcceptAlertKeyword$_acceptAlert_closure1.doCall(AcceptAlertKeyword.groovy:78)
	at com.kms.katalon.core.webui.keyword.builtin.AcceptAlertKeyword$_acceptAlert_closure1.call(AcceptAlertKeyword.groovy)
	at com.kms.katalon.core.webui.keyword.internal.WebUIKeywordMain.runKeyword(WebUIKeywordMain.groovy:35)
	... 20 more
)</message>
  <nestedLevel>1</nestedLevel>
  <escapedJava>false</escapedJava>
  <property name="failed.exception.class">com.kms.katalon.core.exception.StepFailedException</property>
  <property name="attachment">1754375590526.png</property>
  <property name="failed.exception.stacktrace">com.kms.katalon.core.exception.StepFailedException: No alert found
	at com.kms.katalon.core.webui.keyword.internal.WebUIKeywordMain.stepFailed(WebUIKeywordMain.groovy:118)
	at com.kms.katalon.core.webui.keyword.builtin.AcceptAlertKeyword$_acceptAlert_closure1.doCall(AcceptAlertKeyword.groovy:78)
	at com.kms.katalon.core.webui.keyword.builtin.AcceptAlertKeyword$_acceptAlert_closure1.call(AcceptAlertKeyword.groovy)
	at com.kms.katalon.core.webui.keyword.internal.WebUIKeywordMain.runKeyword(WebUIKeywordMain.groovy:35)
	at com.kms.katalon.core.webui.keyword.builtin.AcceptAlertKeyword.acceptAlert(AcceptAlertKeyword.groovy:80)
	at com.kms.katalon.core.webui.keyword.builtin.AcceptAlertKeyword.execute(AcceptAlertKeyword.groovy:66)
	at com.kms.katalon.core.keyword.internal.KeywordExecutor.executeKeywordForPlatform(KeywordExecutor.groovy:64)
	at com.kms.katalon.core.webui.keyword.WebUiBuiltInKeywords.acceptAlert(WebUiBuiltInKeywords.groovy:1598)
	at Indicator Current Date-1, 1 response interval and 1 reporting days.run(Indicator Current Date-1, 1 response interval and 1 reporting days:92)
	at com.kms.katalon.core.main.ScriptEngine.run(ScriptEngine.java:194)
	at com.kms.katalon.core.main.ScriptEngine.runScriptAsRawText(ScriptEngine.java:119)
	at com.kms.katalon.core.main.TestCaseExecutor.runScript(TestCaseExecutor.java:485)
	at com.kms.katalon.core.main.TestCaseExecutor.doExecute(TestCaseExecutor.java:476)
	at com.kms.katalon.core.main.TestCaseExecutor.processExecutionPhase(TestCaseExecutor.java:455)
	at com.kms.katalon.core.main.TestCaseExecutor.accessMainPhase(TestCaseExecutor.java:447)
	at com.kms.katalon.core.main.TestCaseExecutor.execute(TestCaseExecutor.java:321)
	at com.kms.katalon.core.common.CommonExecutor.accessTestCaseMainPhase(CommonExecutor.java:71)
	at com.kms.katalon.core.main.TestSuiteExecutor.accessTestSuiteMainPhase(TestSuiteExecutor.java:160)
	at com.kms.katalon.core.main.TestSuiteExecutor.execute(TestSuiteExecutor.java:107)
	at com.kms.katalon.core.main.TestCaseMain.startTestSuite(TestCaseMain.java:195)
	at TempTestSuite1754375272522.run(TempTestSuite1754375272522.groovy:35)
	at java.base/jdk.internal.reflect.NativeMethodAccessorImpl.invoke0(Native Method)
	at java.base/jdk.internal.reflect.NativeMethodAccessorImpl.invoke(NativeMethodAccessorImpl.java:77)
	at java.base/jdk.internal.reflect.DelegatingMethodAccessorImpl.invoke(DelegatingMethodAccessorImpl.java:43)
</property>
  <property name="failed.exception.message">No alert found</property>
</record>
<record>
  <date>2025-08-05T06:33:11.354114400Z</date>
  <millis>1754375591354</millis>
  <nanos>114400</nanos>
  <sequence>597</sequence>
  <level>END</level>
  <class>com.kms.katalon.core.logging.XmlKeywordLogger</class>
  <method>endKeyword</method>
  <thread>1</thread>
  <message>End action : acceptAlert()</message>
  <nestedLevel>1</nestedLevel>
  <escapedJava>false</escapedJava>
</record>
<record>
  <date>2025-08-05T06:33:11.356115100Z</date>
  <millis>1754375591356</millis>
  <nanos>115100</nanos>
  <sequence>600</sequence>
  <level>FAILED</level>
  <class>com.kms.katalon.core.logging.XmlKeywordLogger</class>
  <method>logMessage</method>
  <thread>1</thread>
  <message>Test Cases/Indicator Current Date-1, 1 response interval and 1 reporting days FAILED.
Reason:
com.kms.katalon.core.exception.StepFailedException: Unable to accept alert
	at com.kms.katalon.core.webui.keyword.internal.WebUIKeywordMain.stepFailed(WebUIKeywordMain.groovy:118)
	at com.kms.katalon.core.webui.keyword.internal.WebUIKeywordMain.runKeyword(WebUIKeywordMain.groovy:43)
	at com.kms.katalon.core.webui.keyword.builtin.AcceptAlertKeyword.acceptAlert(AcceptAlertKeyword.groovy:80)
	at com.kms.katalon.core.webui.keyword.builtin.AcceptAlertKeyword.execute(AcceptAlertKeyword.groovy:66)
	at com.kms.katalon.core.keyword.internal.KeywordExecutor.executeKeywordForPlatform(KeywordExecutor.groovy:64)
	at com.kms.katalon.core.webui.keyword.WebUiBuiltInKeywords.acceptAlert(WebUiBuiltInKeywords.groovy:1598)
	at Indicator Current Date-1, 1 response interval and 1 reporting days.run(Indicator Current Date-1, 1 response interval and 1 reporting days:92)
	at com.kms.katalon.core.main.ScriptEngine.run(ScriptEngine.java:194)
	at com.kms.katalon.core.main.ScriptEngine.runScriptAsRawText(ScriptEngine.java:119)
	at com.kms.katalon.core.main.TestCaseExecutor.runScript(TestCaseExecutor.java:485)
	at com.kms.katalon.core.main.TestCaseExecutor.doExecute(TestCaseExecutor.java:476)
	at com.kms.katalon.core.main.TestCaseExecutor.processExecutionPhase(TestCaseExecutor.java:455)
	at com.kms.katalon.core.main.TestCaseExecutor.accessMainPhase(TestCaseExecutor.java:447)
	at com.kms.katalon.core.main.TestCaseExecutor.execute(TestCaseExecutor.java:321)
	at com.kms.katalon.core.common.CommonExecutor.accessTestCaseMainPhase(CommonExecutor.java:71)
	at com.kms.katalon.core.main.TestSuiteExecutor.accessTestSuiteMainPhase(TestSuiteExecutor.java:160)
	at com.kms.katalon.core.main.TestSuiteExecutor.execute(TestSuiteExecutor.java:107)
	at com.kms.katalon.core.main.TestCaseMain.startTestSuite(TestCaseMain.java:195)
	at TempTestSuite1754375272522.run(TempTestSuite1754375272522.groovy:35)
	at java.base/jdk.internal.reflect.NativeMethodAccessorImpl.invoke0(Native Method)
	at java.base/jdk.internal.reflect.NativeMethodAccessorImpl.invoke(NativeMethodAccessorImpl.java:77)
	at java.base/jdk.internal.reflect.DelegatingMethodAccessorImpl.invoke(DelegatingMethodAccessorImpl.java:43)
Caused by: com.kms.katalon.core.exception.StepFailedException: No alert found
	at com.kms.katalon.core.webui.keyword.internal.WebUIKeywordMain.stepFailed(WebUIKeywordMain.groovy:118)
	at com.kms.katalon.core.webui.keyword.builtin.AcceptAlertKeyword$_acceptAlert_closure1.doCall(AcceptAlertKeyword.groovy:78)
	at com.kms.katalon.core.webui.keyword.builtin.AcceptAlertKeyword$_acceptAlert_closure1.call(AcceptAlertKeyword.groovy)
	at com.kms.katalon.core.webui.keyword.internal.WebUIKeywordMain.runKeyword(WebUIKeywordMain.groovy:35)
	... 20 more
</message>
  <exception>
    <message>com.kms.katalon.core.exception.StepFailedException: Unable to accept alert</message>
    <frame>
      <class>com.kms.katalon.core.logging.XmlKeywordLogger</class>
      <method>logMessage</method>
      <line>500</line>
    </frame>
    <frame>
      <class>com.kms.katalon.core.logging.KeywordLogger</class>
      <method>logMessage</method>
      <line>439</line>
    </frame>
    <frame>
      <class>com.kms.katalon.core.main.TestCaseExecutor</class>
      <method>logError</method>
      <line>593</line>
    </frame>
    <frame>
      <class>com.kms.katalon.core.main.TestCaseExecutor</class>
      <method>onExecutionError</method>
      <line>187</line>
    </frame>
    <frame>
      <class>com.kms.katalon.core.main.TestCaseExecutor</class>
      <method>processExecutionPhase</method>
      <line>465</line>
    </frame>
    <frame>
      <class>com.kms.katalon.core.main.TestCaseExecutor</class>
      <method>accessMainPhase</method>
      <line>447</line>
    </frame>
    <frame>
      <class>com.kms.katalon.core.main.TestCaseExecutor</class>
      <method>execute</method>
      <line>321</line>
    </frame>
    <frame>
      <class>com.kms.katalon.core.common.CommonExecutor</class>
      <method>accessTestCaseMainPhase</method>
      <line>71</line>
    </frame>
    <frame>
      <class>com.kms.katalon.core.main.TestSuiteExecutor</class>
      <method>accessTestSuiteMainPhase</method>
      <line>160</line>
    </frame>
    <frame>
      <class>com.kms.katalon.core.main.TestSuiteExecutor</class>
      <method>execute</method>
      <line>107</line>
    </frame>
    <frame>
      <class>com.kms.katalon.core.main.TestCaseMain</class>
      <method>startTestSuite</method>
      <line>195</line>
    </frame>
    <frame>
      <class>org.codehaus.groovy.vmplugin.v8.IndyInterface</class>
      <method>fromCache</method>
      <line>318</line>
    </frame>
    <frame>
      <class>TempTestSuite1754375272522</class>
      <method>run</method>
      <line>35</line>
    </frame>
    <frame>
      <class>groovy.lang.GroovyShell</class>
      <method>runScriptOrMainOrTestOrRunnable</method>
      <line>254</line>
    </frame>
    <frame>
      <class>groovy.lang.GroovyShell</class>
      <method>run</method>
      <line>360</line>
    </frame>
    <frame>
      <class>groovy.lang.GroovyShell</class>
      <method>run</method>
      <line>349</line>
    </frame>
    <frame>
      <class>groovy.ui.GroovyMain</class>
      <method>processOnce</method>
      <line>652</line>
    </frame>
    <frame>
      <class>groovy.ui.GroovyMain</class>
      <method>run</method>
      <line>398</line>
    </frame>
    <frame>
      <class>groovy.ui.GroovyMain</class>
      <method>access$1400</method>
      <line>68</line>
    </frame>
    <frame>
      <class>groovy.ui.GroovyMain$GroovyCommand</class>
      <method>process</method>
      <line>322</line>
    </frame>
    <frame>
      <class>groovy.ui.GroovyMain</class>
      <method>processArgs</method>
      <line>142</line>
    </frame>
    <frame>
      <class>groovy.ui.GroovyMain</class>
      <method>main</method>
      <line>115</line>
    </frame>
    <frame>
      <class>jdk.internal.reflect.NativeMethodAccessorImpl</class>
      <method>invoke0</method>
    </frame>
    <frame>
      <class>jdk.internal.reflect.NativeMethodAccessorImpl</class>
      <method>invoke</method>
      <line>77</line>
    </frame>
    <frame>
      <class>jdk.internal.reflect.DelegatingMethodAccessorImpl</class>
      <method>invoke</method>
      <line>43</line>
    </frame>
    <frame>
      <class>java.lang.reflect.Method</class>
      <method>invoke</method>
      <line>569</line>
    </frame>
    <frame>
      <class>org.codehaus.groovy.tools.GroovyStarter</class>
      <method>rootLoader</method>
      <line>117</line>
    </frame>
    <frame>
      <class>org.codehaus.groovy.tools.GroovyStarter</class>
      <method>main</method>
      <line>39</line>
    </frame>
  </exception>
  <nestedLevel>0</nestedLevel>
  <escapedJava>false</escapedJava>
  <property name="failed.exception.stacktrace">com.kms.katalon.core.exception.StepFailedException: No alert found
	at com.kms.katalon.core.webui.keyword.internal.WebUIKeywordMain.stepFailed(WebUIKeywordMain.groovy:118)
	at com.kms.katalon.core.webui.keyword.builtin.AcceptAlertKeyword$_acceptAlert_closure1.doCall(AcceptAlertKeyword.groovy:78)
	at com.kms.katalon.core.webui.keyword.builtin.AcceptAlertKeyword$_acceptAlert_closure1.call(AcceptAlertKeyword.groovy)
	at com.kms.katalon.core.webui.keyword.internal.WebUIKeywordMain.runKeyword(WebUIKeywordMain.groovy:35)
	at com.kms.katalon.core.webui.keyword.builtin.AcceptAlertKeyword.acceptAlert(AcceptAlertKeyword.groovy:80)
	at com.kms.katalon.core.webui.keyword.builtin.AcceptAlertKeyword.execute(AcceptAlertKeyword.groovy:66)
	at com.kms.katalon.core.keyword.internal.KeywordExecutor.executeKeywordForPlatform(KeywordExecutor.groovy:64)
	at com.kms.katalon.core.webui.keyword.WebUiBuiltInKeywords.acceptAlert(WebUiBuiltInKeywords.groovy:1598)
	at Indicator Current Date-1, 1 response interval and 1 reporting days.run(Indicator Current Date-1, 1 response interval and 1 reporting days:92)
	at com.kms.katalon.core.main.ScriptEngine.run(ScriptEngine.java:194)
	at com.kms.katalon.core.main.ScriptEngine.runScriptAsRawText(ScriptEngine.java:119)
	at com.kms.katalon.core.main.TestCaseExecutor.runScript(TestCaseExecutor.java:485)
	at com.kms.katalon.core.main.TestCaseExecutor.doExecute(TestCaseExecutor.java:476)
	at com.kms.katalon.core.main.TestCaseExecutor.processExecutionPhase(TestCaseExecutor.java:455)
	at com.kms.katalon.core.main.TestCaseExecutor.accessMainPhase(TestCaseExecutor.java:447)
	at com.kms.katalon.core.main.TestCaseExecutor.execute(TestCaseExecutor.java:321)
	at com.kms.katalon.core.common.CommonExecutor.accessTestCaseMainPhase(CommonExecutor.java:71)
	at com.kms.katalon.core.main.TestSuiteExecutor.accessTestSuiteMainPhase(TestSuiteExecutor.java:160)
	at com.kms.katalon.core.main.TestSuiteExecutor.execute(TestSuiteExecutor.java:107)
	at com.kms.katalon.core.main.TestCaseMain.startTestSuite(TestCaseMain.java:195)
	at TempTestSuite1754375272522.run(TempTestSuite1754375272522.groovy:35)
	at java.base/jdk.internal.reflect.NativeMethodAccessorImpl.invoke0(Native Method)
	at java.base/jdk.internal.reflect.NativeMethodAccessorImpl.invoke(NativeMethodAccessorImpl.java:77)
	at java.base/jdk.internal.reflect.DelegatingMethodAccessorImpl.invoke(DelegatingMethodAccessorImpl.java:43)
</property>
  <property name="failed.exception.class">com.kms.katalon.core.exception.StepFailedException</property>
  <property name="failed.exception.message">No alert found</property>
</record>
<record>
  <date>2025-08-05T06:33:11.361113100Z</date>
  <millis>1754375591361</millis>
  <nanos>113100</nanos>
  <sequence>602</sequence>
  <level>END</level>
  <class>com.kms.katalon.core.logging.XmlKeywordLogger</class>
  <method>endTest</method>
  <thread>1</thread>
  <message>End Test Case : Test Cases/Indicator Current Date-1, 1 response interval and 1 reporting days</message>
  <nestedLevel>0</nestedLevel>
  <escapedJava>false</escapedJava>
  <property name="executionBindingVariables">[]</property>
  <property name="applitools">false</property>
  <property name="keywordsUsage">{
  &quot;web_ui&quot;: true,
  &quot;web_service&quot;: false,
  &quot;cucumber&quot;: false,
  &quot;builtin&quot;: false,
  &quot;mobile&quot;: false,
  &quot;windows&quot;: false,
  &quot;testng&quot;: false
}</property>
</record>
<record>
  <date>2025-08-05T06:33:13.184646400Z</date>
  <millis>1754375593184</millis>
  <nanos>646400</nanos>
  <sequence>603</sequence>
  <level>END</level>
  <class>com.kms.katalon.core.logging.XmlKeywordLogger</class>
  <method>endSuite</method>
  <thread>1</thread>
  <message>End Test Suite : Test Suites/Indicator/Indicator reporting days</message>
  <nestedLevel>0</nestedLevel>
  <escapedJava>false</escapedJava>
</record>
</log>
